{
  "type": "FeatureCollection",
  "features": [
    {
      "type": "Feature",
      "geometry": {
        "type": "Polygon",
        "coordinates": [
          [
            [
              79.0366654318992,
              30.808928081167746
            ],
            [
              79.0366874441922,
              30.807845900007493
            ],
            [
              79.0342019983774,
              30.806725696811924
            ],
            [
              79.03426810873609,
              30.803479156447562
            ],
            [
              79.0330144241621,
              30.80346012979022
            ],
            [
              79.03305851983592,
              30.80129577019729
            ],
            [
              79.03055121038796,
              30.80125768379034
            ],
            [
              79.03057328449444,
              30.800175505328216
            ],
            [
              79.02931964559025,
              30.800156444767442
            ],
            [
              79.02943006834826,
              30.794745553600894
            ],
            [
              79.02694504340934,
              30.79362522709917
            ],
            [
              79.02707767239862,
              30.78713215986765
            ],
            [
              79.02582420536913,
              30.78711307275419
            ],
            [
              79.02586843350436,
              30.784948717080344
            ],
            [
              79.02461499570855,
              30.784929619491628
            ],
            [
              79.02463712199929,
              30.783847442178047
            ],
            [
              79.02338369941795,
              30.78382833329954
            ],
            [
              79.02342797644134,
              30.781663979720037
            ],
            [
              79.02217458309025,
              30.78164486036985
            ],
            [
              79.02219673382066,
              30.780562684104414
            ],
            [
              79.02472561519346,
              30.77951873097212
            ],
            [
              79.02481408924021,
              30.775190016643812
            ],
            [
              79.02356077877133,
              30.775170914297476
            ],
            [
              79.02358290830229,
              30.774088736044003
            ],
            [
              79.02483620476052,
              30.774107837573904
            ],
            [
              79.02494676441668,
              30.768696939297538
            ],
            [
              79.02619999202918,
              30.76871602464683
            ],
            [
              79.02626627145233,
              30.765469480892342
            ],
            [
              79.02501308585605,
              30.76545039799044
            ],
            [
              79.02503519061044,
              30.764368217164566
            ],
            [
              79.02252885101423,
              30.764330016702587
            ],
            [
              79.02259524211583,
              30.76108347795348
            ],
            [
              79.02134211612014,
              30.76106436202954
            ],
            [
              79.0213642580934,
              30.75998218287352
            ],
            [
              79.01764929364869,
              30.757760410999335
            ],
            [
              79.01780453106983,
              30.750185165894358
            ],
            [
              79.01905751349787,
              30.750204309915798
            ],
            [
              79.019101828263,
              30.748039950778068
            ],
            [
              79.02035478390475,
              30.74805908107366
            ],
            [
              79.02037692549746,
              30.746976900394056
            ],
            [
              79.02417995328193,
              30.74486984945109
            ],
            [
              79.02422414414754,
              30.742705481824576
            ],
            [
              79.02672992629962,
              30.74274362546
            ],
            [
              79.02675199196307,
              30.741661439722925
            ],
            [
              79.02925775091524,
              30.741699533383933
            ],
            [
              79.02930182271234,
              30.739535158066527
            ],
            [
              79.03433522118965,
              30.73852900265042
            ],
            [
              79.03435719816635,
              30.737446811252422
            ],
            [
              79.03688480733628,
              30.736402560174657
            ],
            [
              79.03692869940961,
              30.73423817315886
            ],
            [
              79.04193986855137,
              30.73431390270759
            ],
            [
              79.04198364401715,
              30.7321495084341
            ],
            [
              79.04451103776286,
              30.73110509843434
            ],
            [
              79.04585115766186,
              30.726795172669522
            ],
            [
              79.05211467413481,
              30.726889353296873
            ],
            [
              79.0520929047425,
              30.727971557957456
            ],
            [
              79.06712563201239,
              30.728196368976466
            ],
            [
              79.06714723365818,
              30.727114154698423
            ],
            [
              79.07090539989366,
              30.72717008325515
            ],
            [
              79.07088384018573,
              30.72825229992593
            ],
            [
              79.08090577993332,
              30.728400917580707
            ],
            [
              79.08092722780455,
              30.72731869455199
            ],
            [
              79.08217996152466,
              30.727337216603267
            ],
            [
              79.08215852763325,
              30.7284194404244
            ],
            [
              79.08591677769024,
              30.728474936470352
            ],
            [
              79.08589538458088,
              30.729557162471558
            ],
            [
              79.09090645678559,
              30.72963099122437
            ],
            [
              79.09088511844496,
              30.730713220189912
            ],
            [
              79.09339068944269,
              30.730750063652852
            ],
            [
              79.09198860053715,
              30.73830725080701
            ],
            [
              79.093241484507,
              30.73832567201248
            ],
            [
              79.09322016490178,
              30.73940790100208
            ],
            [
              79.09447306401327,
              30.739426310909142
            ],
            [
              79.09443044931959,
              30.741590769881153
            ],
            [
              79.09568337756232,
              30.741609169275687
            ],
            [
              79.09559819030264,
              30.745938088039377
            ],
            [
              79.09685117566349,
              30.745956478492307
            ],
            [
              79.09682988996059,
              30.747038708484695
            ],
            [
              79.09933589212383,
              30.74707545469327
            ],
            [
              79.09920832166796,
              30.753568840002814
            ],
            [
              79.09795523603427,
              30.75355046823037
            ],
            [
              79.09793395626582,
              30.754632697650717
            ],
            [
              79.09413201729055,
              30.75674196095298
            ],
            [
              79.09408936568508,
              30.75890641371534
            ],
            [
              79.09283621466152,
              30.75888798963174
            ],
            [
              79.09154035256071,
              30.76103400228638
            ],
            [
              79.0890340002801,
              30.76099709048486
            ],
            [
              79.08901261442335,
              30.762079313032473
            ],
            [
              79.08648482374149,
              30.76312457203761
            ],
            [
              79.08644199022011,
              30.76528901300132
            ],
            [
              79.087695219486,
              30.76530750230507
            ],
            [
              79.08750253735741,
              30.77504748414172
            ],
            [
              79.08998786464645,
              30.77616666148109
            ],
            [
              79.08994508739391,
              30.778331102523506
            ],
            [
              79.08618489173413,
              30.778275642467516
            ],
            [
              79.08616345932492,
              30.779357860327003
            ],
            [
              79.084910049074,
              30.779339348640935
            ],
            [
              79.08486715274339,
              30.78150378219468
            ],
            [
              79.08361371561939,
              30.781485256819963
            ],
            [
              79.08231732261159,
              30.783631148947524
            ],
            [
              79.0798103981002,
              30.783594034494943
            ],
            [
              79.07976738032873,
              30.78575846015379
            ],
            [
              79.07473186640568,
              30.78676628896543
            ],
            [
              79.07468872947854,
              30.788930707100516
            ],
            [
              79.07343520352741,
              30.788912079305582
            ],
            [
              79.07341361929089,
              30.78999428728542
            ],
            [
              79.07216008048472,
              30.789975646584455
            ],
            [
              79.07213848105714,
              30.791057853573257
            ],
            [
              79.06833454307505,
              30.79316626502627
            ],
            [
              79.06829125188439,
              30.79533067285647
            ],
            [
              79.06703764763293,
              30.795311979722538
            ],
            [
              79.0669943237037,
              30.797476385176978
            ],
            [
              79.06574069256936,
              30.797457678332197
            ],
            [
              79.06571901481858,
              30.798539879968253
            ],
            [
              79.06321172801177,
              30.798502428338413
            ],
            [
              79.06319002103011,
              30.799584628179765
            ],
            [
              79.05942905754102,
              30.799528357477122
            ],
            [
              79.05940730729596,
              30.800610554719796
            ],
            [
              79.0556463123066,
              30.800554172580068
            ],
            [
              79.05562451879399,
              30.801636367219277
            ],
            [
              79.05058796837962,
              30.80264320943446
            ],
            [
              79.0505661163826,
              30.80372540046506
            ],
            [
              79.04931241637337,
              30.803706531312763
            ],
            [
              79.04673933052383,
              30.806915321323316
            ],
            [
              79.0442318545946,
              30.806877493359643
            ],
            [
              79.04420992769698,
              30.807959679574953
            ],
            [
              79.04170242844317,
              30.807921801523733
            ],
            [
              79.04168047228953,
              30.809003985926108
            ],
            [
              79.0366654318992,
              30.808928081167746
            ]
          ]
        ]
      },
      "properties": {
        "id": "kedarnath",
        "name": "Kedarnath incremental catchment",
        "area_km2": 47.693,
        "status": "REPLAY",
        "geometry_origin": "Copernicus GLO-30; resampled 120m; priority-flood/D8; provisional"
      }
    },
    {
      "type": "Feature",
      "geometry": {
        "type": "Polygon",
        "coordinates": [
          [
            [
              79.09088511844496,
              30.730713220189912
            ],
            [
              79.09090645678559,
              30.72963099122437
            ],
            [
              79.08589538458088,
              30.729557162471558
            ],
            [
              79.08591677769024,
              30.728474936470352
            ],
            [
              79.08215852763325,
              30.7284194404244
            ],
            [
              79.08217996152466,
              30.727337216603267
            ],
            [
              79.08092722780455,
              30.72731869455199
            ],
            [
              79.08090577993332,
              30.728400917580707
            ],
            [
              79.07088384018573,
              30.72825229992593
            ],
            [
              79.07090539989366,
              30.72717008325515
            ],
            [
              79.06714723365818,
              30.727114154698423
            ],
            [
              79.06712563201239,
              30.728196368976466
            ],
            [
              79.0520929047425,
              30.727971557957456
            ],
            [
              79.05211467413481,
              30.726889353296873
            ],
            [
              79.04835656071064,
              30.726832881158217
            ],
            [
              79.04840017982501,
              30.724668476085185
            ],
            [
              79.0471475056645,
              30.724649629493108
            ],
            [
              79.04725660266944,
              30.719238617436552
            ],
            [
              79.04600399956259,
              30.71921976280026
            ],
            [
              79.04609131179707,
              30.714890952879205
            ],
            [
              79.04483876575604,
              30.714872089396277
            ],
            [
              79.04239927470827,
              30.71158772399528
            ],
            [
              79.03989427471674,
              30.711549917369567
            ],
            [
              79.03991616611248,
              30.71046771785989
            ],
            [
              79.03866368186033,
              30.710448797249136
            ],
            [
              79.03875129145433,
              30.706120000502548
            ],
            [
              79.03749886424657,
              30.706101071061354
            ],
            [
              79.03754268985593,
              30.703936673140344
            ],
            [
              79.03629029175907,
              30.70391773325139
            ],
            [
              79.03631221674591,
              30.7028355348095
            ],
            [
              79.03505983379704,
              30.702816583663687
            ],
            [
              79.0351037081307,
              30.700652187818083
            ],
            [
              79.03385135428934,
              30.700633226228103
            ],
            [
              79.03393914453957,
              30.69630443544699
            ],
            [
              79.03268684771706,
              30.69628546503898
            ],
            [
              79.0327088062655,
              30.69520326766902
            ],
            [
              79.0314565245874,
              30.695184286009315
            ],
            [
              79.03150046602775,
              30.693019892310357
            ],
            [
              79.0302482134481,
              30.693000900213065
            ],
            [
              79.03033613786738,
              30.688672113730657
            ],
            [
              79.02908394228669,
              30.68865311282478
            ],
            [
              79.02912792525733,
              30.68648872004221
            ],
            [
              79.02787575876701,
              30.686469708703772
            ],
            [
              79.02789776241545,
              30.685387512834357
            ],
            [
              79.02539346090653,
              30.685349455608605
            ],
            [
              79.02541549125974,
              30.684267261173876
            ],
            [
              79.02416335624171,
              30.684248215288175
            ],
            [
              79.02420744126388,
              30.682083827465355
            ],
            [
              79.02295533533255,
              30.6820647711533
            ],
            [
              79.02308764542542,
              30.675571607905866
            ],
            [
              79.02183562434972,
              30.675552544435067
            ],
            [
              79.0218797460454,
              30.67338815676047
            ],
            [
              79.02062775404518,
              30.67336908286931
            ],
            [
              79.02067189884175,
              30.671204696049287
            ],
            [
              79.0194199359145,
              30.671185611739787
            ],
            [
              79.01948618595877,
              30.667939032500815
            ],
            [
              79.0182342660383,
              30.667919938592796
            ],
            [
              79.0182563609308,
              30.66683774594134
            ],
            [
              79.01575255255031,
              30.66679952361139
            ],
            [
              79.01454491995837,
              30.66461601339714
            ],
            [
              79.01204117450307,
              30.664577722049035
            ],
            [
              79.01206333547255,
              30.663495532909554
            ],
            [
              79.01081147847728,
              30.663476369983403
            ],
            [
              79.01085582468042,
              30.66131199276142
            ],
            [
              79.00837436918123,
              30.660191446791
            ],
            [
              79.00841876389958,
              30.65802707168579
            ],
            [
              79.00593742103743,
              30.656906483523255
            ],
            [
              79.00732242130306,
              30.65043256347522
            ],
            [
              79.01232917353624,
              30.650509248037306
            ],
            [
              79.01230702696094,
              30.6515914395149
            ],
            [
              79.01481043812342,
              30.651629711184366
            ],
            [
              79.01483255685076,
              30.650547518067114
            ],
            [
              79.02109103608272,
              30.65064298240626
            ],
            [
              79.02111308399537,
              30.649560785004187
            ],
            [
              79.02236476950284,
              30.64957984092917
            ],
            [
              79.02240883390185,
              30.64741544390812
            ],
            [
              79.02620779014515,
              30.645308131848385
            ],
            [
              79.02627374536709,
              30.642061526351128
            ],
            [
              79.02752533819682,
              30.64208052840875
            ],
            [
              79.0275473069721,
              30.640998325372905
            ],
            [
              79.03134590132387,
              30.638890845341866
            ],
            [
              79.03143358803977,
              30.634562019938873
            ],
            [
              79.03894260686134,
              30.63467552873203
            ],
            [
              79.03896444209543,
              30.6335933170304
            ],
            [
              79.04021593546248,
              30.633612192231286
            ],
            [
              79.04019411414146,
              30.63469440474189
            ],
            [
              79.04269713224622,
              30.634732120656416
            ],
            [
              79.0426753375712,
              30.6358143345891
            ],
            [
              79.04392686230831,
              30.635833175301112
            ],
            [
              79.04636464945311,
              30.639117468512833
            ],
            [
              79.05011936304606,
              30.639173853468577
            ],
            [
              79.05132753146829,
              30.641357061779075
            ],
            [
              79.05383073776535,
              30.641394570702065
            ],
            [
              79.05380906127604,
              30.642476790718142
            ],
            [
              79.05629065028269,
              30.6435964745193
            ],
            [
              79.05624734711809,
              30.645760916791254
            ],
            [
              79.05749901005395,
              30.645779632325194
            ],
            [
              79.0574340882816,
              30.649026296682724
            ],
            [
              79.05868579415794,
              30.649045002580248
            ],
            [
              79.0586641651478,
              30.650127224445917
            ],
            [
              79.0623761535943,
              30.65234772023727
            ],
            [
              79.06231137785593,
              30.655594390709023
            ],
            [
              79.06356317197155,
              30.655613053233676
            ],
            [
              79.063412085176,
              30.66318861647017
            ],
            [
              79.0621601935405,
              30.66316994834845
            ],
            [
              79.06211698749605,
              30.66533439164092
            ],
            [
              79.06086506916066,
              30.665315709869677
            ],
            [
              79.06082183056476,
              30.667480150785064
            ],
            [
              79.06207377677268,
              30.66749883415672
            ],
            [
              79.06198734128748,
              30.671827716858143
            ],
            [
              79.06323934441951,
              30.671846391377542
            ],
            [
              79.0631961475385,
              30.6740108331627
            ],
            [
              79.06444817972162,
              30.674029497227313
            ],
            [
              79.06561391682347,
              30.678377036870135
            ],
            [
              79.06809654948398,
              30.67949653413036
            ],
            [
              79.06805344779936,
              30.681660979585764
            ],
            [
              79.06930558226409,
              30.68167960101352
            ],
            [
              79.06926250380818,
              30.68384404728709
            ],
            [
              79.07051466733482,
              30.68386265825037
            ],
            [
              79.07045008275438,
              30.68710932859534
            ],
            [
              79.07170228929606,
              30.68712792988851
            ],
            [
              79.07165925498508,
              30.68929237740734
            ],
            [
              79.07291149059522,
              30.689310968231478
            ],
            [
              79.07288998564539,
              30.690393192495637
            ],
            [
              79.07537301005695,
              30.691512565208846
            ],
            [
              79.07533005015587,
              30.693677015947404
            ],
            [
              79.07781318737008,
              30.69479634618166
            ],
            [
              79.07770590103613,
              30.700207476603286
            ],
            [
              79.08021066417608,
              30.700244541432962
            ],
            [
              79.08016779735604,
              30.702408995416146
            ],
            [
              79.08142020858914,
              30.702427511315033
            ],
            [
              79.08135594154655,
              30.70567419321199
            ],
            [
              79.08260839582876,
              30.705692699418584
            ],
            [
              79.0825869851267,
              30.706774927121515
            ],
            [
              79.08507054116679,
              30.707894133998828
            ],
            [
              79.08502776983443,
              30.710058591599815
            ],
            [
              79.08753279823269,
              30.71009552584505
            ],
            [
              79.08749007814313,
              30.712259985831295
            ],
            [
              79.08997383319945,
              30.713379106225705
            ],
            [
              79.0898458059081,
              30.719872489836895
            ],
            [
              79.09109844989192,
              30.719890921804026
            ],
            [
              79.09105579283873,
              30.72205538303319
            ],
            [
              79.09230846592756,
              30.722073804499693
            ],
            [
              79.09097046487892,
              30.726384303163613
            ],
            [
              79.0922231938782,
              30.726402727783
            ],
            [
              79.09218055093046,
              30.728567188260733
            ],
            [
              79.09343330904349,
              30.728585602375517
            ],
            [
              79.09339068944269,
              30.730750063652852
            ],
            [
              79.09088511844496,
              30.730713220189912
            ]
          ]
        ]
      },
      "properties": {
        "id": "gaurikund",
        "name": "Gaurikund incremental catchment",
        "area_km2": 42.264,
        "status": "REPLAY",
        "geometry_origin": "Copernicus GLO-30; resampled 120m; priority-flood/D8; provisional"
      }
    },
    {
      "type": "Feature",
      "geometry": {
        "type": "Polygon",
        "coordinates": [
          [
            [
              79.00276883573018,
              30.74995449465788
            ],
            [
              79.0027911756164,
              30.74887232586886
            ],
            [
              79.00028527126581,
              30.74883371306416
            ],
            [
              79.00030763792616,
              30.747751545730935
            ],
            [
              79.00156057550525,
              30.747770857351753
            ],
            [
              79.00162762625541,
              30.744524351702463
            ],
            [
              78.99663845486593,
              30.743364876975743
            ],
            [
              78.99670565894642,
              30.74011837890034
            ],
            [
              78.99545282412998,
              30.740099024722465
            ],
            [
              78.99552005925474,
              30.73685252737169
            ],
            [
              78.99426726760417,
              30.736833163594323
            ],
            [
              78.99428969086979,
              30.735750998248133
            ],
            [
              78.99554246853755,
              30.73577036119729
            ],
            [
              78.99558728346533,
              30.733606028262308
            ],
            [
              78.99433453376095,
              30.733586666969522
            ],
            [
              78.9917616879441,
              30.736794399791695
            ],
            [
              78.98800332756805,
              30.73673616346863
            ],
            [
              78.98798083317192,
              30.737818324470496
            ],
            [
              78.97921127038441,
              30.737682011003063
            ],
            [
              78.97927904354981,
              30.734435544901046
            ],
            [
              78.97802629569638,
              30.734416025722343
            ],
            [
              78.97807149965494,
              30.732251715679283
            ],
            [
              78.97431334731714,
              30.73219309067239
            ],
            [
              78.97433598939867,
              30.731110937865072
            ],
            [
              78.9693251926878,
              30.73103260542137
            ],
            [
              78.96930249469125,
              30.73211475487791
            ],
            [
              78.9655443681167,
              30.73205587619454
            ],
            [
              78.96297064549208,
              30.735262997934992
            ],
            [
              78.95921241156985,
              30.735203930478846
            ],
            [
              78.95923522509699,
              30.73412178833638
            ],
            [
              78.95422431974258,
              30.734042865970697
            ],
            [
              78.95424718795353,
              30.732960727008017
            ],
            [
              78.95174177065722,
              30.732921195034294
            ],
            [
              78.95181045173288,
              30.729674782043016
            ],
            [
              78.94932804242585,
              30.728553070466493
            ],
            [
              78.94937387703867,
              30.726388797152524
            ],
            [
              78.94812125658814,
              30.72636899397022
            ],
            [
              78.94816711418747,
              30.7242047215664
            ],
            [
              78.94691452292479,
              30.72418490800298
            ],
            [
              78.94570784142763,
              30.72200081256769
            ],
            [
              78.94320272100023,
              30.72196112845977
            ],
            [
              78.94322570134032,
              30.720878994965208
            ],
            [
              78.92944778174822,
              30.720659878448956
            ],
            [
              78.92947091450984,
              30.719577754132736
            ],
            [
              78.92696588240436,
              30.719537759523625
            ],
            [
              78.92701220004423,
              30.717373513724507
            ],
            [
              78.92330114152085,
              30.715149194963626
            ],
            [
              78.92337072674313,
              30.71190283132536
            ],
            [
              78.92211831409605,
              30.711882785698997
            ],
            [
              78.92216472589294,
              30.709718544007146
            ],
            [
              78.92091234242676,
              30.70969848802844
            ],
            [
              78.92098199258481,
              30.706452126592502
            ],
            [
              78.91972965225673,
              30.706432061122214
            ],
            [
              78.9197528804221,
              30.705349941109493
            ],
            [
              78.91850055531016,
              30.705329864432233
            ],
            [
              78.91854703578507,
              30.70316562553598
            ],
            [
              78.91729473984653,
              30.70314553851249
            ],
            [
              78.91745747957168,
              30.695570702206453
            ],
            [
              78.91620528257168,
              30.695550609139296
            ],
            [
              78.9162285400221,
              30.694468489741467
            ],
            [
              78.91497635823222,
              30.694448385473983
            ],
            [
              78.91499962837425,
              30.693366266740306
            ],
            [
              78.91128975261692,
              30.691141651273462
            ],
            [
              78.91131306082478,
              30.690059534535123
            ],
            [
              78.91256518303705,
              30.690079671535223
            ],
            [
              78.91263505825164,
              30.68683331755545
            ],
            [
              78.91138297787889,
              30.686813183141368
            ],
            [
              78.91142958294098,
              30.68464894789663
            ],
            [
              78.91268163542449,
              30.684669080586804
            ],
            [
              78.91275149172967,
              30.681422723660734
            ],
            [
              78.91149948107437,
              30.68140259355629
            ],
            [
              78.91156936785742,
              30.67815623744815
            ],
            [
              78.9128213366913,
              30.678176364967047
            ],
            [
              78.91286789369785,
              30.676012124855983
            ],
            [
              78.91038731753333,
              30.67488974258795
            ],
            [
              78.91048052287029,
              30.67056126611976
            ],
            [
              78.90922865411527,
              30.6705411205355
            ],
            [
              78.90941511569731,
              30.66188416507378
            ],
            [
              78.90816335965141,
              30.66186401434606
            ],
            [
              78.90823330370687,
              30.658617655396824
            ],
            [
              78.90698159070337,
              30.658597495215215
            ],
            [
              78.90702824161227,
              30.656433256660883
            ],
            [
              78.90577655772117,
              30.65641308616436
            ],
            [
              78.90586990007561,
              30.652084610155057
            ],
            [
              78.90712152827679,
              30.65210477719562
            ],
            [
              78.90733134941674,
              30.642365686911706
            ],
            [
              78.9085828536217,
              30.642385834142207
            ],
            [
              78.90867601899475,
              30.638057341014
            ],
            [
              78.9074245704408,
              30.638037197236418
            ],
            [
              78.90744787254212,
              30.636955074326814
            ],
            [
              78.9086993071852,
              30.636975217241222
            ],
            [
              78.90874587978313,
              30.634810969106812
            ],
            [
              78.90749447295954,
              30.634790827918714
            ],
            [
              78.90751777127575,
              30.63370870442022
            ],
            [
              78.90876916419073,
              30.63372884474519
            ],
            [
              78.90883900984878,
              30.630482470482757
            ],
            [
              78.91259307099065,
              30.63054281151175
            ],
            [
              78.91773757677426,
              30.624130307816664
            ],
            [
              78.9214914140345,
              30.624190380767736
            ],
            [
              78.92151454682227,
              30.623108245842605
            ],
            [
              78.92531453206566,
              30.621003932401734
            ],
            [
              78.9254068738887,
              30.616675378892698
            ],
            [
              78.92665806193831,
              30.616695337084867
            ],
            [
              78.92668113037197,
              30.61561319736213
            ],
            [
              78.92920652181749,
              30.6145709343378
            ],
            [
              78.92925259685907,
              30.612406650493597
            ],
            [
              78.93050373307177,
              30.612426569198878
            ],
            [
              78.93066485917883,
              30.6048515635969
            ],
            [
              78.93191589939714,
              30.604871464306708
            ],
            [
              78.93448689392649,
              30.60166478808719
            ],
            [
              78.93698889974813,
              30.60170450027091
            ],
            [
              78.9370118396056,
              30.60062235098149
            ],
            [
              78.93951382262412,
              30.600662013397574
            ],
            [
              78.93953673346724,
              30.599579862211588
            ],
            [
              78.94078771295237,
              30.599599674545615
            ],
            [
              78.94083350314612,
              30.59743536988738
            ],
            [
              78.94208445610155,
              30.597455168507395
            ],
            [
              78.94217596607798,
              30.593126553447046
            ],
            [
              78.94342686474178,
              30.593146336658116
            ],
            [
              78.94476914375682,
              30.588837482880685
            ],
            [
              78.94979531982723,
              30.587834273879277
            ],
            [
              78.94984088846932,
              30.585669953054296
            ],
            [
              78.95109169739924,
              30.585689658270613
            ],
            [
              78.95113723335346,
              30.583525334973253
            ],
            [
              78.95238801576554,
              30.583545026490633
            ],
            [
              78.95241076801814,
              30.582462863704077
            ],
            [
              78.96614670348247,
              30.58376084061542
            ],
            [
              78.96610150055082,
              30.585925184118825
            ],
            [
              78.96735232545676,
              30.58594473320929
            ],
            [
              78.96732973603177,
              30.587026905506775
            ],
            [
              78.97103716047206,
              30.58924983226576
            ],
            [
              78.97096950243633,
              30.59249635435436
            ],
            [
              78.97222041550967,
              30.592515860424193
            ],
            [
              78.97217533180893,
              30.59468020918069
            ],
            [
              78.97342627386847,
              30.594699704909583
            ],
            [
              78.9734037440702,
              30.595781879831247
            ],
            [
              78.97465470123387,
              30.595801364381494
            ],
            [
              78.97467721714838,
              30.594719188624172
            ],
            [
              78.9771791073663,
              30.594758120010287
            ],
            [
              78.97715661921953,
              30.595840297437377
            ],
            [
              78.97840758003998,
              30.59585974594293
            ],
            [
              78.9808421585525,
              30.59914514552237
            ],
            [
              78.98582379454092,
              30.600304915730597
            ],
            [
              78.988258734121,
              30.603590190394794
            ],
            [
              78.9907608732569,
              30.603628870727974
            ],
            [
              78.99196728101032,
              30.60581256435758
            ],
            [
              78.99446948296989,
              30.605851175887942
            ],
            [
              78.99444717712461,
              30.60693336299702
            ],
            [
              78.99692713243395,
              30.60805411666826
            ],
            [
              78.99686028739092,
              30.611300681202607
            ],
            [
              78.99811146206672,
              30.611319949027575
            ],
            [
              78.99806692046315,
              30.61348432606171
            ],
            [
              78.99931812413824,
              30.613503583515097
            ],
            [
              78.99929586542474,
              30.614585772565533
            ],
            [
              79.0005470842031,
              30.61460501882014
            ],
            [
              79.00052483818251,
              30.61568720850088
            ],
            [
              79.00177607206427,
              30.61570644355565
            ],
            [
              79.00175383873808,
              30.616788633866204
            ],
            [
              79.00300508772335,
              30.616807857720104
            ],
            [
              79.00298286709307,
              30.617890048659994
            ],
            [
              79.00669230150419,
              30.620112036771687
            ],
            [
              79.00660356416135,
              30.624440806903003
            ],
            [
              79.00535221425025,
              30.624421613367264
            ],
            [
              79.00528560690785,
              30.627668186452148
            ],
            [
              79.00278282725614,
              30.627629758351627
            ],
            [
              79.00269388936022,
              30.63195851314843
            ],
            [
              79.01270548189139,
              30.632111963115104
            ],
            [
              79.01527467996607,
              30.628903614824456
            ],
            [
              79.02153176757213,
              30.62899899738002
            ],
            [
              79.0239686151327,
              30.632283673791765
            ],
            [
              79.02647154675587,
              30.63232169935244
            ],
            [
              79.02644957358423,
              30.633403903130517
            ],
            [
              79.03143358803977,
              30.634562019938873
            ],
            [
              79.03134590132387,
              30.638890845341866
            ],
            [
              79.03009434667895,
              30.638871881837204
            ],
            [
              79.03007240811556,
              30.639954086889063
            ],
            [
              79.02627374536709,
              30.642061526351128
            ],
            [
              79.02620779014515,
              30.645308131848385
            ],
            [
              79.02240883390185,
              30.64741544390812
            ],
            [
              79.02236476950284,
              30.64957984092917
            ],
            [
              79.02111308399537,
              30.649560785004187
            ],
            [
              79.02109103608272,
              30.65064298240626
            ],
            [
              79.01483255685076,
              30.650547518067114
            ],
            [
              79.01481043812342,
              30.651629711184366
            ],
            [
              79.01230702696094,
              30.6515914395149
            ],
            [
              79.01232917353624,
              30.650509248037306
            ],
            [
              79.00732242130306,
              30.65043256347522
            ],
            [
              79.00593742103743,
              30.656906483523255
            ],
            [
              79.00841876389958,
              30.65802707168579
            ],
            [
              79.00837436918123,
              30.660191446791
            ],
            [
              79.01085582468042,
              30.66131199276142
            ],
            [
              79.01081147847728,
              30.663476369983403
            ],
            [
              79.01206333547255,
              30.663495532909554
            ],
            [
              79.01204117450307,
              30.664577722049035
            ],
            [
              79.01454491995837,
              30.66461601339714
            ],
            [
              79.01575255255031,
              30.66679952361139
            ],
            [
              79.0182563609308,
              30.66683774594134
            ],
            [
              79.0182342660383,
              30.667919938592796
            ],
            [
              79.01948618595877,
              30.667939032500815
            ],
            [
              79.0194199359145,
              30.671185611739787
            ],
            [
              79.02067189884175,
              30.671204696049287
            ],
            [
              79.02062775404518,
              30.67336908286931
            ],
            [
              79.0218797460454,
              30.67338815676047
            ],
            [
              79.02183562434972,
              30.675552544435067
            ],
            [
              79.02308764542542,
              30.675571607905866
            ],
            [
              79.02295533533255,
              30.6820647711533
            ],
            [
              79.02420744126388,
              30.682083827465355
            ],
            [
              79.02416335624171,
              30.684248215288175
            ],
            [
              79.02541549125974,
              30.684267261173876
            ],
            [
              79.02539346090653,
              30.685349455608605
            ],
            [
              79.02789776241545,
              30.685387512834357
            ],
            [
              79.02787575876701,
              30.686469708703772
            ],
            [
              79.02912792525733,
              30.68648872004221
            ],
            [
              79.02908394228669,
              30.68865311282478
            ],
            [
              79.03033613786738,
              30.688672113730657
            ],
            [
              79.0302482134481,
              30.693000900213065
            ],
            [
              79.03150046602775,
              30.693019892310357
            ],
            [
              79.0314565245874,
              30.695184286009315
            ],
            [
              79.03393914453957,
              30.69630443544699
            ],
            [
              79.03385135428934,
              30.700633226228103
            ],
            [
              79.0351037081307,
              30.700652187818083
            ],
            [
              79.03505983379704,
              30.702816583663687
            ],
            [
              79.03631221674591,
              30.7028355348095
            ],
            [
              79.03629029175907,
              30.70391773325139
            ],
            [
              79.03754268985593,
              30.703936673140344
            ],
            [
              79.03749886424657,
              30.706101071061354
            ],
            [
              79.03875129145433,
              30.706120000502548
            ],
            [
              79.03866368186033,
              30.710448797249136
            ],
            [
              79.03991616611248,
              30.71046771785989
            ],
            [
              79.03989427471674,
              30.711549917369567
            ],
            [
              79.04239927470827,
              30.71158772399528
            ],
            [
              79.0423774100626,
              30.712669924928214
            ],
            [
              79.04609131179707,
              30.714890952879205
            ],
            [
              79.04600399956259,
              30.71921976280026
            ],
            [
              79.04725660266944,
              30.719238617436552
            ],
            [
              79.0471475056645,
              30.724649629493108
            ],
            [
              79.04840017982501,
              30.724668476085185
            ],
            [
              79.04835656071064,
              30.726832881158217
            ],
            [
              79.04585115766186,
              30.726795172669522
            ],
            [
              79.04580747791111,
              30.72895957373763
            ],
            [
              79.04455475020193,
              30.72894069975972
            ],
            [
              79.04451103776286,
              30.73110509843434
            ],
            [
              79.04198364401715,
              30.7321495084341
            ],
            [
              79.04193986855137,
              30.73431390270759
            ],
            [
              79.03692869940961,
              30.73423817315886
            ],
            [
              79.03688480733628,
              30.736402560174657
            ],
            [
              79.03563199005082,
              30.736383595958863
            ],
            [
              79.03433522118965,
              30.73852900265042
            ],
            [
              79.03182953662433,
              30.73849101055171
            ],
            [
              79.03180753048625,
              30.739573200129858
            ],
            [
              79.02930182271234,
              30.739535158066527
            ],
            [
              79.02925775091524,
              30.741699533383933
            ],
            [
              79.02422414414754,
              30.742705481824576
            ],
            [
              79.02417995328193,
              30.74486984945109
            ],
            [
              79.02292703602085,
              30.74485075787113
            ],
            [
              79.02290492480437,
              30.74593294057539
            ],
            [
              79.019101828263,
              30.748039950778068
            ],
            [
              79.01905751349787,
              30.750204309915798
            ],
            [
              79.01655154984154,
              30.750166009783293
            ],
            [
              79.01657373580944,
              30.749083831949733
            ],
            [
              79.0140678049408,
              30.749045485098694
            ],
            [
              79.01409001769238,
              30.747963308709764
            ],
            [
              79.01283706805262,
              30.747944117971407
            ],
            [
              79.01281484130904,
              30.749026293539668
            ],
            [
              79.0090559576331,
              30.748968646329086
            ],
            [
              79.00903368770891,
              30.750050819237025
            ],
            [
              79.00276883573018,
              30.74995449465788
            ]
          ]
        ]
      },
      "properties": {
        "id": "sonprayag",
        "name": "Sonprayag incremental catchment",
        "area_km2": 156.442,
        "status": "REPLAY",
        "geometry_origin": "Copernicus GLO-30; resampled 120m; priority-flood/D8; provisional"
      }
    },
    {
      "type": "Feature",
      "geometry": {
        "type": "Polygon",
        "coordinates": [
          [
            [
              79.08996647659876,
              30.777248882099396
            ],
            [
              79.08998786464645,
              30.77616666148109
            ],
            [
              79.08750253735741,
              30.77504748414172
            ],
            [
              79.087695219486,
              30.76530750230507
            ],
            [
              79.08644199022011,
              30.76528901300132
            ],
            [
              79.08648482374149,
              30.76312457203761
            ],
            [
              79.08773802499648,
              30.763143059760534
            ],
            [
              79.0890340002801,
              30.76099709048486
            ],
            [
              79.09154035256071,
              30.76103400228638
            ],
            [
              79.09156170925448,
              30.7599517779665
            ],
            [
              79.09408936568508,
              30.75890641371534
            ],
            [
              79.09413201729055,
              30.75674196095298
            ],
            [
              79.09538514146564,
              30.756760371366482
            ],
            [
              79.09540645153746,
              30.755678143906994
            ],
            [
              79.09920832166796,
              30.753568840002814
            ],
            [
              79.09933589212383,
              30.74707545469327
            ],
            [
              79.09682988996059,
              30.747038708484695
            ],
            [
              79.09685117566349,
              30.745956478492307
            ],
            [
              79.09559819030264,
              30.745938088039377
            ],
            [
              79.09568337756232,
              30.741609169275687
            ],
            [
              79.09443044931959,
              30.741590769881153
            ],
            [
              79.09447306401327,
              30.739426310909142
            ],
            [
              79.09198860053715,
              30.73830725080701
            ],
            [
              79.09343330904349,
              30.728585602375517
            ],
            [
              79.09218055093046,
              30.728567188260733
            ],
            [
              79.0922231938782,
              30.726402727783
            ],
            [
              79.09097046487892,
              30.726384303163613
            ],
            [
              79.09230846592756,
              30.722073804499693
            ],
            [
              79.09105579283873,
              30.72205538303319
            ],
            [
              79.09109844989192,
              30.719890921804026
            ],
            [
              79.0898458059081,
              30.719872489836895
            ],
            [
              79.08997383319945,
              30.713379106225705
            ],
            [
              79.08872127420402,
              30.713360666916454
            ],
            [
              79.08874262201356,
              30.71227843642475
            ],
            [
              79.08749007814313,
              30.712259985831295
            ],
            [
              79.08753279823269,
              30.71009552584505
            ],
            [
              79.08502776983443,
              30.710058591599815
            ],
            [
              79.08507054116679,
              30.707894133998828
            ],
            [
              79.08135594154655,
              30.70567419321199
            ],
            [
              79.08142020858914,
              30.702427511315033
            ],
            [
              79.08016779735604,
              30.702408995416146
            ],
            [
              79.08021066417608,
              30.700244541432962
            ],
            [
              79.07770590103613,
              30.700207476603286
            ],
            [
              79.07781318737008,
              30.69479634618166
            ],
            [
              79.07656087733453,
              30.69477779963591
            ],
            [
              79.07658234507315,
              30.69369557376332
            ],
            [
              79.07533005015587,
              30.693677015947404
            ],
            [
              79.07537301005695,
              30.691512565208846
            ],
            [
              79.07165925498508,
              30.68929237740734
            ],
            [
              79.07170228929606,
              30.68712792988851
            ],
            [
              79.07045008275438,
              30.68710932859534
            ],
            [
              79.07051466733482,
              30.68386265825037
            ],
            [
              79.06926250380818,
              30.68384404728709
            ],
            [
              79.06809654948398,
              30.67949653413036
            ],
            [
              79.06561391682347,
              30.678377036870135
            ],
            [
              79.06565706728445,
              30.676212593442152
            ],
            [
              79.06440500604775,
              30.676193939834352
            ],
            [
              79.06444817972162,
              30.674029497227313
            ],
            [
              79.0631961475385,
              30.6740108331627
            ],
            [
              79.06323934441951,
              30.671846391377542
            ],
            [
              79.06198734128748,
              30.671827716858143
            ],
            [
              79.06207377677268,
              30.66749883415672
            ],
            [
              79.06082183056476,
              30.667480150785064
            ],
            [
              79.06086506916066,
              30.665315709869677
            ],
            [
              79.06211698749605,
              30.66533439164092
            ],
            [
              79.0621601935405,
              30.66316994834845
            ],
            [
              79.063412085176,
              30.66318861647017
            ],
            [
              79.06356317197155,
              30.655613053233676
            ],
            [
              79.06231137785593,
              30.655594390709023
            ],
            [
              79.0623761535943,
              30.65234772023727
            ],
            [
              79.0611244024307,
              30.652329048067074
            ],
            [
              79.06114600593136,
              30.651246824988245
            ],
            [
              79.0574340882816,
              30.649026296682724
            ],
            [
              79.05749901005395,
              30.645779632325194
            ],
            [
              79.05624734711809,
              30.645760916791254
            ],
            [
              79.05629065028269,
              30.6435964745193
            ],
            [
              79.05503901636119,
              30.643577748549497
            ],
            [
              79.05383073776535,
              30.641394570702065
            ],
            [
              79.05132753146829,
              30.641357061779075
            ],
            [
              79.05011936304606,
              30.639173853468577
            ],
            [
              79.04636464945311,
              30.639117468512833
            ],
            [
              79.04638640592036,
              30.638035252742185
            ],
            [
              79.04513485099447,
              30.638016434488705
            ],
            [
              79.04269713224622,
              30.634732120656416
            ],
            [
              79.04019411414146,
              30.63469440474189
            ],
            [
              79.04021593546248,
              30.633612192231286
            ],
            [
              79.03896444209543,
              30.6335933170304
            ],
            [
              79.03894260686134,
              30.63467552873203
            ],
            [
              79.02893059125412,
              30.634524087395857
            ],
            [
              79.02895253779067,
              30.633441882184577
            ],
            [
              79.0239686151327,
              30.632283673791765
            ],
            [
              79.02153176757213,
              30.62899899738002
            ],
            [
              79.01527467996607,
              30.628903614824456
            ],
            [
              79.01270548189139,
              30.632111963115104
            ],
            [
              79.00269388936022,
              30.63195851314843
            ],
            [
              79.00278282725614,
              30.627629758351627
            ],
            [
              79.00528560690785,
              30.627668186452148
            ],
            [
              79.00669230150419,
              30.620112036771687
            ],
            [
              79.00544100720774,
              30.62009284652677
            ],
            [
              79.00546320244169,
              30.619010654329646
            ],
            [
              79.00421192324907,
              30.618991452880685
            ],
            [
              79.00423413118195,
              30.617909261311954
            ],
            [
              79.00298286709307,
              30.617890048659994
            ],
            [
              79.00300508772335,
              30.616807857720104
            ],
            [
              79.00175383873808,
              30.616788633866204
            ],
            [
              79.00177607206427,
              30.61570644355565
            ],
            [
              78.99806692046315,
              30.61348432606171
            ],
            [
              78.99811146206672,
              30.611319949027575
            ],
            [
              78.99686028739092,
              30.611300681202607
            ],
            [
              78.99692713243395,
              30.60805411666826
            ],
            [
              78.99567600064879,
              30.608034839300338
            ],
            [
              78.99446948296989,
              30.605851175887942
            ],
            [
              78.99196728101032,
              30.60581256435758
            ],
            [
              78.9907608732569,
              30.603628870727974
            ],
            [
              78.988258734121,
              30.603590190394794
            ],
            [
              78.98582379454092,
              30.600304915730597
            ],
            [
              78.9808421585525,
              30.59914514552237
            ],
            [
              78.98086460869513,
              30.598062966179654
            ],
            [
              78.97961361767021,
              30.598043540037896
            ],
            [
              78.9771791073663,
              30.594758120010287
            ],
            [
              78.97467721714838,
              30.594719188624172
            ],
            [
              78.97465470123387,
              30.595801364381494
            ],
            [
              78.9734037440702,
              30.595781879831247
            ],
            [
              78.97342627386847,
              30.594699704909583
            ],
            [
              78.97217533180893,
              30.59468020918069
            ],
            [
              78.97222041550967,
              30.592515860424193
            ],
            [
              78.97096950243633,
              30.59249635435436
            ],
            [
              78.97103716047206,
              30.58924983226576
            ],
            [
              78.9697862902623,
              30.589230316694124
            ],
            [
              78.96980885437675,
              30.588148143111347
            ],
            [
              78.96610150055082,
              30.585925184118825
            ],
            [
              78.9661693031118,
              30.582678668570875
            ],
            [
              78.96742008638991,
              30.582698215145626
            ],
            [
              78.96744267092056,
              30.58161604206736
            ],
            [
              78.96869344154769,
              30.581635575795687
            ],
            [
              78.97126260786338,
              30.57842807928534
            ],
            [
              78.97376407443059,
              30.578467057668888
            ],
            [
              78.97378658470981,
              30.577384879625335
            ],
            [
              78.97628802841149,
              30.57742380831235
            ],
            [
              78.97631050972916,
              30.576341628403526
            ],
            [
              78.97756121953618,
              30.576361073903527
            ],
            [
              78.97771845758479,
              30.568785803241344
            ],
            [
              78.97646784485465,
              30.56876636358107
            ],
            [
              78.9765577238542,
              30.564437636535185
            ],
            [
              78.97780828112832,
              30.564457072858872
            ],
            [
              78.97787563601217,
              30.56121052302483
            ],
            [
              78.98039909251573,
              30.560167169337774
            ],
            [
              78.9804887662691,
              30.555838426050784
            ],
            [
              78.98173921631323,
              30.555857819714365
            ],
            [
              78.98316873512236,
              30.54721969213984
            ],
            [
              78.98441907676316,
              30.54723905516078
            ],
            [
              78.9844414408992,
              30.54615686479753
            ],
            [
              78.99319376932117,
              30.54629206436193
            ],
            [
              78.99317150213953,
              30.547374260529445
            ],
            [
              78.9969225597011,
              30.547432025804184
            ],
            [
              78.99821733698359,
              30.5452868577706
            ],
            [
              79.00196832588875,
              30.54534447418909
            ],
            [
              79.00199049371065,
              30.54426227185343
            ],
            [
              79.00324081189952,
              30.544281452519776
            ],
            [
              79.00328511624242,
              30.54211704561792
            ],
            [
              79.00453540793443,
              30.542136212647318
            ],
            [
              79.00460181390584,
              30.538889598367017
            ],
            [
              79.00839675313435,
              30.53678260469422
            ],
            [
              79.00844092992607,
              30.534618188492995
            ],
            [
              79.00969112949336,
              30.534637301816222
            ],
            [
              79.010985446892,
              30.532491982892097
            ],
            [
              79.01473597329847,
              30.532549210066602
            ],
            [
              79.01475798829938,
              30.53146699718721
            ],
            [
              79.01600815231414,
              30.531486048122435
            ],
            [
              79.01603015228144,
              30.53040383423064
            ],
            [
              79.01853045620588,
              30.53044189851051
            ],
            [
              79.01855242730116,
              30.529359682789792
            ],
            [
              79.0348043387173,
              30.52960592149588
            ],
            [
              79.03482612870772,
              30.528523695006115
            ],
            [
              79.03732641284748,
              30.528561396494002
            ],
            [
              79.0373481739786,
              30.527479168191093
            ],
            [
              79.04109856751388,
              30.527535628114723
            ],
            [
              79.04112028594986,
              30.52645339719304
            ],
            [
              79.04612077178444,
              30.52652850608861
            ],
            [
              79.04609910870363,
              30.527610740236153
            ],
            [
              79.05359995569651,
              30.527723048891524
            ],
            [
              79.05362153574299,
              30.52664080992061
            ],
            [
              79.05737193352145,
              30.526696800054165
            ],
            [
              79.05739347088273,
              30.525614558484826
            ],
            [
              79.05989371422878,
              30.525651823719823
            ],
            [
              79.05991522274692,
              30.52456958035628
            ],
            [
              79.06116533233096,
              30.524588194198895
            ],
            [
              79.06372994902439,
              30.52137864749179
            ],
            [
              79.06623009332016,
              30.521415786508822
            ],
            [
              79.06625152800015,
              30.520333538378793
            ],
            [
              79.07127315336555,
              30.519325417939466
            ],
            [
              79.07383730083197,
              30.516115649545437
            ],
            [
              79.07633732533915,
              30.516152588917883
            ],
            [
              79.07631600596564,
              30.517234844181854
            ],
            [
              79.07756603378563,
              30.517253296691525
            ],
            [
              79.07758733932641,
              30.516171040634898
            ],
            [
              79.07883735446846,
              30.516189480372372
            ],
            [
              79.08012992305511,
              30.514043392269468
            ],
            [
              79.08262990377929,
              30.514080208683055
            ],
            [
              79.08265115053344,
              30.51299794888105
            ],
            [
              79.0864010887631,
              30.51305308129281
            ],
            [
              79.0863586770901,
              30.51521760544075
            ],
            [
              79.09010870865217,
              30.515272634776075
            ],
            [
              79.09008754258882,
              30.51635489892425
            ],
            [
              79.09258759703283,
              30.51639152682428
            ],
            [
              79.09515098482578,
              30.513181304345853
            ],
            [
              79.09890095745834,
              30.513236077405605
            ],
            [
              79.09892202326684,
              30.512153807180134
            ],
            [
              79.10642191635802,
              30.51226302518263
            ],
            [
              79.10771383710052,
              30.510116634284106
            ],
            [
              79.11021375752367,
              30.510152917383703
            ],
            [
              79.11019281846332,
              30.511235195026487
            ],
            [
              79.11144279420742,
              30.511253319388786
            ],
            [
              79.11140094034309,
              30.513417875653086
            ],
            [
              79.11390095055685,
              30.513454091555325
            ],
            [
              79.11388004958708,
              30.51453637095404
            ],
            [
              79.11888013893206,
              30.51460866211445
            ],
            [
              79.11881759522835,
              30.51785550847075
            ],
            [
              79.12006766189266,
              30.517873553636957
            ],
            [
              79.12002598811097,
              30.520038118460867
            ],
            [
              79.12127608357605,
              30.520056153195075
            ],
            [
              79.12125525882782,
              30.52113843609254
            ],
            [
              79.12750582225392,
              30.521228433892126
            ],
            [
              79.12748506556552,
              30.52231072046273
            ],
            [
              79.12998532649223,
              30.522346637243615
            ],
            [
              79.12996459635606,
              30.52342892516431
            ],
            [
              79.13246488945461,
              30.523464795551007
            ],
            [
              79.13244418587381,
              30.524547084819794
            ],
            [
              79.13744484088919,
              30.52461868485637
            ],
            [
              79.13742419154784,
              30.52570097700796
            ],
            [
              79.14117473608528,
              30.525754553494313
            ],
            [
              79.14115412714871,
              30.526836847754545
            ],
            [
              79.1436545234428,
              30.526872507015657
            ],
            [
              79.14367510469643,
              30.525790211223846
            ],
            [
              79.14617547776957,
              30.525825821010603
            ],
            [
              79.14619603022605,
              30.5247435234968
            ],
            [
              79.15244691318567,
              30.52483233439731
            ],
            [
              79.15242642993421,
              30.52591463572584
            ],
            [
              79.15742721165488,
              30.525985471750968
            ],
            [
              79.15740678266111,
              30.5270677759297
            ],
            [
              79.16240763746649,
              30.5271384232114
            ],
            [
              79.16238726273717,
              30.528220730232206
            ],
            [
              79.16363749304422,
              30.528238362843098
            ],
            [
              79.16365785393047,
              30.527156055064985
            ],
            [
              79.16615829016833,
              30.52719128281166
            ],
            [
              79.16617862226623,
              30.52610897332823
            ],
            [
              79.16992924335896,
              30.526161722780767
            ],
            [
              79.16994953282958,
              30.52507941083946
            ],
            [
              79.17374061489167,
              30.522967421171543
            ],
            [
              79.17382158691858,
              30.518638160904377
            ],
            [
              79.17884224100126,
              30.51762584225198
            ],
            [
              79.18013268607179,
              30.515478672334076
            ],
            [
              79.18263284639109,
              30.51551357192162
            ],
            [
              79.18265298652092,
              30.514431250541783
            ],
            [
              79.1851531235374,
              30.514466100705206
            ],
            [
              79.1851732349072,
              30.513383777636196
            ],
            [
              79.18767334861599,
              30.513418578379362
            ],
            [
              79.18769343122861,
              30.512336253623292
            ],
            [
              79.19019352162478,
              30.51237100495004
            ],
            [
              79.19017346667938,
              30.513453331199194
            ],
            [
              79.1914235273422,
              30.51347068963776
            ],
            [
              79.1914435684539,
              30.51238836264285
            ],
            [
              79.19394366537045,
              30.512423042087107
            ],
            [
              79.19392365192627,
              30.513505370572037
            ],
            [
              79.19642378084997,
              30.51354000358222
            ],
            [
              79.1964037939901,
              30.514622333363302
            ],
            [
              79.20140412017145,
              30.514691458580057
            ],
            [
              79.20138418757017,
              30.5157737911392
            ],
            [
              79.20763468878029,
              30.515859931771097
            ],
            [
              79.2076545522029,
              30.514777595511244
            ],
            [
              79.20890464184232,
              30.514794786951818
            ],
            [
              79.20892449035308,
              30.513712449761762
            ],
            [
              79.21142464518866,
              30.513746795221326
            ],
            [
              79.21144446495458,
              30.512664456364067
            ],
            [
              79.21644473217431,
              30.5127330005595
            ],
            [
              79.21642496774682,
              30.513815342361756
            ],
            [
              79.22644531799149,
              30.51286951385213
            ],
            [
              79.22642566424327,
              30.513951861519708
            ],
            [
              79.22767575610759,
              30.513968872495962
            ],
            [
              79.22749894897339,
              30.523709999469766
            ],
            [
              79.22874916645272,
              30.52372700503774
            ],
            [
              79.22869025310125,
              30.526974046108716
            ],
            [
              79.22994051317535,
              30.52699104187999
            ],
            [
              79.23115154880458,
              30.529172721672442
            ],
            [
              79.23365212965048,
              30.52920665618858
            ],
            [
              79.23363254299471,
              30.53028900536376
            ],
            [
              79.23488284885713,
              30.53030595536574
            ],
            [
              79.23732482206039,
              30.53358687232489
            ],
            [
              79.2398255242949,
              30.53362069275632
            ],
            [
              79.239806002641,
              30.534703044801223
            ],
            [
              79.24478800789164,
              30.535852899415598
            ],
            [
              79.24471012810332,
              30.540182316513302
            ],
            [
              79.24345968911732,
              30.540165455916235
            ],
            [
              79.2433427546347,
              30.54665957148068
            ],
            [
              79.24209223356647,
              30.546642694541244
            ],
            [
              79.24203371048519,
              30.549889747567065
            ],
            [
              79.24453483683678,
              30.549923493794463
            ],
            [
              79.24451535475107,
              30.551005845869305
            ],
            [
              79.2457659333723,
              30.55102270170744
            ],
            [
              79.24572699375832,
              30.553187406730594
            ],
            [
              79.24697760115971,
              30.55320425201503
            ],
            [
              79.24693868505304,
              30.55536895771942
            ],
            [
              79.24568804992359,
              30.555352110988593
            ],
            [
              79.24561014959032,
              30.559681517208972
            ],
            [
              79.24811153183431,
              30.559715204452434
            ],
            [
              79.24932335124988,
              30.561896736366833
            ],
            [
              79.25430686079385,
              30.563046280299712
            ],
            [
              79.25426809215413,
              30.565210991219246
            ],
            [
              79.25551885946615,
              30.565227760411474
            ],
            [
              79.25549948744289,
              30.56631011630415
            ],
            [
              79.26175340909576,
              30.5663937857502
            ],
            [
              79.26173410538856,
              30.567476145042843
            ],
            [
              79.2717405453743,
              30.567609397472086
            ],
            [
              79.27431881944332,
              30.56331312360368
            ],
            [
              79.28182337263334,
              30.56341239741923
            ],
            [
              79.28180429400665,
              30.564494768689702
            ],
            [
              79.28430584775911,
              30.564527765324247
            ],
            [
              79.28559469917488,
              30.562379498651467
            ],
            [
              79.29309922490364,
              30.56247811986662
            ],
            [
              79.29311817662808,
              30.561395741857627
            ],
            [
              79.2956196656871,
              30.561428518137063
            ],
            [
              79.29679476515813,
              30.565774407598045
            ],
            [
              79.29929637134414,
              30.56580711745638
            ],
            [
              79.29927748488052,
              30.566889498216216
            ],
            [
              79.30052830338305,
              30.56690583583422
            ],
            [
              79.30045280279683,
              30.57123535977173
            ],
            [
              79.30170367782573,
              30.571251688183885
            ],
            [
              79.30166594915171,
              30.57341645041014
            ],
            [
              79.3029168529592,
              30.573432768211912
            ],
            [
              79.30287914795562,
              30.57559753107607
            ],
            [
              79.30413008054416,
              30.575613838265447
            ],
            [
              79.30157160957641,
              30.578828352638922
            ],
            [
              79.30528687259009,
              30.581042044261213
            ],
            [
              79.30524920882273,
              30.58320680725442
            ],
            [
              79.3077512734668,
              30.58323937134772
            ],
            [
              79.30773246782508,
              30.584321753955564
            ],
            [
              79.3114480830751,
              30.586535280889702
            ],
            [
              79.3114293160423,
              30.58761766501776
            ],
            [
              79.31017822460564,
              30.58760142224246
            ],
            [
              79.31010309074308,
              30.591930954060942
            ],
            [
              79.31510768483815,
              30.591995864186586
            ],
            [
              79.31508895439828,
              30.59307824944928
            ],
            [
              79.31759128532286,
              30.59311063377499
            ],
            [
              79.31757258165499,
              30.594193020236375
            ],
            [
              79.32132612732055,
              30.594241508642366
            ],
            [
              79.32130746432217,
              30.5953238969933
            ],
            [
              79.32255866212832,
              30.59534003644309
            ],
            [
              79.32257731123231,
              30.594257647399832
            ],
            [
              79.33133562686265,
              30.594370282075094
            ],
            [
              79.33135417769952,
              30.59328788800953
            ],
            [
              79.33260535577912,
              30.59330392989926
            ],
            [
              79.3350521844777,
              30.59658316542714
            ],
            [
              79.33755463102976,
              30.596615169170132
            ],
            [
              79.33753614665922,
              30.59769756610053
            ],
            [
              79.33878738533427,
              30.59771355062205
            ],
            [
              79.3387134934304,
              30.602043139183074
            ],
            [
              79.341197637292,
              30.603157475666883
            ],
            [
              79.34114228826272,
              30.60640466862806
            ],
            [
              79.34614770575318,
              30.606468412144388
            ],
            [
              79.34609251457834,
              30.609715611594517
            ],
            [
              79.34734391315733,
              30.609731519448676
            ],
            [
              79.34730714186972,
              30.611896319495187
            ],
            [
              79.3460557154783,
              30.611880410276555
            ],
            [
              79.34710482855994,
              30.62380270614566
            ],
            [
              79.34960799037641,
              30.623834503483465
            ],
            [
              79.3495896201103,
              30.624916902491357
            ],
            [
              79.35334441204353,
              30.62496451026156
            ],
            [
              79.35328942053034,
              30.62821171226692
            ],
            [
              79.35454106158039,
              30.628227559486554
            ],
            [
              79.35450442344539,
              30.630392361230925
            ],
            [
              79.35575609332636,
              30.63040819776911
            ],
            [
              79.35562792605255,
              30.637985002633783
            ],
            [
              79.35437615871237,
              30.637969161342973
            ],
            [
              79.35435783120887,
              30.639051560597878
            ],
            [
              79.35560961247481,
              30.639067402567676
            ],
            [
              79.35546306813941,
              30.647726595188544
            ],
            [
              79.3504555033042,
              30.647663133288255
            ],
            [
              79.35043712506751,
              30.648745528789863
            ],
            [
              79.3479149136559,
              30.649796118134645
            ],
            [
              79.34658930495884,
              30.654109768237223
            ],
            [
              79.34408536728436,
              30.654077884510315
            ],
            [
              79.34406691339082,
              30.655160275457984
            ],
            [
              79.34156295184057,
              30.655128342157557
            ],
            [
              79.34154446907284,
              30.656210731546466
            ],
            [
              79.33778849244447,
              30.65616273915142
            ],
            [
              79.33776996686173,
              30.657245126293475
            ],
            [
              79.33526595958189,
              30.657213069729043
            ],
            [
              79.33528451304046,
              30.656130683960466
            ],
            [
              79.33403252484518,
              30.656114638286816
            ],
            [
              79.33401395744878,
              30.65719702336787
            ],
            [
              79.33022073564301,
              30.659313577427877
            ],
            [
              79.33016489591957,
              30.66256072418625
            ],
            [
              79.3289128281136,
              30.662544626166827
            ],
            [
              79.32881967202809,
              30.66795653016882
            ],
            [
              79.32629673787139,
              30.669006669907436
            ],
            [
              79.32624074540045,
              30.672253805304745
            ],
            [
              79.32498855511764,
              30.67223766489882
            ],
            [
              79.3237737509616,
              30.670056758458905
            ],
            [
              79.3187838624114,
              30.668909659046076
            ],
            [
              79.31622325150167,
              30.67212434439128
            ],
            [
              79.31246670804542,
              30.672075597568814
            ],
            [
              79.31244788843257,
              30.673157968019797
            ],
            [
              79.30994350332571,
              30.673125408447376
            ],
            [
              79.30992465479571,
              30.67420777731282
            ],
            [
              79.30742024587329,
              30.674175168105027
            ],
            [
              79.30740136842326,
              30.6752575353828
            ],
            [
              79.30614915154526,
              30.675241211989572
            ],
            [
              79.30611136567707,
              30.677405944573806
            ],
            [
              79.30358795681563,
              30.678455623411583
            ],
            [
              79.30356903341877,
              30.679537987826237
            ],
            [
              79.3048213040558,
              30.67955433814142
            ],
            [
              79.30463215329114,
              30.690377978781996
            ],
            [
              79.30337974308704,
              30.690361621463733
            ],
            [
              79.302051533227,
              30.69467469737839
            ],
            [
              79.29954660625246,
              30.69464191678956
            ],
            [
              79.29950864389917,
              30.696806635486112
            ],
            [
              79.30076113480126,
              30.696823033219424
            ],
            [
              79.30072319626855,
              30.698987752555357
            ],
            [
              79.29947067743521,
              30.698971353417956
            ],
            [
              79.29937574328859,
              30.704383144901822
            ],
            [
              79.30062833196328,
              30.704399547549677
            ],
            [
              79.30057140105352,
              30.707646622252053
            ],
            [
              79.30182403266947,
              30.707663014930414
            ],
            [
              79.30178610153921,
              30.70982773184601
            ],
            [
              79.30303876212837,
              30.709844113850696
            ],
            [
              79.30301980899756,
              30.710926472722893
            ],
            [
              79.30176713443402,
              30.71091009001702
            ],
            [
              79.30174816630202,
              30.711992447996824
            ],
            [
              79.29799010684985,
              30.711943225307387
            ],
            [
              79.29795208364813,
              30.71410793647986
            ],
            [
              79.29669937126903,
              30.714091503354176
            ],
            [
              79.29668034414715,
              30.715173857950212
            ],
            [
              79.2979330705035,
              30.715190291779205
            ],
            [
              79.2978950411265,
              30.717355001804098
            ],
            [
              79.2966422868134,
              30.717338566568444
            ],
            [
              79.29660422535927,
              30.719503274421537
            ],
            [
              79.29535144411658,
              30.71948682569762
            ],
            [
              79.29533239786329,
              30.720569178633305
            ],
            [
              79.29157401838124,
              30.720519757857875
            ],
            [
              79.29155492915203,
              30.721602108487392
            ],
            [
              79.28403811421778,
              30.721502936482217
            ],
            [
              79.28401894006221,
              30.722585282676608
            ],
            [
              79.2827661272192,
              30.722568711012013
            ],
            [
              79.28274693804299,
              30.72365105630582
            ],
            [
              79.2814941122559,
              30.723634471848897
            ],
            [
              79.28147490805752,
              30.72471681624156
            ],
            [
              79.28022206932647,
              30.72470021899128
            ],
            [
              79.27765865028952,
              30.72791401387232
            ],
            [
              79.27517217345246,
              30.726798390252522
            ],
            [
              79.27521072481241,
              30.72463370915394
            ],
            [
              79.25518501200563,
              30.723283407093902
            ],
            [
              79.25516551416551,
              30.72436573646452
            ],
            [
              79.25391269743871,
              30.724348885464874
            ],
            [
              79.25387367062523,
              30.726513542188535
            ],
            [
              79.25262082698758,
              30.72649667766285
            ],
            [
              79.25258176797915,
              30.728661332175903
            ],
            [
              79.25132889742859,
              30.728644454122094
            ],
            [
              79.25130935235268,
              30.72972678036868
            ],
            [
              79.25005646887395,
              30.729709889507323
            ],
            [
              79.24749193763037,
              30.73292304260801
            ],
            [
              79.24498609416602,
              30.73288917194098
            ],
            [
              79.2449664749134,
              30.733971493801203
            ],
            [
              79.24371354078478,
              30.733954539612185
            ],
            [
              79.24373317402622,
              30.73287221847726
            ],
            [
              79.23997441998534,
              30.732821285565734
            ],
            [
              79.23995474477776,
              30.733903604521664
            ],
            [
              79.23369010607422,
              30.733818470961353
            ],
            [
              79.23367035985535,
              30.734900786083156
            ],
            [
              79.22865861216813,
              30.734832458746077
            ],
            [
              79.2286388089213,
              30.735914770752714
            ],
            [
              79.22362702242387,
              30.735846247086723
            ],
            [
              79.22360716214376,
              30.73692855596978
            ],
            [
              79.21358352886904,
              30.736790922541992
            ],
            [
              79.21356355558747,
              30.737873225345126
            ],
            [
              79.20980466895254,
              30.737821411141212
            ],
            [
              79.2097846526161,
              30.738903711535496
            ],
            [
              79.2072787056255,
              30.73886910681086
            ],
            [
              79.20606584929133,
              30.73668718977644
            ],
            [
              79.20355996477454,
              30.736652515485744
            ],
            [
              79.20234721927325,
              30.734470567351256
            ],
            [
              79.19984139723661,
              30.734435823507447
            ],
            [
              79.19986152114431,
              30.733353528276073
            ],
            [
              79.19860862574713,
              30.733336138968326
            ],
            [
              79.1972146453516,
              30.740894789730703
            ],
            [
              79.19218247182947,
              30.741907331826678
            ],
            [
              79.1921622552449,
              30.742989621045243
            ],
            [
              79.18963598115045,
              30.744036959392574
            ],
            [
              79.18959548652902,
              30.74620153387633
            ],
            [
              79.18834243197364,
              30.74618403890431
            ],
            [
              79.18832216902285,
              30.74726632510881
            ],
            [
              79.18706910156763,
              30.747248817296175
            ],
            [
              79.18450204853717,
              30.750460616106903
            ],
            [
              79.18199583732854,
              30.750425511331997
            ],
            [
              79.18197549999452,
              30.751507793016025
            ],
            [
              79.17445680881112,
              30.75140218392664
            ],
            [
              79.17443638637778,
              30.752484460901446
            ],
            [
              79.17318326104441,
              30.75246681630271
            ],
            [
              79.17316282350552,
              30.75354909232999
            ],
            [
              79.17065654815671,
              30.753513765338393
            ],
            [
              79.16808878996412,
              30.756725207820296
            ],
            [
              79.16307609342186,
              30.756654302844073
            ],
            [
              79.16309664629807,
              30.755572033451227
            ],
            [
              79.15933717757302,
              30.755518729987415
            ],
            [
              79.15935777134122,
              30.754436462680683
            ],
            [
              79.15685149243107,
              30.754400868081966
            ],
            [
              79.15687211308587,
              30.753318602104095
            ],
            [
              79.15311274509259,
              30.75326512178025
            ],
            [
              79.15313340663035,
              30.75218285789607
            ],
            [
              79.1468678856769,
              30.752093485957065
            ],
            [
              79.14442395700247,
              30.748810875775092
            ],
            [
              79.14191784494733,
              30.74877499857186
            ],
            [
              79.1418970607904,
              30.74985725614762
            ],
            [
              79.13939092524053,
              30.74982132903997
            ],
            [
              79.13937011196391,
              30.750903584885894
            ],
            [
              79.13811703188058,
              30.7508856024244
            ],
            [
              79.13809620347949,
              30.751967857307893
            ],
            [
              79.13684311052512,
              30.75194986198394
            ],
            [
              79.13682226699804,
              30.753032115904418
            ],
            [
              79.13302117847157,
              30.755142557697532
            ],
            [
              79.13297939951303,
              30.75730705956024
            ],
            [
              79.13045216458617,
              30.75835320145051
            ],
            [
              79.13034755170725,
              30.763764444032148
            ],
            [
              79.12909431150578,
              30.763746367648405
            ],
            [
              79.12907337152663,
              30.76482861481108
            ],
            [
              79.13032662573497,
              30.764846691967644
            ],
            [
              79.13026384102422,
              30.76809343461239
            ],
            [
              79.1290105447907,
              30.768075355137245
            ],
            [
              79.12771533151341,
              30.77022175459686
            ],
            [
              79.12520868867485,
              30.770185532045325
            ],
            [
              79.12391336217547,
              30.772331888230834
            ],
            [
              79.10385995341532,
              30.772040146614774
            ],
            [
              79.10128952253201,
              30.77525014591991
            ],
            [
              79.09752942182095,
              30.77519501976786
            ],
            [
              79.0975081190125,
              30.7762772453069
            ],
            [
              79.09249461148146,
              30.77620357117217
            ],
            [
              79.09247325146244,
              30.777285793368076
            ],
            [
              79.08996647659876,
              30.777248882099396
            ]
          ]
        ]
      },
      "properties": {
        "id": "guptkashi",
        "name": "Guptkashi incremental catchment",
        "area_km2": 649.814,
        "status": "REPLAY",
        "geometry_origin": "Copernicus GLO-30; resampled 120m; priority-flood/D8; provisional"
      }
    },
    {
      "type": "Feature",
      "geometry": {
        "type": "Polygon",
        "coordinates": [
          [
            [
              78.95989273609557,
              30.58366292341616
            ],
            [
              78.95991540509996,
              30.58258075557206
            ],
            [
              78.95366153778824,
              30.582482542368798
            ],
            [
              78.95372974553207,
              30.579236050304168
            ],
            [
              78.95125105165701,
              30.57811452330984
            ],
            [
              78.95129657034683,
              30.57595019727656
            ],
            [
              78.9500458862734,
              30.575930499667063
            ],
            [
              78.9501141966667,
              30.572684011686924
            ],
            [
              78.9476357108295,
              30.571562424169674
            ],
            [
              78.94772688007163,
              30.567233776778494
            ],
            [
              78.94524855937863,
              30.56611215043333
            ],
            [
              78.94531700281067,
              30.562865667332165
            ],
            [
              78.94656751556688,
              30.56288540279561
            ],
            [
              78.94661311062241,
              30.560721078057092
            ],
            [
              78.94413496517608,
              30.55959943755254
            ],
            [
              78.94420342793266,
              30.55635295347581
            ],
            [
              78.94295300079696,
              30.55633319910316
            ],
            [
              78.94299866416256,
              30.554168877103905
            ],
            [
              78.94174826597384,
              30.554149112432768
            ],
            [
              78.94183963327184,
              30.54982046948234
            ],
            [
              78.93813437169113,
              30.54759679614416
            ],
            [
              78.93818012605769,
              30.545432477810117
            ],
            [
              78.93692984363203,
              30.545412671965273
            ],
            [
              78.93699850742568,
              30.54216619554891
            ],
            [
              78.93329364494437,
              30.539942400255654
            ],
            [
              78.93463548960156,
              30.535633605096297
            ],
            [
              78.93843168645701,
              30.53352871299771
            ],
            [
              78.93850026781776,
              30.530282227581154
            ],
            [
              78.93975035768456,
              30.53030200954138
            ],
            [
              78.93977320182341,
              30.529219846495543
            ],
            [
              78.93852312579374,
              30.529200065384806
            ],
            [
              78.93859169228965,
              30.525953577623405
            ],
            [
              78.93984172681243,
              30.525973356185805
            ],
            [
              78.93991024066138,
              30.522726864117747
            ],
            [
              78.94116023492164,
              30.522746628152802
            ],
            [
              78.94127433076612,
              30.517335799888333
            ],
            [
              78.94002440565808,
              30.517316040097292
            ],
            [
              78.94007006299505,
              30.51515170912176
            ],
            [
              78.93882016677986,
              30.515131939052637
            ],
            [
              78.93884300741914,
              30.514049774121105
            ],
            [
              78.93634324635651,
              30.514010199756296
            ],
            [
              78.93636611340949,
              30.512928036329388
            ],
            [
              78.9338892784194,
              30.511806253846583
            ],
            [
              78.93393506162417,
              30.509641929419796
            ],
            [
              78.93268524073058,
              30.509622103732248
            ],
            [
              78.93273104661712,
              30.50745778022731
            ],
            [
              78.93525350779488,
              30.506415252475467
            ],
            [
              78.93529925095365,
              30.50425092439261
            ],
            [
              78.93782160281046,
              30.503208341364672
            ],
            [
              78.93786728326002,
              30.50104400870854
            ],
            [
              78.93911699855,
              30.501063779708026
            ],
            [
              78.93913982310096,
              30.4999816122375
            ],
            [
              78.94038952581124,
              30.500001370419156
            ],
            [
              78.94295727683114,
              30.4967943396582
            ],
            [
              78.94920561401635,
              30.496892818659063
            ],
            [
              78.94922832310601,
              30.495810643630577
            ],
            [
              78.9504779804247,
              30.495830302684737
            ],
            [
              78.95059143834918,
              30.490419420391987
            ],
            [
              78.94934185009116,
              30.490399765561566
            ],
            [
              78.94940995151379,
              30.48715323637912
            ],
            [
              78.94816040591368,
              30.48713357212021
            ],
            [
              78.94818311773442,
              30.486051396181068
            ],
            [
              78.9469335871731,
              30.48603172080537
            ],
            [
              78.94695631156942,
              30.484949545516788
            ],
            [
              78.94325329663044,
              30.48272610407591
            ],
            [
              78.94338985080716,
              30.476233061144914
            ],
            [
              78.94214044941016,
              30.476213345550516
            ],
            [
              78.94218598519805,
              30.474048998040942
            ],
            [
              78.94343535899613,
              30.474068711940287
            ],
            [
              78.94345811124025,
              30.472986537045315
            ],
            [
              78.94597955835475,
              30.47194375049861
            ],
            [
              78.94602500148953,
              30.469779396346446
            ],
            [
              78.94981832753919,
              30.46767402442058
            ],
            [
              78.95115826689351,
              30.46336493579028
            ],
            [
              78.95240751135707,
              30.46338455755762
            ],
            [
              78.95243015473115,
              30.462302374795005
            ],
            [
              78.95367938663115,
              30.462321983767872
            ],
            [
              78.95372464211589,
              30.460157615971514
            ],
            [
              78.95624565275864,
              30.459114608819803
            ],
            [
              78.95631344037842,
              30.455868050024804
            ],
            [
              78.9575625932238,
              30.455887618095478
            ],
            [
              78.95760775127286,
              30.453723242908186
            ],
            [
              78.9601060054921,
              30.453762339842864
            ],
            [
              78.96008345465091,
              30.454844529215407
            ],
            [
              78.96383088650586,
              30.454903087533882
            ],
            [
              78.96503503784386,
              30.457086967953014
            ],
            [
              78.97377928973481,
              30.457223113939083
            ],
            [
              78.9749836941251,
              30.459406913045278
            ],
            [
              78.97998055139544,
              30.45948440674541
            ],
            [
              78.98000288650282,
              30.45840220477275
            ],
            [
              78.98999654881025,
              30.458556611923253
            ],
            [
              78.98997432402098,
              30.459638820536235
            ],
            [
              78.99497123928055,
              30.459715740621693
            ],
            [
              78.99499340890945,
              30.458633528700872
            ],
            [
              79.00123951107457,
              30.45872940579488
            ],
            [
              79.00126161055341,
              30.457647189556617
            ],
            [
              79.00628050182495,
              30.456641453115296
            ],
            [
              79.00757375814908,
              30.45449610157184
            ],
            [
              79.01381964435738,
              30.454591364755203
            ],
            [
              79.01379768635096,
              30.4556735897833
            ],
            [
              79.01629607675028,
              30.45571161305149
            ],
            [
              79.01631800718052,
              30.4546293863881
            ],
            [
              79.01756719037618,
              30.454648379281426
            ],
            [
              79.01761102009513,
              30.452483923739052
            ],
            [
              79.02385681601247,
              30.452578700819885
            ],
            [
              79.02514963828925,
              30.450433154293982
            ],
            [
              79.02764791217636,
              30.450470954342897
            ],
            [
              79.0276915118402,
              30.448306484217532
            ],
            [
              79.03143884882795,
              30.44836308981796
            ],
            [
              79.03146060553615,
              30.447280852029756
            ],
            [
              79.03395880852796,
              30.44731852774533
            ],
            [
              79.03398053649059,
              30.446236288142767
            ],
            [
              79.03650041584955,
              30.445191673042075
            ],
            [
              79.03654381075916,
              30.443027189631557
            ],
            [
              79.03904191291566,
              30.443064763315128
            ],
            [
              79.03908524799985,
              30.44090027589734
            ],
            [
              79.0415832997374,
              30.440937798576982
            ],
            [
              79.0416265750081,
              30.438773307156314
            ],
            [
              79.04414618464634,
              30.43772853122726
            ],
            [
              79.04421100257692,
              30.43448178722782
            ],
            [
              79.04673047445604,
              30.43343695470695
            ],
            [
              79.04806564788055,
              30.42912663959257
            ],
            [
              79.04931452983746,
              30.429145314462332
            ],
            [
              79.05187683920704,
              30.425935865277165
            ],
            [
              79.05562337515184,
              30.425991739422237
            ],
            [
              79.05564484549535,
              30.424909482260297
            ],
            [
              79.05689367937141,
              30.424928082302646
            ],
            [
              79.05691513478222,
              30.42384582414694
            ],
            [
              79.05816395605376,
              30.4238644114537
            ],
            [
              79.05818539653336,
              30.42278215230479
            ],
            [
              79.05943420520029,
              30.42280072687695
            ],
            [
              79.05945563075014,
              30.42171846673541
            ],
            [
              79.06070442681234,
              30.42173702857398
            ],
            [
              79.06326616820822,
              30.4185273276794
            ],
            [
              79.06576368586192,
              30.418564363034253
            ],
            [
              79.06578503794367,
              30.417482098130908
            ],
            [
              79.06703378474404,
              30.41750059711283
            ],
            [
              79.06705512190422,
              30.416418331220115
            ],
            [
              79.06830385609852,
              30.41643681747395
            ],
            [
              79.0683251783386,
              30.415354550592447
            ],
            [
              79.06957389992675,
              30.415373024119187
            ],
            [
              79.07213518249876,
              30.412163126423614
            ],
            [
              79.07837861287041,
              30.412255183880674
            ],
            [
              79.07839982040471,
              30.41117290988033
            ],
            [
              79.08089717309113,
              30.411209647770754
            ],
            [
              79.08091835195604,
              30.410127371996012
            ],
            [
              79.08216701626337,
              30.41014572225668
            ],
            [
              79.08229398278735,
              30.403652058818246
            ],
            [
              79.08354256570061,
              30.40367039241334
            ],
            [
              79.08358485118444,
              30.401505834812365
            ],
            [
              79.08233629577926,
              30.40148750279592
            ],
            [
              79.08235745055369,
              30.400405224495493
            ],
            [
              79.08360599220595,
              30.400423555722643
            ],
            [
              79.08366940838947,
              30.3971767172966
            ],
            [
              79.08491790993412,
              30.397195034232833
            ],
            [
              79.08620862934818,
              30.395048776177365
            ],
            [
              79.08870558316534,
              30.395085347284095
            ],
            [
              79.08874774031526,
              30.392920780294975
            ],
            [
              79.08999619144295,
              30.39293904639172
            ],
            [
              79.09012255297776,
              30.386445336079984
            ],
            [
              79.09261929371542,
              30.386481823080203
            ],
            [
              79.09264032248664,
              30.38539953578242
            ],
            [
              79.09388868082438,
              30.385417760620186
            ],
            [
              79.09393070746053,
              30.38325318387686
            ],
            [
              79.09642737258828,
              30.38328959466228
            ],
            [
              79.09646933970264,
              30.38112501401203
            ],
            [
              79.09896595442271,
              30.38116137399763
            ],
            [
              79.09898690879342,
              30.380079081817517
            ],
            [
              79.10148350058246,
              30.380115392575384
            ],
            [
              79.10150442633878,
              30.379033098638676
            ],
            [
              79.1052492813197,
              30.37908747306708
            ],
            [
              79.10645582584668,
              30.381270167971355
            ],
            [
              79.10895245872271,
              30.381306337300533
            ],
            [
              79.10893161313805,
              30.38238863553232
            ],
            [
              79.11142827801945,
              30.382424758752546
            ],
            [
              79.1114074587865,
              30.383507058347867
            ],
            [
              79.11764920945252,
              30.383597161734524
            ],
            [
              79.11762845780147,
              30.384679465018458
            ],
            [
              79.12264263025622,
              30.38366902992884
            ],
            [
              79.12393235077623,
              30.381522352302543
            ],
            [
              79.13017402022763,
              30.381611852098356
            ],
            [
              79.13019463109646,
              30.380529540514573
            ],
            [
              79.13518793182921,
              30.38060092277299
            ],
            [
              79.1352084866194,
              30.379518607922332
            ],
            [
              79.14644335477847,
              30.37967851399622
            ],
            [
              79.14646378479638,
              30.37859619206544
            ],
            [
              79.1502087196106,
              30.378649277310643
            ],
            [
              79.15018833081261,
              30.379731601528196
            ],
            [
              79.15268498703499,
              30.379766933634013
            ],
            [
              79.15266462461234,
              30.380849259181712
            ],
            [
              79.15391296812209,
              30.38086690812008
            ],
            [
              79.15389261833623,
              30.381949234236206
            ],
            [
              79.15638933615092,
              30.381984497880634
            ],
            [
              79.15636901274584,
              30.383066825323958
            ],
            [
              79.1626108952804,
              30.383154779663766
            ],
            [
              79.1625906394896,
              30.384237110703854
            ],
            [
              79.16383903304016,
              30.38425466657305
            ],
            [
              79.1637985456506,
              30.38641932959052
            ],
            [
              79.165046967789,
              30.386436875052176
            ],
            [
              79.1648446024183,
              30.39726018619524
            ],
            [
              79.16609316314691,
              30.39727772728959
            ],
            [
              79.16605270440336,
              30.399442388728467
            ],
            [
              79.16480411616729,
              30.399424846123384
            ],
            [
              79.16458136324692,
              30.411330462018665
            ],
            [
              79.1658301028273,
              30.411348012933907
            ],
            [
              79.16703838374534,
              30.413530209881195
            ],
            [
              79.16953592344788,
              30.413565255069607
            ],
            [
              79.16951571945081,
              30.414647585272537
            ],
            [
              79.17201329106683,
              30.414682584235713
            ],
            [
              79.17199311350474,
              30.415764915753524
            ],
            [
              79.17324191472052,
              30.41578239808735
            ],
            [
              79.17310073751463,
              30.423358718612487
            ],
            [
              79.17434963620462,
              30.42337619427683
            ],
            [
              79.17432947742759,
              30.42445852576575
            ],
            [
              79.17308056496597,
              30.42444104934926
            ],
            [
              79.17306039132308,
              30.425523379894315
            ],
            [
              79.17430931755703,
              30.425540857062984
            ],
            [
              79.17418833536745,
              30.43203484082032
            ],
            [
              79.17293932648367,
              30.432017359138307
            ],
            [
              79.17289896278095,
              30.434182017352367
            ],
            [
              79.17040089318643,
              30.434147015150746
            ],
            [
              79.1703604699874,
              30.436311669585397
            ],
            [
              79.16657278087482,
              30.438423721327137
            ],
            [
              79.16653226621162,
              30.44058836970069
            ],
            [
              79.1652831536675,
              30.440570810325077
            ],
            [
              79.16516150059586,
              30.44706474630758
            ],
            [
              79.17386552364746,
              30.44935209709219
            ],
            [
              79.1738453386125,
              30.450434423979033
            ],
            [
              79.1763236697554,
              30.45155170527192
            ],
            [
              79.17749234007215,
              30.4558984785249
            ],
            [
              79.17997085160795,
              30.457015696909394
            ],
            [
              79.17993060306779,
              30.45918035531691
            ],
            [
              79.18734660102375,
              30.463614081058545
            ],
            [
              79.1872463527765,
              30.469025742338147
            ],
            [
              79.18849584361463,
              30.46904310609276
            ],
            [
              79.18847580450695,
              30.470125438520235
            ],
            [
              79.18722629986523,
              30.470108074018956
            ],
            [
              79.18718619078045,
              30.47227273680543
            ],
            [
              79.18966522780764,
              30.473389789432034
            ],
            [
              79.18962516742567,
              30.475554454054087
            ],
            [
              79.19087474326963,
              30.475571798363237
            ],
            [
              79.19085472525764,
              30.476654131132445
            ],
            [
              79.19210431599521,
              30.476671464223912
            ],
            [
              79.19208431070675,
              30.477753797546665
            ],
            [
              79.19333391633806,
              30.477771119419387
            ],
            [
              79.19577323277304,
              30.4810527327891
            ],
            [
              79.19827253448116,
              30.48108729724389
            ],
            [
              79.19825259391402,
              30.482169633518698
            ],
            [
              79.20200159602,
              30.48222139268314
            ],
            [
              79.20198169581084,
              30.483303730991476
            ],
            [
              79.20323137915159,
              30.483320960854382
            ],
            [
              79.20444131517249,
              30.4855028577542
            ],
            [
              79.20694074250001,
              30.485537260603206
            ],
            [
              79.20692089431563,
              30.486619601296674
            ],
            [
              79.21067008482294,
              30.486671118024496
            ],
            [
              79.21063046812631,
              30.488835803265996
            ],
            [
              79.21812904392081,
              30.48893852239798
            ],
            [
              79.21814876990182,
              30.487856175457654
            ],
            [
              79.2193985224644,
              30.487873252684523
            ],
            [
              79.21935909706873,
              30.490037947841966
            ],
            [
              79.22060887833602,
              30.490055014566572
            ],
            [
              79.22058917785405,
              30.491137362591832
            ],
            [
              79.22183897400859,
              30.49115441807906
            ],
            [
              79.22179959748077,
              30.4933191150217
            ],
            [
              79.22304942234332,
              30.4933361600031
            ],
            [
              79.22297071176777,
              30.497665554522595
            ],
            [
              79.22545082261145,
              30.498781964039395
            ],
            [
              79.22539185823214,
              30.50202901173729
            ],
            [
              79.22414192064353,
              30.502011984846913
            ],
            [
              79.22410257807344,
              30.504176680891966
            ],
            [
              79.22535254331787,
              30.5041937092458
            ],
            [
              79.22519524102768,
              30.51285249162526
            ],
            [
              79.22144501653592,
              30.512801353056293
            ],
            [
              79.22142530744767,
              30.513883697795322
            ],
            [
              79.21144446495458,
              30.512664456364067
            ],
            [
              79.21142464518866,
              30.513746795221326
            ],
            [
              79.20892449035308,
              30.513712449761762
            ],
            [
              79.20763468878029,
              30.515859931771097
            ],
            [
              79.20138418757017,
              30.5157737911392
            ],
            [
              79.20140412017145,
              30.514691458580057
            ],
            [
              79.1964037939901,
              30.514622333363302
            ],
            [
              79.19642378084997,
              30.51354000358222
            ],
            [
              79.19392365192627,
              30.513505370572037
            ],
            [
              79.19394366537045,
              30.512423042087107
            ],
            [
              79.1914435684539,
              30.51238836264285
            ],
            [
              79.1914235273422,
              30.51347068963776
            ],
            [
              79.19017346667938,
              30.513453331199194
            ],
            [
              79.19019352162478,
              30.51237100495004
            ],
            [
              79.18769343122861,
              30.512336253623292
            ],
            [
              79.18767334861599,
              30.513418578379362
            ],
            [
              79.1851732349072,
              30.513383777636196
            ],
            [
              79.1851531235374,
              30.514466100705206
            ],
            [
              79.18013268607179,
              30.515478672334076
            ],
            [
              79.17884224100126,
              30.51762584225198
            ],
            [
              79.17382158691858,
              30.518638160904377
            ],
            [
              79.17374061489167,
              30.522967421171543
            ],
            [
              79.17249044498666,
              30.522949888226158
            ],
            [
              79.16992924335896,
              30.526161722780767
            ],
            [
              79.16617862226623,
              30.52610897332823
            ],
            [
              79.16615829016833,
              30.52719128281166
            ],
            [
              79.16365785393047,
              30.527156055064985
            ],
            [
              79.16363749304422,
              30.528238362843098
            ],
            [
              79.16238726273717,
              30.528220730232206
            ],
            [
              79.16240763746649,
              30.5271384232114
            ],
            [
              79.15740678266111,
              30.5270677759297
            ],
            [
              79.15742721165488,
              30.525985471750968
            ],
            [
              79.15242642993421,
              30.52591463572584
            ],
            [
              79.15244691318567,
              30.52483233439731
            ],
            [
              79.14619603022605,
              30.5247435234968
            ],
            [
              79.14617547776957,
              30.525825821010603
            ],
            [
              79.14115412714871,
              30.526836847754545
            ],
            [
              79.14117473608528,
              30.525754553494313
            ],
            [
              79.13742419154784,
              30.52570097700796
            ],
            [
              79.13744484088919,
              30.52461868485637
            ],
            [
              79.13244418587381,
              30.524547084819794
            ],
            [
              79.13246488945461,
              30.523464795551007
            ],
            [
              79.12996459635606,
              30.52342892516431
            ],
            [
              79.12998532649223,
              30.522346637243615
            ],
            [
              79.12748506556552,
              30.52231072046273
            ],
            [
              79.12750582225392,
              30.521228433892126
            ],
            [
              79.12125525882782,
              30.52113843609254
            ],
            [
              79.12127608357605,
              30.520056153195075
            ],
            [
              79.12002598811097,
              30.520038118460867
            ],
            [
              79.12006766189266,
              30.517873553636957
            ],
            [
              79.11881759522835,
              30.51785550847075
            ],
            [
              79.11888013893206,
              30.51460866211445
            ],
            [
              79.11388004958708,
              30.51453637095404
            ],
            [
              79.11390095055685,
              30.513454091555325
            ],
            [
              79.11140094034309,
              30.513417875653086
            ],
            [
              79.11144279420742,
              30.511253319388786
            ],
            [
              79.11019281846332,
              30.511235195026487
            ],
            [
              79.11021375752367,
              30.510152917383703
            ],
            [
              79.10771383710052,
              30.510116634284106
            ],
            [
              79.10642191635802,
              30.51226302518263
            ],
            [
              79.09892202326684,
              30.512153807180134
            ],
            [
              79.09890095745834,
              30.513236077405605
            ],
            [
              79.09515098482578,
              30.513181304345853
            ],
            [
              79.09258759703283,
              30.51639152682428
            ],
            [
              79.09008754258882,
              30.51635489892425
            ],
            [
              79.09010870865217,
              30.515272634776075
            ],
            [
              79.0863586770901,
              30.51521760544075
            ],
            [
              79.0864010887631,
              30.51305308129281
            ],
            [
              79.08265115053344,
              30.51299794888105
            ],
            [
              79.08262990377929,
              30.514080208683055
            ],
            [
              79.08012992305511,
              30.514043392269468
            ],
            [
              79.07756603378563,
              30.517253296691525
            ],
            [
              79.07631600596564,
              30.517234844181854
            ],
            [
              79.07633732533915,
              30.516152588917883
            ],
            [
              79.07383730083197,
              30.516115649545437
            ],
            [
              79.07127315336555,
              30.519325417939466
            ],
            [
              79.06877305512161,
              30.519288377958944
            ],
            [
              79.06875164927249,
              30.52037062787565
            ],
            [
              79.06372994902439,
              30.52137864749179
            ],
            [
              79.06370848551067,
              30.52246089383301
            ],
            [
              79.06245840127148,
              30.522442305553568
            ],
            [
              79.05989371422878,
              30.525651823719823
            ],
            [
              79.05739347088273,
              30.525614558484826
            ],
            [
              79.05737193352145,
              30.526696800054165
            ],
            [
              79.05362153574299,
              30.52664080992061
            ],
            [
              79.05359995569651,
              30.527723048891524
            ],
            [
              79.04609910870363,
              30.527610740236153
            ],
            [
              79.04612077178444,
              30.52652850608861
            ],
            [
              79.04112028594986,
              30.52645339719304
            ],
            [
              79.04109856751388,
              30.527535628114723
            ],
            [
              79.0373481739786,
              30.527479168191093
            ],
            [
              79.03732641284748,
              30.528561396494002
            ],
            [
              79.03482612870772,
              30.528523695006115
            ],
            [
              79.0348043387173,
              30.52960592149588
            ],
            [
              79.01855242730116,
              30.529359682789792
            ],
            [
              79.01853045620588,
              30.53044189851051
            ],
            [
              79.01603015228144,
              30.53040383423064
            ],
            [
              79.01473597329847,
              30.532549210066602
            ],
            [
              79.010985446892,
              30.532491982892097
            ],
            [
              79.01096338917213,
              30.53357419311964
            ],
            [
              79.00844092992607,
              30.534618188492995
            ],
            [
              79.00839675313435,
              30.53678260469422
            ],
            [
              79.00460181390584,
              30.538889598367017
            ],
            [
              79.00453540793443,
              30.542136212647318
            ],
            [
              79.00328511624242,
              30.54211704561792
            ],
            [
              79.00324081189952,
              30.544281452519776
            ],
            [
              79.00199049371065,
              30.54426227185343
            ],
            [
              79.00196832588875,
              30.54534447418909
            ],
            [
              78.99821733698359,
              30.5452868577706
            ],
            [
              78.9969225597011,
              30.547432025804184
            ],
            [
              78.99317150213953,
              30.547374260529445
            ],
            [
              78.99319376932117,
              30.54629206436193
            ],
            [
              78.9844414408992,
              30.54615686479753
            ],
            [
              78.98441907676316,
              30.54723905516078
            ],
            [
              78.98316873512236,
              30.54721969213984
            ],
            [
              78.98307921104964,
              30.551548448319586
            ],
            [
              78.9818288152126,
              30.55152906997953
            ],
            [
              78.98039909251573,
              30.560167169337774
            ],
            [
              78.97787563601217,
              30.56121052302483
            ],
            [
              78.97780828112832,
              30.564457072858872
            ],
            [
              78.9765577238542,
              30.564437636535185
            ],
            [
              78.97646784485465,
              30.56876636358107
            ],
            [
              78.97771845758479,
              30.568785803241344
            ],
            [
              78.97756121953618,
              30.576361073903527
            ],
            [
              78.97631050972916,
              30.576341628403526
            ],
            [
              78.97628802841149,
              30.57742380831235
            ],
            [
              78.97378658470981,
              30.577384879625335
            ],
            [
              78.97376407443059,
              30.578467057668888
            ],
            [
              78.97126260786338,
              30.57842807928534
            ],
            [
              78.97124006861976,
              30.579510255461493
            ],
            [
              78.96998932329497,
              30.579490747423034
            ],
            [
              78.96996676895718,
              30.58057292256712
            ],
            [
              78.96871601098115,
              30.580553401684227
            ],
            [
              78.96614670348247,
              30.58376084061542
            ],
            [
              78.95989273609557,
              30.58366292341616
            ]
          ]
        ]
      },
      "properties": {
        "id": "chandrapuri",
        "name": "Chandrapuri (001) incremental catchment",
        "area_km2": 296.05,
        "status": "REPLAY",
        "geometry_origin": "Copernicus GLO-30; resampled 120m; priority-flood/D8; provisional"
      }
    },
    {
      "type": "Feature",
      "geometry": {
        "type": "Polygon",
        "coordinates": [
          [
            [
              78.9749836941251,
              30.459406913045278
            ],
            [
              78.97377928973481,
              30.457223113939083
            ],
            [
              78.96503503784386,
              30.457086967953014
            ],
            [
              78.96383088650586,
              30.454903087533882
            ],
            [
              78.96008345465091,
              30.454844529215407
            ],
            [
              78.9601060054921,
              30.453762339842864
            ],
            [
              78.95760775127286,
              30.453723242908186
            ],
            [
              78.95765290442489,
              30.451558866941642
            ],
            [
              78.95640380672006,
              30.45153930223703
            ],
            [
              78.9564263952431,
              30.450457114803026
            ],
            [
              78.95767547916465,
              30.450476678666174
            ],
            [
              78.95790115924666,
              30.439654785198115
            ],
            [
              78.96539486169391,
              30.439771867150135
            ],
            [
              78.96541734032023,
              30.438689671695272
            ],
            [
              78.97041311124049,
              30.438767484174814
            ],
            [
              78.97043553354865,
              30.43768528517778
            ],
            [
              78.97293339875787,
              30.43772411810669
            ],
            [
              78.97295579230168,
              30.436641917244415
            ],
            [
              78.97795148219014,
              30.436719436491252
            ],
            [
              78.97797381942496,
              30.43563723209937
            ],
            [
              78.98047164409307,
              30.435675918422834
            ],
            [
              78.98049395257043,
              30.43459371217209
            ],
            [
              78.98424065732517,
              30.434651649623056
            ],
            [
              78.98426292327537,
              30.433569440685176
            ],
            [
              78.98551181350385,
              30.433588728462087
            ],
            [
              78.98553406447472,
              30.432506518499974
            ],
            [
              78.98803182100747,
              30.432545056581617
            ],
            [
              78.99059616278807,
              30.42933690591824
            ],
            [
              78.99434268990879,
              30.42939454444227
            ],
            [
              78.99436483966973,
              30.4283123279087
            ],
            [
              78.99811133629441,
              30.428369856531255
            ],
            [
              78.99813344354833,
              30.427287637328032
            ],
            [
              79.00063108642377,
              30.427325928416256
            ],
            [
              79.00065316494275,
              30.42624370737119
            ],
            [
              79.00439959693084,
              30.426301052020264
            ],
            [
              79.00696324610585,
              30.423092545481314
            ],
            [
              79.00946079558206,
              30.423130662910705
            ],
            [
              79.00948277295495,
              30.422048435339004
            ],
            [
              79.01073153571605,
              30.422067475333854
            ],
            [
              79.01081937823388,
              30.417738559830195
            ],
            [
              79.01206808713161,
              30.41775758461642
            ],
            [
              79.01213391523089,
              30.41451089349626
            ],
            [
              79.0133825840356,
              30.414529903896476
            ],
            [
              79.01237519330057,
              30.402606344461905
            ],
            [
              79.01362371079064,
              30.402625345862283
            ],
            [
              79.0136675365627,
              30.400460878245543
            ],
            [
              79.01491602773936,
              30.40047986608683
            ],
            [
              79.0150692842676,
              30.392904217601828
            ],
            [
              79.01758793926402,
              30.391859908175554
            ],
            [
              79.01763165880514,
              30.38969543178224
            ],
            [
              79.02012837453101,
              30.389733307690598
            ],
            [
              79.02021568945041,
              30.38540434605556
            ],
            [
              79.02146399412361,
              30.385423262873722
            ],
            [
              79.024025957123,
              30.38221433017482
            ],
            [
              79.02777076167595,
              30.382270930322434
            ],
            [
              79.02906248314744,
              30.380125278684392
            ],
            [
              79.0315589728214,
              30.380162925470056
            ],
            [
              79.03158066904389,
              30.37908067629599
            ],
            [
              79.03282890191046,
              30.379099481008165
            ],
            [
              79.03287226335316,
              30.376934980459712
            ],
            [
              79.03536867767258,
              30.376972550907254
            ],
            [
              79.03792996522839,
              30.373763311728187
            ],
            [
              79.04541900320778,
              30.37387557971284
            ],
            [
              79.04539746393483,
              30.374957838734986
            ],
            [
              79.05536159262826,
              30.37618913402407
            ],
            [
              79.05538302319489,
              30.375106868775227
            ],
            [
              79.06037583075548,
              30.375181097909135
            ],
            [
              79.06039720522351,
              30.37409882926959
            ],
            [
              79.06541129477883,
              30.37309059259804
            ],
            [
              79.0667020825484,
              30.370944524645502
            ],
            [
              79.07171595830916,
              30.369936035647225
            ],
            [
              79.07427590196758,
              30.36672602074419
            ],
            [
              79.07924717902972,
              30.367881791711056
            ],
            [
              79.07920485476062,
              30.3700463549464
            ],
            [
              79.08045300819283,
              30.37006469981094
            ],
            [
              79.08043185806767,
              30.371146981929826
            ],
            [
              79.08540344185178,
              30.37230253052439
            ],
            [
              79.08781552931532,
              30.376668237094435
            ],
            [
              79.09031201816764,
              30.376704757607236
            ],
            [
              79.0915181964013,
              30.37888757590746
            ],
            [
              79.0940147470525,
              30.37892402807895
            ],
            [
              79.09399373886443,
              30.380006317317324
            ],
            [
              79.09646933970264,
              30.38112501401203
            ],
            [
              79.09642737258828,
              30.38328959466228
            ],
            [
              79.09393070746053,
              30.38325318387686
            ],
            [
              79.09388868082438,
              30.385417760620186
            ],
            [
              79.09264032248664,
              30.38539953578242
            ],
            [
              79.09261929371542,
              30.386481823080203
            ],
            [
              79.09012255297776,
              30.386445336079984
            ],
            [
              79.08999619144295,
              30.39293904639172
            ],
            [
              79.08874774031526,
              30.392920780294975
            ],
            [
              79.08870558316534,
              30.395085347284095
            ],
            [
              79.08620862934818,
              30.395048776177365
            ],
            [
              79.08618752155905,
              30.396131057808006
            ],
            [
              79.08366940838947,
              30.3971767172966
            ],
            [
              79.08360599220595,
              30.400423555722643
            ],
            [
              79.08235745055369,
              30.400405224495493
            ],
            [
              79.08233629577926,
              30.40148750279592
            ],
            [
              79.08358485118444,
              30.401505834812365
            ],
            [
              79.08354256570061,
              30.40367039241334
            ],
            [
              79.08229398278735,
              30.403652058818246
            ],
            [
              79.08216701626337,
              30.41014572225668
            ],
            [
              79.08091835195604,
              30.410127371996012
            ],
            [
              79.08089717309113,
              30.411209647770754
            ],
            [
              79.07839982040471,
              30.41117290988033
            ],
            [
              79.07837861287041,
              30.412255183880674
            ],
            [
              79.07213518249876,
              30.412163126423614
            ],
            [
              79.07211390500997,
              30.413245396268213
            ],
            [
              79.07086520863447,
              30.413226948192634
            ],
            [
              79.07084391623009,
              30.414309217050103
            ],
            [
              79.06959520724823,
              30.414290756249425
            ],
            [
              79.06957389992675,
              30.415373024119187
            ],
            [
              79.0683251783386,
              30.415354550592447
            ],
            [
              79.06576368586192,
              30.418564363034253
            ],
            [
              79.06326616820822,
              30.4185273276794
            ],
            [
              79.0632447874386,
              30.419609590795567
            ],
            [
              79.06199601658618,
              30.419591054421158
            ],
            [
              79.06197462089132,
              30.42067331654633
            ],
            [
              79.06072583743395,
              30.420654767440347
            ],
            [
              79.06070442681234,
              30.42173702857398
            ],
            [
              79.05945563075014,
              30.42171846673541
            ],
            [
              79.05943420520029,
              30.42280072687695
            ],
            [
              79.05818539653336,
              30.42278215230479
            ],
            [
              79.05562337515184,
              30.425991739422237
            ],
            [
              79.05187683920704,
              30.425935865277165
            ],
            [
              79.05185532639018,
              30.427018119841264
            ],
            [
              79.04806564788055,
              30.42912663959257
            ],
            [
              79.04673047445604,
              30.43343695470695
            ],
            [
              79.04421100257692,
              30.43448178722782
            ],
            [
              79.04414618464634,
              30.43772853122726
            ],
            [
              79.0416265750081,
              30.438773307156314
            ],
            [
              79.0415832997374,
              30.440937798576982
            ],
            [
              79.03908524799985,
              30.44090027589734
            ],
            [
              79.03904191291566,
              30.443064763315128
            ],
            [
              79.03654381075916,
              30.443027189631557
            ],
            [
              79.03650041584955,
              30.445191673042075
            ],
            [
              79.03525133897351,
              30.445172866666667
            ],
            [
              79.03395880852796,
              30.44731852774533
            ],
            [
              79.03146060553615,
              30.447280852029756
            ],
            [
              79.03143884882795,
              30.44836308981796
            ],
            [
              79.0276915118402,
              30.448306484217532
            ],
            [
              79.02764791217636,
              30.450470954342897
            ],
            [
              79.02514963828925,
              30.450433154293982
            ],
            [
              79.02385681601247,
              30.452578700819885
            ],
            [
              79.01761102009513,
              30.452483923739052
            ],
            [
              79.01756719037618,
              30.454648379281426
            ],
            [
              79.01631800718052,
              30.4546293863881
            ],
            [
              79.01629607675028,
              30.45571161305149
            ],
            [
              79.01379768635096,
              30.4556735897833
            ],
            [
              79.01381964435738,
              30.454591364755203
            ],
            [
              79.00757375814908,
              30.45449610157184
            ],
            [
              79.00628050182495,
              30.456641453115296
            ],
            [
              79.00378210293599,
              30.456603237018477
            ],
            [
              79.00376003223352,
              30.45768545509657
            ],
            [
              79.00126161055341,
              30.457647189556617
            ],
            [
              79.00123951107457,
              30.45872940579488
            ],
            [
              78.99499340890945,
              30.458633528700872
            ],
            [
              78.99497123928055,
              30.459715740621693
            ],
            [
              78.98997432402098,
              30.459638820536235
            ],
            [
              78.98999654881025,
              30.458556611923253
            ],
            [
              78.98000288650282,
              30.45840220477275
            ],
            [
              78.97998055139544,
              30.45948440674541
            ],
            [
              78.9749836941251,
              30.459406913045278
            ]
          ]
        ]
      },
      "properties": {
        "id": "agastmuni",
        "name": "Agastmuni incremental catchment",
        "area_km2": 58.493,
        "status": "REPLAY",
        "geometry_origin": "Copernicus GLO-30; resampled 120m; priority-flood/D8; provisional"
      }
    },
    {
      "type": "Feature",
      "geometry": {
        "type": "Polygon",
        "coordinates": [
          [
            [
              78.91009036230308,
              30.630502596188794
            ],
            [
              78.91011362776203,
              30.62942047017961
            ],
            [
              78.90886228921339,
              30.629400345336087
            ],
            [
              78.90890884416089,
              30.62723609445403
            ],
            [
              78.90642952985357,
              30.626113688123834
            ],
            [
              78.90647613284712,
              30.623949439517222
            ],
            [
              78.90276902223981,
              30.62172468940105
            ],
            [
              78.90288570349557,
              30.61631407545365
            ],
            [
              78.9016345393269,
              30.616293888821968
            ],
            [
              78.90043009565946,
              30.61410944667709
            ],
            [
              78.89667669791052,
              30.61404878377963
            ],
            [
              78.89670009731292,
              30.612966664340583
            ],
            [
              78.89544898115729,
              30.612946420199616
            ],
            [
              78.89549580394562,
              30.61078218246821
            ],
            [
              78.89424471684309,
              30.610761928043107
            ],
            [
              78.89426814022684,
              30.60967980975122
            ],
            [
              78.89176599761107,
              30.609639266579762
            ],
            [
              78.89178944750745,
              30.608557149829732
            ],
            [
              78.89053839199478,
              30.60853686108499
            ],
            [
              78.89056185451089,
              30.60745474500843
            ],
            [
              78.88685574182057,
              30.60522958175772
            ],
            [
              78.88690274128038,
              30.60306535345466
            ],
            [
              78.88565176029533,
              30.60304502099486
            ],
            [
              78.88567527200189,
              30.60196290742047
            ],
            [
              78.88820069013622,
              30.60092144306684
            ],
            [
              78.88827113049456,
              30.597675095346087
            ],
            [
              78.89079640979298,
              30.59663357343952
            ],
            [
              78.89086675160769,
              30.59338721813904
            ],
            [
              78.88961589175307,
              30.593366929559448
            ],
            [
              78.88978007534736,
              30.585792099742598
            ],
            [
              78.88852931390146,
              30.5857718052457
            ],
            [
              78.88609826502315,
              30.58248482948632
            ],
            [
              78.87984469770285,
              30.582383069904974
            ],
            [
              78.87986825458117,
              30.581300956963265
            ],
            [
              78.87488909025797,
              30.58013722705508
            ],
            [
              78.87491270006242,
              30.579055117221642
            ],
            [
              78.87243501177214,
              30.5779321302853
            ],
            [
              78.87248228045661,
              30.575767913142872
            ],
            [
              78.87123166170369,
              30.575747458439366
            ],
            [
              78.87130259672522,
              30.572501133883947
            ],
            [
              78.8700520208497,
              30.572480669812016
            ],
            [
              78.87007567715911,
              30.571398562111685
            ],
            [
              78.86882511642908,
              30.571378086917306
            ],
            [
              78.86884878532013,
              30.570295979898894
            ],
            [
              78.86759823973547,
              30.570275493583086
            ],
            [
              78.86762192120665,
              30.569193387247058
            ],
            [
              78.86637139076723,
              30.569172889810897
            ],
            [
              78.86639508481706,
              30.56809078415774
            ],
            [
              78.86269101019867,
              30.56586501588186
            ],
            [
              78.86271474197542,
              30.564782912280183
            ],
            [
              78.86651353581354,
              30.562680252942332
            ],
            [
              78.86656090722866,
              30.560516039079772
            ],
            [
              78.86408378343637,
              30.55939291682681
            ],
            [
              78.86415491020992,
              30.556146599249068
            ],
            [
              78.86290454991054,
              30.556126076386313
            ],
            [
              78.86292827011846,
              30.555043971014598
            ],
            [
              78.85922475815836,
              30.552818127071493
            ],
            [
              78.85939103644824,
              30.545243399727198
            ],
            [
              78.86318910760035,
              30.543140798948258
            ],
            [
              78.86344978966089,
              30.531237603094223
            ],
            [
              78.86219974906005,
              30.53121708850408
            ],
            [
              78.86222345356015,
              30.530134979491635
            ],
            [
              78.86347348032592,
              30.530155493200905
            ],
            [
              78.86486554241368,
              30.523683326160583
            ],
            [
              78.86611548875084,
              30.523703810629723
            ],
            [
              78.86616279550921,
              30.521539584375372
            ],
            [
              78.867412715469,
              30.521560055108456
            ],
            [
              78.86748362451,
              30.518313711616056
            ],
            [
              78.86873350426738,
              30.51833416773655
            ],
            [
              78.86882797642276,
              30.51400570348247
            ],
            [
              78.86757815196619,
              30.513985250876267
            ],
            [
              78.86764903411152,
              30.510738903259142
            ],
            [
              78.86639925240313,
              30.51071844131691
            ],
            [
              78.86644652840563,
              30.50855421034814
            ],
            [
              78.86397068783393,
              30.507431140048624
            ],
            [
              78.8640180114234,
              30.5052669114202
            ],
            [
              78.8627683026576,
              30.505246417966028
            ],
            [
              78.86161333749324,
              30.500897459974382
            ],
            [
              78.86036368655795,
              30.500876946108363
            ],
            [
              78.86038738274222,
              30.499794833356454
            ],
            [
              78.85788811235341,
              30.499753771488766
            ],
            [
              78.85791183487966,
              30.498671660304662
            ],
            [
              78.85666221542671,
              30.498651112304618
            ],
            [
              78.85670968424581,
              30.49648689111268
            ],
            [
              78.85546009370317,
              30.49646633291391
            ],
            [
              78.85548383999385,
              30.495384222906544
            ],
            [
              78.85423426454909,
              30.49536365362722
            ],
            [
              78.85180647295589,
              30.492076155934956
            ],
            [
              78.84930741394204,
              30.492034938943394
            ],
            [
              78.84933122412266,
              30.49095283257411
            ],
            [
              78.84683219788623,
              30.490911569507176
            ],
            [
              78.84685603438955,
              30.489829464714507
            ],
            [
              78.843107546147,
              30.48976748306623
            ],
            [
              78.8430836682242,
              30.490849585195253
            ],
            [
              78.83683614468418,
              30.49074603878091
            ],
            [
              78.83686009163826,
              30.489663941101586
            ],
            [
              78.83438509218227,
              30.488540344497945
            ],
            [
              78.83323155686108,
              30.48419119442505
            ],
            [
              78.830732729974,
              30.484149631082836
            ],
            [
              78.83075673814821,
              30.48306753668487
            ],
            [
              78.82450976272487,
              30.48296342354172
            ],
            [
              78.8245579131697,
              30.480799243104563
            ],
            [
              78.82330854959717,
              30.480778386397215
            ],
            [
              78.82587945253287,
              30.47757381303533
            ],
            [
              78.82837810341108,
              30.477615461298342
            ],
            [
              78.8284021313714,
              30.476533367507514
            ],
            [
              78.8309007598664,
              30.47657496616349
            ],
            [
              78.83092475893213,
              30.475492870387697
            ],
            [
              78.83467267004195,
              30.475555176035954
            ],
            [
              78.83469662642041,
              30.474473077385113
            ],
            [
              78.83594591892658,
              30.474493821135034
            ],
            [
              78.83599380019868,
              30.47232962145969
            ],
            [
              78.83724306641379,
              30.472350351473796
            ],
            [
              78.83854015483473,
              30.47020686550967
            ],
            [
              78.84103863857467,
              30.470248262215907
            ],
            [
              78.84106251950068,
              30.469166158128353
            ],
            [
              78.84231174952095,
              30.469186837665077
            ],
            [
              78.84240720511816,
              30.464858415792584
            ],
            [
              78.84365638127109,
              30.4648790798242
            ],
            [
              78.84495322360097,
              30.462735516238173
            ],
            [
              78.84745152721548,
              30.462776781007125
            ],
            [
              78.84747533014522,
              30.461694671103793
            ],
            [
              78.84872447010147,
              30.461715284679624
            ],
            [
              78.8487720445174,
              30.459551062510776
            ],
            [
              78.85002115819114,
              30.459571662367253
            ],
            [
              78.85011623641248,
              30.45524321212889
            ],
            [
              78.84641667873495,
              30.45301716637417
            ],
            [
              78.84646428764006,
              30.450852944607757
            ],
            [
              78.84396628984165,
              30.45081167546856
            ],
            [
              78.84399011991587,
              30.44972956606551
            ],
            [
              78.84651189138262,
              30.448688722055465
            ],
            [
              78.84655948996307,
              30.44652449871732
            ],
            [
              78.84780843568743,
              30.44654511182664
            ],
            [
              78.84795111781669,
              30.440052431778337
            ],
            [
              78.84670225473677,
              30.44003182398824
            ],
            [
              78.84674983267368,
              30.437867597507122
            ],
            [
              78.84550099842586,
              30.4378469795536
            ],
            [
              78.84564378388852,
              30.431354300717885
            ],
            [
              78.84439503353926,
              30.431333676152516
            ],
            [
              78.84196903590706,
              30.428046057143455
            ],
            [
              78.83947162683917,
              30.428004729815534
            ],
            [
              78.83949548484433,
              30.426922619841193
            ],
            [
              78.83824679601366,
              30.426901939169856
            ],
            [
              78.83827066648712,
              30.42581982988888
            ],
            [
              78.83457246867991,
              30.42359350515566
            ],
            [
              78.83464418839844,
              30.42034718297193
            ],
            [
              78.83339558731038,
              30.42032645992822
            ],
            [
              78.83224270571102,
              30.415977299763142
            ],
            [
              78.82600000136077,
              30.415873463868795
            ],
            [
              78.82602399643511,
              30.4147913615477
            ],
            [
              78.82477547322028,
              30.414770559487913
            ],
            [
              78.8236950729073,
              30.407175036286617
            ],
            [
              78.82244664855357,
              30.40715421665091
            ],
            [
              78.82247067446272,
              30.406072115443767
            ],
            [
              78.8187735808559,
              30.40384539008039
            ],
            [
              78.81762150305333,
              30.399496131444497
            ],
            [
              78.82011815019553,
              30.399537841592814
            ],
            [
              78.82141453548259,
              30.397394475220047
            ],
            [
              78.82391113547877,
              30.39743611027859
            ],
            [
              78.82395913506136,
              30.39527190233633
            ],
            [
              78.82520740953086,
              30.395292700199903
            ],
            [
              78.82523139362972,
              30.394210595038473
            ],
            [
              78.83147271677775,
              30.394314401152677
            ],
            [
              78.83149663087963,
              30.393232291325305
            ],
            [
              78.83399314174582,
              30.393273728580287
            ],
            [
              78.83401702707317,
              30.392191616772347
            ],
            [
              78.8352652707114,
              30.39221231663631
            ],
            [
              78.83540847305262,
              30.385719636316704
            ],
            [
              78.83416031183133,
              30.38569894180006
            ],
            [
              78.83418418809057,
              30.384616828617297
            ],
            [
              78.83543233557832,
              30.38463752224278
            ],
            [
              78.83548005674639,
              30.382473293505825
            ],
            [
              78.83672817806361,
              30.382493973439303
            ],
            [
              78.8367997089164,
              30.379247626189514
            ],
            [
              78.83804779033511,
              30.379268291543024
            ],
            [
              78.83816691391692,
              30.373857704417105
            ],
            [
              78.8369189011368,
              30.37383704351347
            ],
            [
              78.83703806102915,
              30.368426455929967
            ],
            [
              78.83828600518927,
              30.368447112384203
            ],
            [
              78.83732391291682,
              30.35544102571072
            ],
            [
              78.84605839684535,
              30.355585296314825
            ],
            [
              78.84603467895913,
              30.35666742279559
            ],
            [
              78.84728248124509,
              30.356687986179068
            ],
            [
              78.8473061854173,
              30.355605858812275
            ],
            [
              78.84855397527541,
              30.355626409412388
            ],
            [
              78.84857766444814,
              30.35454428096402
            ],
            [
              78.8498254418783,
              30.35456481878177
            ],
            [
              78.84984911605302,
              30.353482689252417
            ],
            [
              78.85363967713594,
              30.351379963721925
            ],
            [
              78.85484018376127,
              30.353564718019047
            ],
            [
              78.85733572530789,
              30.35360566102305
            ],
            [
              78.85731213341022,
              30.354687795851437
            ],
            [
              78.85855991981711,
              30.35470825038984
            ],
            [
              78.85851275960955,
              30.356872521221693
            ],
            [
              78.86100839111785,
              30.356913398129343
            ],
            [
              78.86098483652555,
              30.357995535012755
            ],
            [
              78.86348050057701,
              30.35803636608635
            ],
            [
              78.86345697213905,
              30.35911850453322
            ],
            [
              78.86844837042109,
              30.359200027405368
            ],
            [
              78.87101441180843,
              30.355994285719163
            ],
            [
              78.8747578580837,
              30.356055223651484
            ],
            [
              78.87605244970995,
              30.35391121670417
            ],
            [
              78.87854803459051,
              30.353951755210463
            ],
            [
              78.87857139209089,
              30.35286960527275
            ],
            [
              78.87981917271944,
              30.352889855807167
            ],
            [
              78.88238467926584,
              30.349683862349696
            ],
            [
              78.88488016711081,
              30.34972427491469
            ],
            [
              78.8861744520027,
              30.347580151262907
            ],
            [
              78.90121647667442,
              30.344574963062083
            ],
            [
              78.90123957604231,
              30.343492795738072
            ],
            [
              78.90248725596146,
              30.343512824351127
            ],
            [
              78.90262574361677,
              30.33701981112893
            ],
            [
              78.903873342558,
              30.337039822672793
            ],
            [
              78.90391946768551,
              30.334875481645597
            ],
            [
              78.90516704047404,
              30.3348954795752
            ],
            [
              78.90646067983165,
              30.332751120360825
            ],
            [
              78.91269843175529,
              30.332850863625623
            ],
            [
              78.91272139404032,
              30.331768686405642
            ],
            [
              78.91646401905527,
              30.331828387131345
            ],
            [
              78.91775737445559,
              30.329683901711345
            ],
            [
              78.92649002655821,
              30.329822692140997
            ],
            [
              78.92778314034682,
              30.327678095458257
            ],
            [
              78.93027814263817,
              30.327717615699704
            ],
            [
              78.93166213074328,
              30.3212442089726
            ],
            [
              78.92919006090422,
              30.320122532238837
            ],
            [
              78.92928113087281,
              30.31579376836518
            ],
            [
              78.93052848201019,
              30.31581351317508
            ],
            [
              78.93061947745682,
              30.311484742780863
            ],
            [
              78.93186677507792,
              30.31150447230624
            ],
            [
              78.93193496764256,
              30.308257889914277
            ],
            [
              78.93318222544185,
              30.308277605009803
            ],
            [
              78.93320494014526,
              30.307195409639597
            ],
            [
              78.93694667988686,
              30.30725448111483
            ],
            [
              78.93696935230781,
              30.306172283002144
            ],
            [
              78.94071106207647,
              30.306231245042692
            ],
            [
              78.94073369221898,
              30.30514904419225
            ],
            [
              78.94447537199588,
              30.305207896806266
            ],
            [
              78.94449795986394,
              30.30412569322278
            ],
            [
              78.94948682866789,
              30.304203993732372
            ],
            [
              78.94946429552864,
              30.305286200693455
            ],
            [
              78.95320600102492,
              30.305344803908767
            ],
            [
              78.95318350771184,
              30.306427013203407
            ],
            [
              78.95692526524724,
              30.306485512054984
            ],
            [
              78.95690281176522,
              30.307567723678677
            ],
            [
              78.95815008039988,
              30.307587200382056
            ],
            [
              78.95944220126256,
              30.305442238407004
            ],
            [
              78.961936689884,
              30.305481129070774
            ],
            [
              78.96195908619731,
              30.3043989137015
            ],
            [
              78.96320631864924,
              30.30441834038046
            ],
            [
              78.96318393601884,
              30.305500556587745
            ],
            [
              78.97191469294347,
              30.305636216657547
            ],
            [
              78.97193697979202,
              30.304553994598574
            ],
            [
              78.97817320263248,
              30.304650534176176
            ],
            [
              78.9782398506897,
              30.30140385434257
            ],
            [
              78.98073426618096,
              30.30144238205102
            ],
            [
              78.98075645242669,
              30.30036015338999
            ],
            [
              78.98449804365282,
              30.300417853399377
            ],
            [
              78.98452018765389,
              30.29933562205533
            ],
            [
              78.98576737345445,
              30.299354830813535
            ],
            [
              78.98574524313358,
              30.300437062986294
            ],
            [
              78.98699244381577,
              30.300456260698358
            ],
            [
              78.98685971875516,
              30.306949654634742
            ],
            [
              78.98933219024033,
              30.30807025766349
            ],
            [
              78.98928799129001,
              30.31023472368132
            ],
            [
              78.9905353187292,
              30.310253893209254
            ],
            [
              78.99049114235639,
              30.312418360105656
            ],
            [
              78.99173849837108,
              30.31243751940662
            ],
            [
              78.99162810490832,
              30.317848687388576
            ],
            [
              78.99537038550395,
              30.317906106387653
            ],
            [
              78.9965737585366,
              30.320089694725098
            ],
            [
              78.99906867541583,
              30.320127894168728
            ],
            [
              78.99904667289879,
              30.32121013174437
            ],
            [
              79.00154162194507,
              30.321248285295223
            ],
            [
              79.00151964562514,
              30.322330524322478
            ],
            [
              79.00276713563373,
              30.322349584092162
            ],
            [
              79.00388290824321,
              30.328862071933226
            ],
            [
              79.00263533485172,
              30.328843019120605
            ],
            [
              79.0025913917184,
              30.331007495914193
            ],
            [
              79.00134379211664,
              30.330988429568816
            ],
            [
              79.00127782736236,
              30.334235140840494
            ],
            [
              79.00252546807381,
              30.334254209652048
            ],
            [
              79.00248151301372,
              30.33641868450889
            ],
            [
              79.00123384489207,
              30.33639961405313
            ],
            [
              79.00116786223441,
              30.339646322419235
            ],
            [
              79.0024155714769,
              30.339665395341445
            ],
            [
              79.00361934234054,
              30.34184893093301
            ],
            [
              79.0061148216235,
              30.34188702059165
            ],
            [
              79.00731870097296,
              30.34407052629104
            ],
            [
              79.01228791028761,
              30.345228764180263
            ],
            [
              79.01224415077003,
              30.347393248282476
            ],
            [
              79.01349196670118,
              30.34741221988192
            ],
            [
              79.01469607440973,
              30.349595666181177
            ],
            [
              79.01719176706123,
              30.349633553156583
            ],
            [
              79.01848324228561,
              30.347487987301264
            ],
            [
              79.0234745368101,
              30.347563564353152
            ],
            [
              79.02345277869927,
              30.34864581345467
            ],
            [
              79.028444146975,
              30.348721203385807
            ],
            [
              79.02842244254514,
              30.349803455543185
            ],
            [
              79.03216602226895,
              30.349859875485905
            ],
            [
              79.0321443578103,
              30.35094212988158
            ],
            [
              79.03588798926488,
              30.35099844515646
            ],
            [
              79.03586636478234,
              30.352080701785912
            ],
            [
              79.0433537416612,
              30.352193015873247
            ],
            [
              79.0433752838386,
              30.351110754403418
            ],
            [
              79.04587105805676,
              30.351148095617084
            ],
            [
              79.04584954331487,
              30.35223035869626
            ],
            [
              79.05084116062756,
              30.35230490153124
            ],
            [
              79.05086262049784,
              30.35122263523951
            ],
            [
              79.05335840870882,
              30.351259833647635
            ],
            [
              79.05337983997988,
              30.35017756555967
            ],
            [
              79.05462772211298,
              30.350196146112005
            ],
            [
              79.05464913850436,
              30.349113877030216
            ],
            [
              79.05589700808305,
              30.34913244488212
            ],
            [
              79.0559184095962,
              30.348050174807028
            ],
            [
              79.05716626662037,
              30.348068729959515
            ],
            [
              79.05718765325682,
              30.3469864588917
            ],
            [
              79.05843549772636,
              30.347005001345746
            ],
            [
              79.05845686948757,
              30.345922729285764
            ],
            [
              79.05970470140237,
              30.345941259042387
            ],
            [
              79.06226435361445,
              30.342731458339887
            ],
            [
              79.0647599432711,
              30.342768429783806
            ],
            [
              79.06478124183437,
              30.341686152964048
            ],
            [
              79.067276808691,
              30.34172307522886
            ],
            [
              79.06729807867593,
              30.340640796624673
            ],
            [
              79.06979362272764,
              30.340677669714186
            ],
            [
              79.06981486413703,
              30.33959538932771
            ],
            [
              79.07231038537897,
              30.33963221324575
            ],
            [
              79.07233159821564,
              30.338549931079086
            ],
            [
              79.07981810728926,
              30.338660112588343
            ],
            [
              79.07979697671347,
              30.339742399504946
            ],
            [
              79.08104474595436,
              30.33976072224639
            ],
            [
              79.08347701267179,
              30.34304419874022
            ],
            [
              79.08846827478541,
              30.34311728503058
            ],
            [
              79.08844723561602,
              30.34419957669541
            ],
            [
              79.08969506771457,
              30.344217819310405
            ],
            [
              79.08963198450027,
              30.34746469550886
            ],
            [
              79.09087985888563,
              30.347482928583275
            ],
            [
              79.0933126410487,
              30.35076624056721
            ],
            [
              79.09580848010248,
              30.350802628122235
            ],
            [
              79.09578751525277,
              30.35188492315036
            ],
            [
              79.098283386296,
              30.351921264665915
            ],
            [
              79.09826244774843,
              30.35300356106788
            ],
            [
              79.09951039869493,
              30.353021714755016
            ],
            [
              79.09932202413785,
              30.36276238075497
            ],
            [
              79.10057009973434,
              30.362780529577076
            ],
            [
              79.1005282536818,
              30.364945121468704
            ],
            [
              79.10300356592082,
              30.36606368373602
            ],
            [
              79.10296176797628,
              30.368228277598263
            ],
            [
              79.10545806440209,
              30.36826449969423
            ],
            [
              79.10535368702205,
              30.373675988785855
            ],
            [
              79.10410546957766,
              30.37365787979233
            ],
            [
              79.10400099519191,
              30.379069360172643
            ],
            [
              79.10150442633878,
              30.379033098638676
            ],
            [
              79.10148350058246,
              30.380115392575384
            ],
            [
              79.09898690879342,
              30.380079081817517
            ],
            [
              79.09896595442271,
              30.38116137399763
            ],
            [
              79.09522103404993,
              30.38110681614547
            ],
            [
              79.0940147470525,
              30.37892402807895
            ],
            [
              79.0915181964013,
              30.37888757590746
            ],
            [
              79.09031201816764,
              30.376704757607236
            ],
            [
              79.08781552931532,
              30.376668237094435
            ],
            [
              79.08783660276451,
              30.375585951207423
            ],
            [
              79.08658837378914,
              30.375567673868105
            ],
            [
              79.08663054472697,
              30.373403103090794
            ],
            [
              79.08538234436533,
              30.37338481541422
            ],
            [
              79.08540344185178,
              30.37230253052439
            ],
            [
              79.08290707203082,
              30.372265921012787
            ],
            [
              79.0829281958382,
              30.371183637507432
            ],
            [
              79.08043185806767,
              30.371146981929826
            ],
            [
              79.08045300819283,
              30.37006469981094
            ],
            [
              79.07920485476062,
              30.3700463549464
            ],
            [
              79.07924717902972,
              30.367881791711056
            ],
            [
              79.07675093053399,
              30.367845069415953
            ],
            [
              79.07677211840532,
              30.36676278909131
            ],
            [
              79.07427590196758,
              30.36672602074419
            ],
            [
              79.07171595830916,
              30.369936035647225
            ],
            [
              79.0667020825484,
              30.370944524645502
            ],
            [
              79.06541129477883,
              30.37309059259804
            ],
            [
              79.06291493433889,
              30.373053600339905
            ],
            [
              79.06289358849736,
              30.37413587076818
            ],
            [
              79.06039720522351,
              30.37409882926959
            ],
            [
              79.06037583075548,
              30.375181097909135
            ],
            [
              79.05538302319489,
              30.375106868775227
            ],
            [
              79.05536159262826,
              30.37618913402407
            ],
            [
              79.0503687487342,
              30.37611471109263
            ],
            [
              79.05039023423879,
              30.37503244904966
            ],
            [
              79.04539746393483,
              30.374957838734986
            ],
            [
              79.04541900320778,
              30.37387557971284
            ],
            [
              79.03792996522839,
              30.373763311728187
            ],
            [
              79.03536867767258,
              30.376972550907254
            ],
            [
              79.03287226335316,
              30.376934980459712
            ],
            [
              79.03282890191046,
              30.379099481008165
            ],
            [
              79.03158066904389,
              30.37908067629599
            ],
            [
              79.0315589728214,
              30.380162925470056
            ],
            [
              79.02906248314744,
              30.380125278684392
            ],
            [
              79.02777076167595,
              30.382270930322434
            ],
            [
              79.024025957123,
              30.38221433017482
            ],
            [
              79.02400417493702,
              30.383296573897415
            ],
            [
              79.02021568945041,
              30.38540434605556
            ],
            [
              79.02012837453101,
              30.389733307690598
            ],
            [
              79.01763165880514,
              30.38969543178224
            ],
            [
              79.01758793926402,
              30.391859908175554
            ],
            [
              79.0150692842676,
              30.392904217601828
            ],
            [
              79.01491602773936,
              30.40047986608683
            ],
            [
              79.0136675365627,
              30.400460878245543
            ],
            [
              79.01362371079064,
              30.402625345862283
            ],
            [
              79.01237519330057,
              30.402606344461905
            ],
            [
              79.0133825840356,
              30.414529903896476
            ],
            [
              79.01213391523089,
              30.41451089349626
            ],
            [
              79.01206808713161,
              30.41775758461642
            ],
            [
              79.01081937823388,
              30.417738559830195
            ],
            [
              79.01073153571605,
              30.422067475333854
            ],
            [
              79.00948277295495,
              30.422048435339004
            ],
            [
              79.00946079558206,
              30.423130662910705
            ],
            [
              79.00696324610585,
              30.423092545481314
            ],
            [
              79.00439959693084,
              30.426301052020264
            ],
            [
              79.00065316494275,
              30.42624370737119
            ],
            [
              79.00063108642377,
              30.427325928416256
            ],
            [
              78.99813344354833,
              30.427287637328032
            ],
            [
              78.99811133629441,
              30.428369856531255
            ],
            [
              78.99059616278807,
              30.42933690591824
            ],
            [
              78.98803182100747,
              30.432545056581617
            ],
            [
              78.98553406447472,
              30.432506518499974
            ],
            [
              78.98424065732517,
              30.434651649623056
            ],
            [
              78.98049395257043,
              30.43459371217209
            ],
            [
              78.98047164409307,
              30.435675918422834
            ],
            [
              78.97797381942496,
              30.43563723209937
            ],
            [
              78.97795148219014,
              30.436719436491252
            ],
            [
              78.97295579230168,
              30.436641917244415
            ],
            [
              78.97293339875787,
              30.43772411810669
            ],
            [
              78.97043553354865,
              30.43768528517778
            ],
            [
              78.97041311124049,
              30.438767484174814
            ],
            [
              78.96541734032023,
              30.438689671695272
            ],
            [
              78.96539486169391,
              30.439771867150135
            ],
            [
              78.95790115924666,
              30.439654785198115
            ],
            [
              78.95767547916465,
              30.450476678666174
            ],
            [
              78.9564263952431,
              30.450457114803026
            ],
            [
              78.95640380672006,
              30.45153930223703
            ],
            [
              78.95765290442489,
              30.451558866941642
            ],
            [
              78.9575625932238,
              30.455887618095478
            ],
            [
              78.95631344037842,
              30.455868050024804
            ],
            [
              78.95624565275864,
              30.459114608819803
            ],
            [
              78.95372464211589,
              30.460157615971514
            ],
            [
              78.95367938663115,
              30.462321983767872
            ],
            [
              78.95115826689351,
              30.46336493579028
            ],
            [
              78.95111294887725,
              30.46552929904321
            ],
            [
              78.94986367805755,
              30.46550966363609
            ],
            [
              78.94981832753919,
              30.46767402442058
            ],
            [
              78.94602500148953,
              30.469779396346446
            ],
            [
              78.94597955835475,
              30.47194375049861
            ],
            [
              78.94218598519805,
              30.474048998040942
            ],
            [
              78.94214044941016,
              30.476213345550516
            ],
            [
              78.94338985080716,
              30.476233061144914
            ],
            [
              78.94325329663044,
              30.48272610407591
            ],
            [
              78.94450278207613,
              30.482745812795674
            ],
            [
              78.94448003253308,
              30.483827986781673
            ],
            [
              78.9457295330172,
              30.4838476843878
            ],
            [
              78.94570679604678,
              30.48492985902535
            ],
            [
              78.94940995151379,
              30.48715323637912
            ],
            [
              78.94934185009116,
              30.490399765561566
            ],
            [
              78.95059143834918,
              30.490419420391987
            ],
            [
              78.9504779804247,
              30.495830302684737
            ],
            [
              78.94922832310601,
              30.495810643630577
            ],
            [
              78.94920561401635,
              30.496892818659063
            ],
            [
              78.94295727683114,
              30.4967943396582
            ],
            [
              78.9429344974357,
              30.497876510259776
            ],
            [
              78.94168481988513,
              30.49785677771079
            ],
            [
              78.94166202543936,
              30.49893894726923
            ],
            [
              78.93786728326002,
              30.50104400870854
            ],
            [
              78.93782160281046,
              30.503208341364672
            ],
            [
              78.93529925095365,
              30.50425092439261
            ],
            [
              78.93525350779488,
              30.506415252475467
            ],
            [
              78.93273104661712,
              30.50745778022731
            ],
            [
              78.9338892784194,
              30.511806253846583
            ],
            [
              78.93513912820126,
              30.511826069263783
            ],
            [
              78.93634324635651,
              30.514010199756296
            ],
            [
              78.93884300741914,
              30.514049774121105
            ],
            [
              78.93882016677986,
              30.515131939052637
            ],
            [
              78.94007006299505,
              30.51515170912176
            ],
            [
              78.94002440565808,
              30.517316040097292
            ],
            [
              78.94127433076612,
              30.517335799888333
            ],
            [
              78.94116023492164,
              30.522746628152802
            ],
            [
              78.93991024066138,
              30.522726864117747
            ],
            [
              78.93984172681243,
              30.525973356185805
            ],
            [
              78.93859169228965,
              30.525953577623405
            ],
            [
              78.93852312579374,
              30.529200065384806
            ],
            [
              78.93977320182341,
              30.529219846495543
            ],
            [
              78.93975035768456,
              30.53030200954138
            ],
            [
              78.93850026781776,
              30.530282227581154
            ],
            [
              78.93843168645701,
              30.53352871299771
            ],
            [
              78.93463548960156,
              30.535633605096297
            ],
            [
              78.93329364494437,
              30.539942400255654
            ],
            [
              78.93699850742568,
              30.54216619554891
            ],
            [
              78.93692984363203,
              30.545412671965273
            ],
            [
              78.93818012605769,
              30.545432477810117
            ],
            [
              78.93813437169113,
              30.54759679614416
            ],
            [
              78.94183963327184,
              30.54982046948234
            ],
            [
              78.94174826597384,
              30.554149112432768
            ],
            [
              78.94299866416256,
              30.554168877103905
            ],
            [
              78.94295300079696,
              30.55633319910316
            ],
            [
              78.94420342793266,
              30.55635295347581
            ],
            [
              78.94413496517608,
              30.55959943755254
            ],
            [
              78.94661311062241,
              30.560721078057092
            ],
            [
              78.94656751556688,
              30.56288540279561
            ],
            [
              78.94531700281067,
              30.562865667332165
            ],
            [
              78.94524855937863,
              30.56611215043333
            ],
            [
              78.94772688007163,
              30.567233776778494
            ],
            [
              78.9476357108295,
              30.571562424169674
            ],
            [
              78.9501141966667,
              30.572684011686924
            ],
            [
              78.9500458862734,
              30.575930499667063
            ],
            [
              78.95129657034683,
              30.57595019727656
            ],
            [
              78.95125105165701,
              30.57811452330984
            ],
            [
              78.95372974553207,
              30.579236050304168
            ],
            [
              78.95366153778824,
              30.582482542368798
            ],
            [
              78.95113723335346,
              30.583525334973253
            ],
            [
              78.94979531982723,
              30.587834273879277
            ],
            [
              78.94476914375682,
              30.588837482880685
            ],
            [
              78.9447234566753,
              30.591001795759663
            ],
            [
              78.94347258453425,
              30.590982026257308
            ],
            [
              78.94342686474178,
              30.593146336658116
            ],
            [
              78.94217596607798,
              30.593126553447046
            ],
            [
              78.94208445610155,
              30.597455168507395
            ],
            [
              78.94083350314612,
              30.59743536988738
            ],
            [
              78.94078771295237,
              30.599599674545615
            ],
            [
              78.93953673346724,
              30.599579862211588
            ],
            [
              78.93951382262412,
              30.600662013397574
            ],
            [
              78.9370118396056,
              30.60062235098149
            ],
            [
              78.93698889974813,
              30.60170450027091
            ],
            [
              78.93448689392649,
              30.60166478808719
            ],
            [
              78.93446392505186,
              30.60274693547792
            ],
            [
              78.93066485917883,
              30.6048515635969
            ],
            [
              78.93050373307177,
              30.612426569198878
            ],
            [
              78.92925259685907,
              30.612406650493597
            ],
            [
              78.92920652181749,
              30.6145709343378
            ],
            [
              78.9254068738887,
              30.616675378892698
            ],
            [
              78.92531453206566,
              30.621003932401734
            ],
            [
              78.9240632896723,
              30.620983958761432
            ],
            [
              78.9214914140345,
              30.624190380767736
            ],
            [
              78.91773757677426,
              30.624130307816664
            ],
            [
              78.9177144010266,
              30.625212439970795
            ],
            [
              78.91518861651392,
              30.626254459721903
            ],
            [
              78.91514220312644,
              30.628418719611027
            ],
            [
              78.91389087344807,
              30.62839864374498
            ],
            [
              78.91259307099065,
              30.63054281151175
            ],
            [
              78.91009036230308,
              30.630502596188794
            ]
          ]
        ]
      },
      "properties": {
        "id": "rudraprayag",
        "name": "Rudraprayag approach incremental catchment",
        "area_km2": 387.158,
        "status": "REPLAY",
        "geometry_origin": "Copernicus GLO-30; resampled 120m; priority-flood/D8; provisional"
      }
    }
  ]
}