{
  "type": "FeatureCollection",
  "features": [
    {
      "type": "Feature",
      "geometry": {
        "type": "Point",
        "coordinates": [
          78.9838043,
          30.6929786
        ]
      },
      "properties": {
        "id": "osm-node-299531766",
        "name": "Trijugi Narayan",
        "kind": "settlement",
        "population": null,
        "status": "VERIFIED LIVE",
        "source": "OpenStreetMap"
      }
    },
    {
      "type": "Feature",
      "geometry": {
        "type": "Point",
        "coordinates": [
          79.094756,
          30.5139518
        ]
      },
      "properties": {
        "id": "osm-node-299531768",
        "name": "Ukhimath",
        "kind": "settlement",
        "population": null,
        "status": "VERIFIED LIVE",
        "source": "OpenStreetMap"
      }
    },
    {
      "type": "Feature",
      "geometry": {
        "type": "Point",
        "coordinates": [
          79.08783,
          30.50491
        ]
      },
      "properties": {
        "id": "osm-node-342107444",
        "name": "Kund",
        "kind": "settlement",
        "population": null,
        "status": "VERIFIED LIVE",
        "source": "OpenStreetMap"
      }
    },
    {
      "type": "Feature",
      "geometry": {
        "type": "Point",
        "coordinates": [
          79.14139,
          30.51315
        ]
      },
      "properties": {
        "id": "osm-node-342107568",
        "name": "Mastura",
        "kind": "settlement",
        "population": null,
        "status": "VERIFIED LIVE",
        "source": "OpenStreetMap"
      }
    },
    {
      "type": "Feature",
      "geometry": {
        "type": "Point",
        "coordinates": [
          79.16062,
          30.51041
        ]
      },
      "properties": {
        "id": "osm-node-342107665",
        "name": "Tala",
        "kind": "settlement",
        "population": null,
        "status": "VERIFIED LIVE",
        "source": "OpenStreetMap"
      }
    },
    {
      "type": "Feature",
      "geometry": {
        "type": "Point",
        "coordinates": [
          79.2000167,
          30.484899
        ]
      },
      "properties": {
        "id": "osm-node-342107674",
        "name": "Chopta Chatti",
        "kind": "settlement",
        "population": null,
        "status": "VERIFIED LIVE",
        "source": "OpenStreetMap"
      }
    },
    {
      "type": "Feature",
      "geometry": {
        "type": "Point",
        "coordinates": [
          79.04526,
          30.40604
        ]
      },
      "properties": {
        "id": "osm-node-342108033",
        "name": "Bedbagar",
        "kind": "settlement",
        "population": null,
        "status": "VERIFIED LIVE",
        "source": "OpenStreetMap"
      }
    },
    {
      "type": "Feature",
      "geometry": {
        "type": "Point",
        "coordinates": [
          79.0684731,
          30.4250535
        ]
      },
      "properties": {
        "id": "osm-node-342108043",
        "name": "Chandrapuri (001)",
        "kind": "settlement",
        "population": null,
        "status": "VERIFIED LIVE",
        "source": "OpenStreetMap"
      }
    },
    {
      "type": "Feature",
      "geometry": {
        "type": "Point",
        "coordinates": [
          79.07822,
          30.4678319
        ]
      },
      "properties": {
        "id": "osm-node-342108048",
        "name": "Bhiri",
        "kind": "settlement",
        "population": null,
        "status": "VERIFIED LIVE",
        "source": "OpenStreetMap"
      }
    },
    {
      "type": "Feature",
      "geometry": {
        "type": "Point",
        "coordinates": [
          79.02741,
          30.34973
        ]
      },
      "properties": {
        "id": "osm-node-342108066",
        "name": "Durgadhar",
        "kind": "settlement",
        "population": null,
        "status": "VERIFIED LIVE",
        "source": "OpenStreetMap"
      }
    },
    {
      "type": "Feature",
      "geometry": {
        "type": "Point",
        "coordinates": [
          79.09058,
          30.35248
        ]
      },
      "properties": {
        "id": "osm-node-342108086",
        "name": "Bhimtoli",
        "kind": "settlement",
        "population": null,
        "status": "VERIFIED LIVE",
        "source": "OpenStreetMap"
      }
    },
    {
      "type": "Feature",
      "geometry": {
        "type": "Point",
        "coordinates": [
          79.10157,
          30.43213
        ]
      },
      "properties": {
        "id": "osm-node-342108095",
        "name": "Kyunja",
        "kind": "settlement",
        "population": null,
        "status": "VERIFIED LIVE",
        "source": "OpenStreetMap"
      }
    },
    {
      "type": "Feature",
      "geometry": {
        "type": "Point",
        "coordinates": [
          79.0817757,
          30.5283243
        ]
      },
      "properties": {
        "id": "osm-node-342108333",
        "name": "Guptkashi",
        "kind": "settlement",
        "population": null,
        "status": "VERIFIED LIVE",
        "source": "OpenStreetMap"
      }
    },
    {
      "type": "Feature",
      "geometry": {
        "type": "Point",
        "coordinates": [
          79.0395018,
          30.5772382
        ]
      },
      "properties": {
        "id": "osm-node-342108342",
        "name": "Phata",
        "kind": "settlement",
        "population": null,
        "status": "VERIFIED LIVE",
        "source": "OpenStreetMap"
      }
    },
    {
      "type": "Feature",
      "geometry": {
        "type": "Point",
        "coordinates": [
          79.0236386,
          30.597393
        ]
      },
      "properties": {
        "id": "osm-node-342108352",
        "name": "Barasu",
        "kind": "settlement",
        "population": null,
        "status": "VERIFIED LIVE",
        "source": "OpenStreetMap"
      }
    },
    {
      "type": "Feature",
      "geometry": {
        "type": "Point",
        "coordinates": [
          79.0199022,
          30.6055099
        ]
      },
      "properties": {
        "id": "osm-node-342108363",
        "name": "Badalpur",
        "kind": "settlement",
        "population": null,
        "status": "VERIFIED LIVE",
        "source": "OpenStreetMap"
      }
    },
    {
      "type": "Feature",
      "geometry": {
        "type": "Point",
        "coordinates": [
          79.0107008,
          30.6174513
        ]
      },
      "properties": {
        "id": "osm-node-342108370",
        "name": "Rampur",
        "kind": "settlement",
        "population": null,
        "status": "VERIFIED LIVE",
        "source": "OpenStreetMap"
      }
    },
    {
      "type": "Feature",
      "geometry": {
        "type": "Point",
        "coordinates": [
          78.9986713,
          30.6171393
        ]
      },
      "properties": {
        "id": "osm-node-342108377",
        "name": "Sitapur",
        "kind": "settlement",
        "population": null,
        "status": "VERIFIED LIVE",
        "source": "OpenStreetMap"
      }
    },
    {
      "type": "Feature",
      "geometry": {
        "type": "Point",
        "coordinates": [
          79.0268198,
          30.6534016
        ]
      },
      "properties": {
        "id": "osm-node-342108397",
        "name": "Gaurikund",
        "kind": "settlement",
        "population": null,
        "status": "VERIFIED LIVE",
        "source": "OpenStreetMap"
      }
    },
    {
      "type": "Feature",
      "geometry": {
        "type": "Point",
        "coordinates": [
          79.2173162,
          30.4892836
        ]
      },
      "properties": {
        "id": "osm-node-342109919",
        "name": "Tunganath",
        "kind": "settlement",
        "population": null,
        "status": "VERIFIED LIVE",
        "source": "OpenStreetMap"
      }
    },
    {
      "type": "Feature",
      "geometry": {
        "type": "Point",
        "coordinates": [
          78.8368022,
          30.388533
        ]
      },
      "properties": {
        "id": "osm-node-342111391",
        "name": "Chirbhattiya",
        "kind": "settlement",
        "population": null,
        "status": "VERIFIED LIVE",
        "source": "OpenStreetMap"
      }
    },
    {
      "type": "Feature",
      "geometry": {
        "type": "Point",
        "coordinates": [
          78.9766,
          30.34561
        ]
      },
      "properties": {
        "id": "osm-node-342112524",
        "name": "Tilwara",
        "kind": "settlement",
        "population": null,
        "status": "VERIFIED LIVE",
        "source": "OpenStreetMap"
      }
    },
    {
      "type": "Feature",
      "geometry": {
        "type": "Point",
        "coordinates": [
          78.93814,
          30.36209
        ]
      },
      "properties": {
        "id": "osm-node-342112534",
        "name": "Bainoli",
        "kind": "settlement",
        "population": null,
        "status": "VERIFIED LIVE",
        "source": "OpenStreetMap"
      }
    },
    {
      "type": "Feature",
      "geometry": {
        "type": "Point",
        "coordinates": [
          78.896085,
          30.3782923
        ]
      },
      "properties": {
        "id": "osm-node-342112544",
        "name": "Mayali",
        "kind": "settlement",
        "population": null,
        "status": "VERIFIED LIVE",
        "source": "OpenStreetMap"
      }
    },
    {
      "type": "Feature",
      "geometry": {
        "type": "Point",
        "coordinates": [
          78.8819718,
          30.4064361
        ]
      },
      "properties": {
        "id": "osm-node-342112555",
        "name": "Bajira Mamni",
        "kind": "settlement",
        "population": null,
        "status": "VERIFIED LIVE",
        "source": "OpenStreetMap"
      }
    },
    {
      "type": "Feature",
      "geometry": {
        "type": "Point",
        "coordinates": [
          78.85163,
          30.39093
        ]
      },
      "properties": {
        "id": "osm-node-342112575",
        "name": "Fatairu",
        "kind": "settlement",
        "population": null,
        "status": "VERIFIED LIVE",
        "source": "OpenStreetMap"
      }
    },
    {
      "type": "Feature",
      "geometry": {
        "type": "Point",
        "coordinates": [
          79.0669073,
          30.7338877
        ]
      },
      "properties": {
        "id": "osm-node-1188262619",
        "name": "Kedarnath",
        "kind": "settlement",
        "population": null,
        "status": "VERIFIED LIVE",
        "source": "OpenStreetMap"
      }
    },
    {
      "type": "Feature",
      "geometry": {
        "type": "Point",
        "coordinates": [
          78.9986617,
          30.6317057
        ]
      },
      "properties": {
        "id": "osm-node-1809868954",
        "name": "Sonprayag",
        "kind": "settlement",
        "population": null,
        "status": "VERIFIED LIVE",
        "source": "OpenStreetMap"
      }
    },
    {
      "type": "Feature",
      "geometry": {
        "type": "Point",
        "coordinates": [
          79.0071567,
          30.6167399
        ]
      },
      "properties": {
        "id": "osm-node-2355705128",
        "name": "Nyalsu",
        "kind": "settlement",
        "population": null,
        "status": "VERIFIED LIVE",
        "source": "OpenStreetMap"
      }
    },
    {
      "type": "Feature",
      "geometry": {
        "type": "Point",
        "coordinates": [
          79.2216623,
          30.6347404
        ]
      },
      "properties": {
        "id": "osm-node-2355825400",
        "name": "Madhmaheshwar",
        "kind": "settlement",
        "population": null,
        "status": "VERIFIED LIVE",
        "source": "OpenStreetMap"
      }
    },
    {
      "type": "Feature",
      "geometry": {
        "type": "Point",
        "coordinates": [
          79.069965,
          30.478645
        ]
      },
      "properties": {
        "id": "osm-node-2377984901",
        "name": "Barmoar",
        "kind": "settlement",
        "population": null,
        "status": "VERIFIED LIVE",
        "source": "OpenStreetMap"
      }
    },
    {
      "type": "Feature",
      "geometry": {
        "type": "Point",
        "coordinates": [
          79.066667,
          30.45
        ]
      },
      "properties": {
        "id": "osm-node-2377984907",
        "name": "Chandrapuri",
        "kind": "settlement",
        "population": null,
        "status": "VERIFIED LIVE",
        "source": "OpenStreetMap"
      }
    },
    {
      "type": "Feature",
      "geometry": {
        "type": "Point",
        "coordinates": [
          78.9435774,
          30.3962541
        ]
      },
      "properties": {
        "id": "osm-node-2377984982",
        "name": "Kurchhola",
        "kind": "settlement",
        "population": null,
        "status": "VERIFIED LIVE",
        "source": "OpenStreetMap"
      }
    },
    {
      "type": "Feature",
      "geometry": {
        "type": "Point",
        "coordinates": [
          79.1429804,
          30.587212
        ]
      },
      "properties": {
        "id": "osm-node-2377985110",
        "name": "Rānsi",
        "kind": "settlement",
        "population": null,
        "status": "VERIFIED LIVE",
        "source": "OpenStreetMap"
      }
    },
    {
      "type": "Feature",
      "geometry": {
        "type": "Point",
        "coordinates": [
          79.0645349,
          30.3829007
        ]
      },
      "properties": {
        "id": "osm-node-2377985120",
        "name": "Manangnu",
        "kind": "settlement",
        "population": null,
        "status": "VERIFIED LIVE",
        "source": "OpenStreetMap"
      }
    },
    {
      "type": "Feature",
      "geometry": {
        "type": "Point",
        "coordinates": [
          79.0613504,
          30.3848546
        ]
      },
      "properties": {
        "id": "osm-node-2377985121",
        "name": "Unnamed settlement",
        "kind": "settlement",
        "population": null,
        "status": "VERIFIED LIVE",
        "source": "OpenStreetMap"
      }
    },
    {
      "type": "Feature",
      "geometry": {
        "type": "Point",
        "coordinates": [
          79.0451654,
          30.393373
        ]
      },
      "properties": {
        "id": "osm-node-2377985122",
        "name": "Chameli",
        "kind": "settlement",
        "population": null,
        "status": "VERIFIED LIVE",
        "source": "OpenStreetMap"
      }
    },
    {
      "type": "Feature",
      "geometry": {
        "type": "Point",
        "coordinates": [
          79.0846253,
          30.4386943
        ]
      },
      "properties": {
        "id": "osm-node-2377985123",
        "name": "Kandara",
        "kind": "settlement",
        "population": null,
        "status": "VERIFIED LIVE",
        "source": "OpenStreetMap"
      }
    },
    {
      "type": "Feature",
      "geometry": {
        "type": "Point",
        "coordinates": [
          79.0401359,
          30.4627667
        ]
      },
      "properties": {
        "id": "osm-node-2377985124",
        "name": "Bhatwari",
        "kind": "settlement",
        "population": null,
        "status": "VERIFIED LIVE",
        "source": "OpenStreetMap"
      }
    },
    {
      "type": "Feature",
      "geometry": {
        "type": "Point",
        "coordinates": [
          79.1040358,
          30.4711918
        ]
      },
      "properties": {
        "id": "osm-node-2377985125",
        "name": "Unnamed settlement",
        "kind": "settlement",
        "population": null,
        "status": "VERIFIED LIVE",
        "source": "OpenStreetMap"
      }
    },
    {
      "type": "Feature",
      "geometry": {
        "type": "Point",
        "coordinates": [
          79.1328756,
          30.4791289
        ]
      },
      "properties": {
        "id": "osm-node-2377985126",
        "name": "Unnamed settlement",
        "kind": "settlement",
        "population": null,
        "status": "VERIFIED LIVE",
        "source": "OpenStreetMap"
      }
    },
    {
      "type": "Feature",
      "geometry": {
        "type": "Point",
        "coordinates": [
          79.0957151,
          30.4835845
        ]
      },
      "properties": {
        "id": "osm-node-2377985127",
        "name": "Unnamed settlement",
        "kind": "settlement",
        "population": null,
        "status": "VERIFIED LIVE",
        "source": "OpenStreetMap"
      }
    },
    {
      "type": "Feature",
      "geometry": {
        "type": "Point",
        "coordinates": [
          79.1202733,
          30.488388
        ]
      },
      "properties": {
        "id": "osm-node-2377985128",
        "name": "Unnamed settlement",
        "kind": "settlement",
        "population": null,
        "status": "VERIFIED LIVE",
        "source": "OpenStreetMap"
      }
    },
    {
      "type": "Feature",
      "geometry": {
        "type": "Point",
        "coordinates": [
          79.0960382,
          30.4952099
        ]
      },
      "properties": {
        "id": "osm-node-2377985129",
        "name": "Unnamed settlement",
        "kind": "settlement",
        "population": null,
        "status": "VERIFIED LIVE",
        "source": "OpenStreetMap"
      }
    },
    {
      "type": "Feature",
      "geometry": {
        "type": "Point",
        "coordinates": [
          79.071076,
          30.4954187
        ]
      },
      "properties": {
        "id": "osm-node-2377985130",
        "name": "Unnamed settlement",
        "kind": "settlement",
        "population": null,
        "status": "VERIFIED LIVE",
        "source": "OpenStreetMap"
      }
    },
    {
      "type": "Feature",
      "geometry": {
        "type": "Point",
        "coordinates": [
          79.106944,
          30.5044675
        ]
      },
      "properties": {
        "id": "osm-node-2377985132",
        "name": "Unnamed settlement",
        "kind": "settlement",
        "population": null,
        "status": "VERIFIED LIVE",
        "source": "OpenStreetMap"
      }
    },
    {
      "type": "Feature",
      "geometry": {
        "type": "Point",
        "coordinates": [
          79.0500723,
          30.5052331
        ]
      },
      "properties": {
        "id": "osm-node-2377985133",
        "name": "Chaundi",
        "kind": "settlement",
        "population": null,
        "status": "VERIFIED LIVE",
        "source": "OpenStreetMap"
      }
    },
    {
      "type": "Feature",
      "geometry": {
        "type": "Point",
        "coordinates": [
          79.063164,
          30.5409165
        ]
      },
      "properties": {
        "id": "osm-node-2377985135",
        "name": "Unnamed settlement",
        "kind": "settlement",
        "population": null,
        "status": "VERIFIED LIVE",
        "source": "OpenStreetMap"
      }
    },
    {
      "type": "Feature",
      "geometry": {
        "type": "Point",
        "coordinates": [
          79.1215436,
          30.5454831
        ]
      },
      "properties": {
        "id": "osm-node-2377985136",
        "name": "Giriyagaon",
        "kind": "settlement",
        "population": null,
        "status": "VERIFIED LIVE",
        "source": "OpenStreetMap"
      }
    },
    {
      "type": "Feature",
      "geometry": {
        "type": "Point",
        "coordinates": [
          79.072879,
          30.5841927
        ]
      },
      "properties": {
        "id": "osm-node-2377985137",
        "name": "Manjhara",
        "kind": "settlement",
        "population": null,
        "status": "VERIFIED LIVE",
        "source": "OpenStreetMap"
      }
    },
    {
      "type": "Feature",
      "geometry": {
        "type": "Point",
        "coordinates": [
          79.0678347,
          30.5876478
        ]
      },
      "properties": {
        "id": "osm-node-2377985138",
        "name": "Unnamed settlement",
        "kind": "settlement",
        "population": null,
        "status": "VERIFIED LIVE",
        "source": "OpenStreetMap"
      }
    },
    {
      "type": "Feature",
      "geometry": {
        "type": "Point",
        "coordinates": [
          79.0831934,
          30.6082059
        ]
      },
      "properties": {
        "id": "osm-node-2377985139",
        "name": "Unnamed settlement",
        "kind": "settlement",
        "population": null,
        "status": "VERIFIED LIVE",
        "source": "OpenStreetMap"
      }
    },
    {
      "type": "Feature",
      "geometry": {
        "type": "Point",
        "coordinates": [
          78.977963,
          30.642406
        ]
      },
      "properties": {
        "id": "osm-node-2377998255",
        "name": "Trijugi Nārāyan",
        "kind": "settlement",
        "population": null,
        "status": "VERIFIED LIVE",
        "source": "OpenStreetMap"
      }
    },
    {
      "type": "Feature",
      "geometry": {
        "type": "Point",
        "coordinates": [
          79.0685213,
          30.3851146
        ]
      },
      "properties": {
        "id": "osm-node-2377998260",
        "name": "Bhatwari",
        "kind": "settlement",
        "population": null,
        "status": "VERIFIED LIVE",
        "source": "OpenStreetMap"
      }
    },
    {
      "type": "Feature",
      "geometry": {
        "type": "Point",
        "coordinates": [
          79.0852583,
          30.4352425
        ]
      },
      "properties": {
        "id": "osm-node-2377998263",
        "name": "Raingu",
        "kind": "settlement",
        "population": null,
        "status": "VERIFIED LIVE",
        "source": "OpenStreetMap"
      }
    },
    {
      "type": "Feature",
      "geometry": {
        "type": "Point",
        "coordinates": [
          79.066667,
          30.45
        ]
      },
      "properties": {
        "id": "osm-node-2378000359",
        "name": "Chandrapuri (002)",
        "kind": "settlement",
        "population": null,
        "status": "VERIFIED LIVE",
        "source": "OpenStreetMap"
      }
    },
    {
      "type": "Feature",
      "geometry": {
        "type": "Point",
        "coordinates": [
          79.0802156,
          30.3801037
        ]
      },
      "properties": {
        "id": "osm-node-2378000404",
        "name": "Malkhi",
        "kind": "settlement",
        "population": null,
        "status": "VERIFIED LIVE",
        "source": "OpenStreetMap"
      }
    },
    {
      "type": "Feature",
      "geometry": {
        "type": "Point",
        "coordinates": [
          79.061205,
          30.3803972
        ]
      },
      "properties": {
        "id": "osm-node-2378000406",
        "name": "Bandi",
        "kind": "settlement",
        "population": null,
        "status": "VERIFIED LIVE",
        "source": "OpenStreetMap"
      }
    },
    {
      "type": "Feature",
      "geometry": {
        "type": "Point",
        "coordinates": [
          79.0360461,
          30.3816396
        ]
      },
      "properties": {
        "id": "osm-node-2378000409",
        "name": "Bhaunsal",
        "kind": "settlement",
        "population": null,
        "status": "VERIFIED LIVE",
        "source": "OpenStreetMap"
      }
    },
    {
      "type": "Feature",
      "geometry": {
        "type": "Point",
        "coordinates": [
          79.0862059,
          30.4443453
        ]
      },
      "properties": {
        "id": "osm-node-2378000412",
        "name": "Gair",
        "kind": "settlement",
        "population": null,
        "status": "VERIFIED LIVE",
        "source": "OpenStreetMap"
      }
    },
    {
      "type": "Feature",
      "geometry": {
        "type": "Point",
        "coordinates": [
          79.0824225,
          30.6062324
        ]
      },
      "properties": {
        "id": "osm-node-2378010033",
        "name": "Unnamed settlement",
        "kind": "settlement",
        "population": null,
        "status": "VERIFIED LIVE",
        "source": "OpenStreetMap"
      }
    },
    {
      "type": "Feature",
      "geometry": {
        "type": "Point",
        "coordinates": [
          79.0546833,
          30.6952983
        ]
      },
      "properties": {
        "id": "osm-node-2379495094",
        "name": "Rambara",
        "kind": "settlement",
        "population": null,
        "status": "VERIFIED LIVE",
        "source": "OpenStreetMap"
      }
    },
    {
      "type": "Feature",
      "geometry": {
        "type": "Point",
        "coordinates": [
          78.9983308,
          30.3416287
        ]
      },
      "properties": {
        "id": "osm-node-2379520274",
        "name": "Maikoti",
        "kind": "settlement",
        "population": null,
        "status": "VERIFIED LIVE",
        "source": "OpenStreetMap"
      }
    },
    {
      "type": "Feature",
      "geometry": {
        "type": "Point",
        "coordinates": [
          78.9977425,
          30.3610238
        ]
      },
      "properties": {
        "id": "osm-node-2379520275",
        "name": "Unnamed settlement",
        "kind": "settlement",
        "population": null,
        "status": "VERIFIED LIVE",
        "source": "OpenStreetMap"
      }
    },
    {
      "type": "Feature",
      "geometry": {
        "type": "Point",
        "coordinates": [
          79.0176983,
          30.3698886
        ]
      },
      "properties": {
        "id": "osm-node-2379520276",
        "name": "Amargaunda",
        "kind": "settlement",
        "population": null,
        "status": "VERIFIED LIVE",
        "source": "OpenStreetMap"
      }
    },
    {
      "type": "Feature",
      "geometry": {
        "type": "Point",
        "coordinates": [
          79.0074088,
          30.3716747
        ]
      },
      "properties": {
        "id": "osm-node-2379520277",
        "name": "Bainji",
        "kind": "settlement",
        "population": null,
        "status": "VERIFIED LIVE",
        "source": "OpenStreetMap"
      }
    },
    {
      "type": "Feature",
      "geometry": {
        "type": "Point",
        "coordinates": [
          79.0162461,
          30.3853884
        ]
      },
      "properties": {
        "id": "osm-node-2379520278",
        "name": "Unnamed settlement",
        "kind": "settlement",
        "population": null,
        "status": "VERIFIED LIVE",
        "source": "OpenStreetMap"
      }
    },
    {
      "type": "Feature",
      "geometry": {
        "type": "Point",
        "coordinates": [
          79.0360589,
          30.3985331
        ]
      },
      "properties": {
        "id": "osm-node-2379520279",
        "name": "Baniyari",
        "kind": "settlement",
        "population": null,
        "status": "VERIFIED LIVE",
        "source": "OpenStreetMap"
      }
    },
    {
      "type": "Feature",
      "geometry": {
        "type": "Point",
        "coordinates": [
          79.1260141,
          30.4021531
        ]
      },
      "properties": {
        "id": "osm-node-2379520280",
        "name": "Unnamed settlement",
        "kind": "settlement",
        "population": null,
        "status": "VERIFIED LIVE",
        "source": "OpenStreetMap"
      }
    },
    {
      "type": "Feature",
      "geometry": {
        "type": "Point",
        "coordinates": [
          79.0713913,
          30.4054379
        ]
      },
      "properties": {
        "id": "osm-node-2379520281",
        "name": "Talsari",
        "kind": "settlement",
        "population": null,
        "status": "VERIFIED LIVE",
        "source": "OpenStreetMap"
      }
    },
    {
      "type": "Feature",
      "geometry": {
        "type": "Point",
        "coordinates": [
          79.064834,
          30.4183275
        ]
      },
      "properties": {
        "id": "osm-node-2379520282",
        "name": "Unnamed settlement",
        "kind": "settlement",
        "population": null,
        "status": "VERIFIED LIVE",
        "source": "OpenStreetMap"
      }
    },
    {
      "type": "Feature",
      "geometry": {
        "type": "Point",
        "coordinates": [
          79.123453,
          30.4237776
        ]
      },
      "properties": {
        "id": "osm-node-2379520283",
        "name": "Kansill",
        "kind": "settlement",
        "population": null,
        "status": "VERIFIED LIVE",
        "source": "OpenStreetMap"
      }
    },
    {
      "type": "Feature",
      "geometry": {
        "type": "Point",
        "coordinates": [
          79.0832077,
          30.5614449
        ]
      },
      "properties": {
        "id": "osm-node-2379520284",
        "name": "Unnamed settlement",
        "kind": "settlement",
        "population": null,
        "status": "VERIFIED LIVE",
        "source": "OpenStreetMap"
      }
    },
    {
      "type": "Feature",
      "geometry": {
        "type": "Point",
        "coordinates": [
          79.0828863,
          30.5716243
        ]
      },
      "properties": {
        "id": "osm-node-2379520285",
        "name": "Unnamed settlement",
        "kind": "settlement",
        "population": null,
        "status": "VERIFIED LIVE",
        "source": "OpenStreetMap"
      }
    },
    {
      "type": "Feature",
      "geometry": {
        "type": "Point",
        "coordinates": [
          78.9768517,
          30.6595058
        ]
      },
      "properties": {
        "id": "osm-node-2379685981",
        "name": "Unnamed settlement",
        "kind": "settlement",
        "population": null,
        "status": "VERIFIED LIVE",
        "source": "OpenStreetMap"
      }
    },
    {
      "type": "Feature",
      "geometry": {
        "type": "Point",
        "coordinates": [
          79.0289832,
          30.4119619
        ]
      },
      "properties": {
        "id": "osm-node-2383637772",
        "name": "Unnamed settlement",
        "kind": "settlement",
        "population": null,
        "status": "VERIFIED LIVE",
        "source": "OpenStreetMap"
      }
    },
    {
      "type": "Feature",
      "geometry": {
        "type": "Point",
        "coordinates": [
          79.0336486,
          30.4205074
        ]
      },
      "properties": {
        "id": "osm-node-2383637775",
        "name": "Dangi",
        "kind": "settlement",
        "population": null,
        "status": "VERIFIED LIVE",
        "source": "OpenStreetMap"
      }
    },
    {
      "type": "Feature",
      "geometry": {
        "type": "Point",
        "coordinates": [
          79.0545322,
          30.4259755
        ]
      },
      "properties": {
        "id": "osm-node-2383637777",
        "name": "Arkhund",
        "kind": "settlement",
        "population": null,
        "status": "VERIFIED LIVE",
        "source": "OpenStreetMap"
      }
    },
    {
      "type": "Feature",
      "geometry": {
        "type": "Point",
        "coordinates": [
          79.0557562,
          30.434165
        ]
      },
      "properties": {
        "id": "osm-node-2383637780",
        "name": "Kaushalpur",
        "kind": "settlement",
        "population": null,
        "status": "VERIFIED LIVE",
        "source": "OpenStreetMap"
      }
    },
    {
      "type": "Feature",
      "geometry": {
        "type": "Point",
        "coordinates": [
          79.0670365,
          30.4414789
        ]
      },
      "properties": {
        "id": "osm-node-2383637782",
        "name": "Unnamed settlement",
        "kind": "settlement",
        "population": null,
        "status": "VERIFIED LIVE",
        "source": "OpenStreetMap"
      }
    },
    {
      "type": "Feature",
      "geometry": {
        "type": "Point",
        "coordinates": [
          79.1796653,
          30.6026186
        ]
      },
      "properties": {
        "id": "osm-node-2383637785",
        "name": "Gaundar",
        "kind": "settlement",
        "population": null,
        "status": "VERIFIED LIVE",
        "source": "OpenStreetMap"
      }
    },
    {
      "type": "Feature",
      "geometry": {
        "type": "Point",
        "coordinates": [
          79.0212699,
          30.4114426
        ]
      },
      "properties": {
        "id": "osm-node-2385471671",
        "name": "Dadoli",
        "kind": "settlement",
        "population": null,
        "status": "VERIFIED LIVE",
        "source": "OpenStreetMap"
      }
    },
    {
      "type": "Feature",
      "geometry": {
        "type": "Point",
        "coordinates": [
          79.0407139,
          30.4145815
        ]
      },
      "properties": {
        "id": "osm-node-2385471673",
        "name": "Rari",
        "kind": "settlement",
        "population": null,
        "status": "VERIFIED LIVE",
        "source": "OpenStreetMap"
      }
    },
    {
      "type": "Feature",
      "geometry": {
        "type": "Point",
        "coordinates": [
          79.0424773,
          30.4279762
        ]
      },
      "properties": {
        "id": "osm-node-2385471675",
        "name": "Dankot",
        "kind": "settlement",
        "population": null,
        "status": "VERIFIED LIVE",
        "source": "OpenStreetMap"
      }
    },
    {
      "type": "Feature",
      "geometry": {
        "type": "Point",
        "coordinates": [
          79.0552368,
          30.4383966
        ]
      },
      "properties": {
        "id": "osm-node-2385471676",
        "name": "Basukedar",
        "kind": "settlement",
        "population": null,
        "status": "VERIFIED LIVE",
        "source": "OpenStreetMap"
      }
    },
    {
      "type": "Feature",
      "geometry": {
        "type": "Point",
        "coordinates": [
          79.0704602,
          30.4396014
        ]
      },
      "properties": {
        "id": "osm-node-2385471677",
        "name": "Unnamed settlement",
        "kind": "settlement",
        "population": null,
        "status": "VERIFIED LIVE",
        "source": "OpenStreetMap"
      }
    },
    {
      "type": "Feature",
      "geometry": {
        "type": "Point",
        "coordinates": [
          79.1997123,
          30.4881267
        ]
      },
      "properties": {
        "id": "osm-node-2386934077",
        "name": "Unnamed settlement",
        "kind": "settlement",
        "population": null,
        "status": "VERIFIED LIVE",
        "source": "OpenStreetMap"
      }
    },
    {
      "type": "Feature",
      "geometry": {
        "type": "Point",
        "coordinates": [
          78.970896,
          30.6634512
        ]
      },
      "properties": {
        "id": "osm-node-6431421067",
        "name": "Toshi",
        "kind": "settlement",
        "population": null,
        "status": "VERIFIED LIVE",
        "source": "OpenStreetMap"
      }
    },
    {
      "type": "Feature",
      "geometry": {
        "type": "Point",
        "coordinates": [
          78.9579248,
          30.4008809
        ]
      },
      "properties": {
        "id": "osm-node-7164773267",
        "name": "Jakholi",
        "kind": "settlement",
        "population": null,
        "status": "VERIFIED LIVE",
        "source": "OpenStreetMap"
      }
    },
    {
      "type": "Feature",
      "geometry": {
        "type": "Point",
        "coordinates": [
          79.1496277,
          30.5416665
        ]
      },
      "properties": {
        "id": "osm-node-7717922248",
        "name": "Gadgu",
        "kind": "settlement",
        "population": null,
        "status": "VERIFIED LIVE",
        "source": "OpenStreetMap"
      }
    },
    {
      "type": "Feature",
      "geometry": {
        "type": "Point",
        "coordinates": [
          79.1675019,
          30.5426621
        ]
      },
      "properties": {
        "id": "osm-node-7717922249",
        "name": "Sonali",
        "kind": "settlement",
        "population": null,
        "status": "VERIFIED LIVE",
        "source": "OpenStreetMap"
      }
    },
    {
      "type": "Feature",
      "geometry": {
        "type": "Point",
        "coordinates": [
          78.8902186,
          30.5873195
        ]
      },
      "properties": {
        "id": "osm-node-7733732167",
        "name": "Raj Kharak",
        "kind": "settlement",
        "population": null,
        "status": "VERIFIED LIVE",
        "source": "OpenStreetMap"
      }
    },
    {
      "type": "Feature",
      "geometry": {
        "type": "Point",
        "coordinates": [
          78.968998,
          30.4982004
        ]
      },
      "properties": {
        "id": "osm-node-7733745686",
        "name": "Kher",
        "kind": "settlement",
        "population": null,
        "status": "VERIFIED LIVE",
        "source": "OpenStreetMap"
      }
    },
    {
      "type": "Feature",
      "geometry": {
        "type": "Point",
        "coordinates": [
          78.9822248,
          30.5515132
        ]
      },
      "properties": {
        "id": "osm-node-7733745687",
        "name": "Mankha Khal",
        "kind": "settlement",
        "population": null,
        "status": "VERIFIED LIVE",
        "source": "OpenStreetMap"
      }
    },
    {
      "type": "Feature",
      "geometry": {
        "type": "Point",
        "coordinates": [
          78.9774138,
          30.6033587
        ]
      },
      "properties": {
        "id": "osm-node-7733745688",
        "name": "Kholi Kharak",
        "kind": "settlement",
        "population": null,
        "status": "VERIFIED LIVE",
        "source": "OpenStreetMap"
      }
    },
    {
      "type": "Feature",
      "geometry": {
        "type": "Point",
        "coordinates": [
          78.9354334,
          30.6296351
        ]
      },
      "properties": {
        "id": "osm-node-7733745699",
        "name": "Mhangu Chatti",
        "kind": "settlement",
        "population": null,
        "status": "VERIFIED LIVE",
        "source": "OpenStreetMap"
      }
    },
    {
      "type": "Feature",
      "geometry": {
        "type": "Point",
        "coordinates": [
          78.8889554,
          30.5024389
        ]
      },
      "properties": {
        "id": "osm-node-7733750250",
        "name": "Unnamed settlement",
        "kind": "settlement",
        "population": null,
        "status": "VERIFIED LIVE",
        "source": "OpenStreetMap"
      }
    },
    {
      "type": "Feature",
      "geometry": {
        "type": "Point",
        "coordinates": [
          78.9031914,
          30.5036565
        ]
      },
      "properties": {
        "id": "osm-node-7733750251",
        "name": "Unnamed settlement",
        "kind": "settlement",
        "population": null,
        "status": "VERIFIED LIVE",
        "source": "OpenStreetMap"
      }
    },
    {
      "type": "Feature",
      "geometry": {
        "type": "Point",
        "coordinates": [
          78.9093552,
          30.4992722
        ]
      },
      "properties": {
        "id": "osm-node-7733750252",
        "name": "Karnoali",
        "kind": "settlement",
        "population": null,
        "status": "VERIFIED LIVE",
        "source": "OpenStreetMap"
      }
    },
    {
      "type": "Feature",
      "geometry": {
        "type": "Point",
        "coordinates": [
          78.9238305,
          30.4985101
        ]
      },
      "properties": {
        "id": "osm-node-7733750253",
        "name": "Badani",
        "kind": "settlement",
        "population": null,
        "status": "VERIFIED LIVE",
        "source": "OpenStreetMap"
      }
    },
    {
      "type": "Feature",
      "geometry": {
        "type": "Point",
        "coordinates": [
          79.1256307,
          30.5875596
        ]
      },
      "properties": {
        "id": "osm-node-7834554862",
        "name": "Chamli",
        "kind": "settlement",
        "population": null,
        "status": "VERIFIED LIVE",
        "source": "OpenStreetMap"
      }
    },
    {
      "type": "Feature",
      "geometry": {
        "type": "Point",
        "coordinates": [
          79.135124,
          30.5872888
        ]
      },
      "properties": {
        "id": "osm-node-7834554863",
        "name": "Dhanoji",
        "kind": "settlement",
        "population": null,
        "status": "VERIFIED LIVE",
        "source": "OpenStreetMap"
      }
    },
    {
      "type": "Feature",
      "geometry": {
        "type": "Point",
        "coordinates": [
          79.1529547,
          30.5905202
        ]
      },
      "properties": {
        "id": "osm-node-7834554864",
        "name": "Aktauli",
        "kind": "settlement",
        "population": null,
        "status": "VERIFIED LIVE",
        "source": "OpenStreetMap"
      }
    },
    {
      "type": "Feature",
      "geometry": {
        "type": "Point",
        "coordinates": [
          79.1506357,
          30.5943641
        ]
      },
      "properties": {
        "id": "osm-node-7834554865",
        "name": "Baunsar",
        "kind": "settlement",
        "population": null,
        "status": "VERIFIED LIVE",
        "source": "OpenStreetMap"
      }
    },
    {
      "type": "Feature",
      "geometry": {
        "type": "Point",
        "coordinates": [
          79.1552579,
          30.6083875
        ]
      },
      "properties": {
        "id": "osm-node-7834554866",
        "name": "Anphal",
        "kind": "settlement",
        "population": null,
        "status": "VERIFIED LIVE",
        "source": "OpenStreetMap"
      }
    },
    {
      "type": "Feature",
      "geometry": {
        "type": "Point",
        "coordinates": [
          79.1945254,
          30.6080826
        ]
      },
      "properties": {
        "id": "osm-node-7834554867",
        "name": "Bantoli",
        "kind": "settlement",
        "population": null,
        "status": "VERIFIED LIVE",
        "source": "OpenStreetMap"
      }
    },
    {
      "type": "Feature",
      "geometry": {
        "type": "Point",
        "coordinates": [
          79.1986453,
          30.6151707
        ]
      },
      "properties": {
        "id": "osm-node-7834554868",
        "name": "Nanugad",
        "kind": "settlement",
        "population": null,
        "status": "VERIFIED LIVE",
        "source": "OpenStreetMap"
      }
    },
    {
      "type": "Feature",
      "geometry": {
        "type": "Point",
        "coordinates": [
          79.166828,
          30.6052169
        ]
      },
      "properties": {
        "id": "osm-node-7834554869",
        "name": "Kotma",
        "kind": "settlement",
        "population": null,
        "status": "VERIFIED LIVE",
        "source": "OpenStreetMap"
      }
    },
    {
      "type": "Feature",
      "geometry": {
        "type": "Point",
        "coordinates": [
          79.1717277,
          30.6050916
        ]
      },
      "properties": {
        "id": "osm-node-7834554870",
        "name": "Makoda",
        "kind": "settlement",
        "population": null,
        "status": "VERIFIED LIVE",
        "source": "OpenStreetMap"
      }
    },
    {
      "type": "Feature",
      "geometry": {
        "type": "Point",
        "coordinates": [
          79.1893205,
          30.6077005
        ]
      },
      "properties": {
        "id": "osm-node-7834554871",
        "name": "Bantoli",
        "kind": "settlement",
        "population": null,
        "status": "VERIFIED LIVE",
        "source": "OpenStreetMap"
      }
    },
    {
      "type": "Feature",
      "geometry": {
        "type": "Point",
        "coordinates": [
          79.1913034,
          30.582893
        ]
      },
      "properties": {
        "id": "osm-node-7834554872",
        "name": "Tulyar Kharak",
        "kind": "settlement",
        "population": null,
        "status": "VERIFIED LIVE",
        "source": "OpenStreetMap"
      }
    },
    {
      "type": "Feature",
      "geometry": {
        "type": "Point",
        "coordinates": [
          79.1060705,
          30.5342721
        ]
      },
      "properties": {
        "id": "osm-node-7834623517",
        "name": "Pali",
        "kind": "settlement",
        "population": null,
        "status": "VERIFIED LIVE",
        "source": "OpenStreetMap"
      }
    },
    {
      "type": "Feature",
      "geometry": {
        "type": "Point",
        "coordinates": [
          79.1117542,
          30.5351391
        ]
      },
      "properties": {
        "id": "osm-node-7834623518",
        "name": "Phaphanj",
        "kind": "settlement",
        "population": null,
        "status": "VERIFIED LIVE",
        "source": "OpenStreetMap"
      }
    },
    {
      "type": "Feature",
      "geometry": {
        "type": "Point",
        "coordinates": [
          79.1268102,
          30.5373557
        ]
      },
      "properties": {
        "id": "osm-node-7834623519",
        "name": "Basti",
        "kind": "settlement",
        "population": null,
        "status": "VERIFIED LIVE",
        "source": "OpenStreetMap"
      }
    },
    {
      "type": "Feature",
      "geometry": {
        "type": "Point",
        "coordinates": [
          79.1198648,
          30.5488665
        ]
      },
      "properties": {
        "id": "osm-node-7834623520",
        "name": "Kunjalpuri",
        "kind": "settlement",
        "population": null,
        "status": "VERIFIED LIVE",
        "source": "OpenStreetMap"
      }
    },
    {
      "type": "Feature",
      "geometry": {
        "type": "Point",
        "coordinates": [
          79.1240507,
          30.5480722
        ]
      },
      "properties": {
        "id": "osm-node-7834623521",
        "name": "Mansuna",
        "kind": "settlement",
        "population": null,
        "status": "VERIFIED LIVE",
        "source": "OpenStreetMap"
      }
    },
    {
      "type": "Feature",
      "geometry": {
        "type": "Point",
        "coordinates": [
          79.1356668,
          30.5423897
        ]
      },
      "properties": {
        "id": "osm-node-7834623522",
        "name": "Gaid",
        "kind": "settlement",
        "population": null,
        "status": "VERIFIED LIVE",
        "source": "OpenStreetMap"
      }
    },
    {
      "type": "Feature",
      "geometry": {
        "type": "Point",
        "coordinates": [
          79.1388285,
          30.5490133
        ]
      },
      "properties": {
        "id": "osm-node-7834623523",
        "name": "Maldi",
        "kind": "settlement",
        "population": null,
        "status": "VERIFIED LIVE",
        "source": "OpenStreetMap"
      }
    },
    {
      "type": "Feature",
      "geometry": {
        "type": "Point",
        "coordinates": [
          79.1771177,
          30.5238887
        ]
      },
      "properties": {
        "id": "osm-node-7834623524",
        "name": "Patwariyan",
        "kind": "settlement",
        "population": null,
        "status": "VERIFIED LIVE",
        "source": "OpenStreetMap"
      }
    },
    {
      "type": "Feature",
      "geometry": {
        "type": "Point",
        "coordinates": [
          79.1352613,
          30.5168834
        ]
      },
      "properties": {
        "id": "osm-node-7834623525",
        "name": "Sari",
        "kind": "settlement",
        "population": null,
        "status": "VERIFIED LIVE",
        "source": "OpenStreetMap"
      }
    },
    {
      "type": "Feature",
      "geometry": {
        "type": "Point",
        "coordinates": [
          79.128112,
          30.5117967
        ]
      },
      "properties": {
        "id": "osm-node-7834623526",
        "name": "Dilmi",
        "kind": "settlement",
        "population": null,
        "status": "VERIFIED LIVE",
        "source": "OpenStreetMap"
      }
    },
    {
      "type": "Feature",
      "geometry": {
        "type": "Point",
        "coordinates": [
          79.1199019,
          30.5060583
        ]
      },
      "properties": {
        "id": "osm-node-7834623527",
        "name": "Korokhi",
        "kind": "settlement",
        "population": null,
        "status": "VERIFIED LIVE",
        "source": "OpenStreetMap"
      }
    },
    {
      "type": "Feature",
      "geometry": {
        "type": "Point",
        "coordinates": [
          79.140126,
          30.5007782
        ]
      },
      "properties": {
        "id": "osm-node-7834623528",
        "name": "Samar",
        "kind": "settlement",
        "population": null,
        "status": "VERIFIED LIVE",
        "source": "OpenStreetMap"
      }
    },
    {
      "type": "Feature",
      "geometry": {
        "type": "Point",
        "coordinates": [
          79.1446337,
          30.5062859
        ]
      },
      "properties": {
        "id": "osm-node-7834623529",
        "name": "Kanda",
        "kind": "settlement",
        "population": null,
        "status": "VERIFIED LIVE",
        "source": "OpenStreetMap"
      }
    },
    {
      "type": "Feature",
      "geometry": {
        "type": "Point",
        "coordinates": [
          79.1445036,
          30.513063
        ]
      },
      "properties": {
        "id": "osm-node-7834623530",
        "name": "Dalra",
        "kind": "settlement",
        "population": null,
        "status": "VERIFIED LIVE",
        "source": "OpenStreetMap"
      }
    },
    {
      "type": "Feature",
      "geometry": {
        "type": "Point",
        "coordinates": [
          79.1557299,
          30.5161597
        ]
      },
      "properties": {
        "id": "osm-node-7834623531",
        "name": "Kathani",
        "kind": "settlement",
        "population": null,
        "status": "VERIFIED LIVE",
        "source": "OpenStreetMap"
      }
    },
    {
      "type": "Feature",
      "geometry": {
        "type": "Point",
        "coordinates": [
          79.1577506,
          30.5073875
        ]
      },
      "properties": {
        "id": "osm-node-7834623532",
        "name": "Usara",
        "kind": "settlement",
        "population": null,
        "status": "VERIFIED LIVE",
        "source": "OpenStreetMap"
      }
    },
    {
      "type": "Feature",
      "geometry": {
        "type": "Point",
        "coordinates": [
          79.1513517,
          30.5051274
        ]
      },
      "properties": {
        "id": "osm-node-7834623533",
        "name": "Huddu",
        "kind": "settlement",
        "population": null,
        "status": "VERIFIED LIVE",
        "source": "OpenStreetMap"
      }
    },
    {
      "type": "Feature",
      "geometry": {
        "type": "Point",
        "coordinates": [
          79.1748846,
          30.5075677
        ]
      },
      "properties": {
        "id": "osm-node-7834623534",
        "name": "Syalni",
        "kind": "settlement",
        "population": null,
        "status": "VERIFIED LIVE",
        "source": "OpenStreetMap"
      }
    },
    {
      "type": "Feature",
      "geometry": {
        "type": "Point",
        "coordinates": [
          79.185027,
          30.5156417
        ]
      },
      "properties": {
        "id": "osm-node-7834623535",
        "name": "Rauni",
        "kind": "settlement",
        "population": null,
        "status": "VERIFIED LIVE",
        "source": "OpenStreetMap"
      }
    },
    {
      "type": "Feature",
      "geometry": {
        "type": "Point",
        "coordinates": [
          79.2146253,
          30.5157159
        ]
      },
      "properties": {
        "id": "osm-node-7834623536",
        "name": "Kilpulbhandni",
        "kind": "settlement",
        "population": null,
        "status": "VERIFIED LIVE",
        "source": "OpenStreetMap"
      }
    },
    {
      "type": "Feature",
      "geometry": {
        "type": "Point",
        "coordinates": [
          79.1965549,
          30.5217175
        ]
      },
      "properties": {
        "id": "osm-node-7834623537",
        "name": "Tali",
        "kind": "settlement",
        "population": null,
        "status": "VERIFIED LIVE",
        "source": "OpenStreetMap"
      }
    },
    {
      "type": "Feature",
      "geometry": {
        "type": "Point",
        "coordinates": [
          79.1714152,
          30.5419252
        ]
      },
      "properties": {
        "id": "osm-node-7834623538",
        "name": "Dhatai",
        "kind": "settlement",
        "population": null,
        "status": "VERIFIED LIVE",
        "source": "OpenStreetMap"
      }
    },
    {
      "type": "Feature",
      "geometry": {
        "type": "Point",
        "coordinates": [
          79.1478432,
          30.549678
        ]
      },
      "properties": {
        "id": "osm-node-7834623539",
        "name": "Bhekalta",
        "kind": "settlement",
        "population": null,
        "status": "VERIFIED LIVE",
        "source": "OpenStreetMap"
      }
    },
    {
      "type": "Feature",
      "geometry": {
        "type": "Point",
        "coordinates": [
          79.1322399,
          30.5573674
        ]
      },
      "properties": {
        "id": "osm-node-7834623540",
        "name": "Burwa",
        "kind": "settlement",
        "population": null,
        "status": "VERIFIED LIVE",
        "source": "OpenStreetMap"
      }
    },
    {
      "type": "Feature",
      "geometry": {
        "type": "Point",
        "coordinates": [
          79.1417855,
          30.5676366
        ]
      },
      "properties": {
        "id": "osm-node-7834623541",
        "name": "Bagar Kothi",
        "kind": "settlement",
        "population": null,
        "status": "VERIFIED LIVE",
        "source": "OpenStreetMap"
      }
    },
    {
      "type": "Feature",
      "geometry": {
        "type": "Point",
        "coordinates": [
          79.1301442,
          30.5716784
        ]
      },
      "properties": {
        "id": "osm-node-7834623542",
        "name": "Paundar",
        "kind": "settlement",
        "population": null,
        "status": "VERIFIED LIVE",
        "source": "OpenStreetMap"
      }
    },
    {
      "type": "Feature",
      "geometry": {
        "type": "Point",
        "coordinates": [
          79.1293716,
          30.5780554
        ]
      },
      "properties": {
        "id": "osm-node-7834623543",
        "name": "Bedula",
        "kind": "settlement",
        "population": null,
        "status": "VERIFIED LIVE",
        "source": "OpenStreetMap"
      }
    },
    {
      "type": "Feature",
      "geometry": {
        "type": "Point",
        "coordinates": [
          79.1305708,
          30.5755656
        ]
      },
      "properties": {
        "id": "osm-node-7834623544",
        "name": "Uniyana",
        "kind": "settlement",
        "population": null,
        "status": "VERIFIED LIVE",
        "source": "OpenStreetMap"
      }
    },
    {
      "type": "Feature",
      "geometry": {
        "type": "Point",
        "coordinates": [
          79.1346304,
          30.5792162
        ]
      },
      "properties": {
        "id": "osm-node-7834623545",
        "name": "Kandara",
        "kind": "settlement",
        "population": null,
        "status": "VERIFIED LIVE",
        "source": "OpenStreetMap"
      }
    },
    {
      "type": "Feature",
      "geometry": {
        "type": "Point",
        "coordinates": [
          79.0527258,
          30.5775743
        ]
      },
      "properties": {
        "id": "osm-node-7834673836",
        "name": "Duni",
        "kind": "settlement",
        "population": null,
        "status": "VERIFIED LIVE",
        "source": "OpenStreetMap"
      }
    },
    {
      "type": "Feature",
      "geometry": {
        "type": "Point",
        "coordinates": [
          79.0587164,
          30.5719864
        ]
      },
      "properties": {
        "id": "osm-node-7834673837",
        "name": "Maikhanda",
        "kind": "settlement",
        "population": null,
        "status": "VERIFIED LIVE",
        "source": "OpenStreetMap"
      }
    },
    {
      "type": "Feature",
      "geometry": {
        "type": "Point",
        "coordinates": [
          79.0487328,
          30.5726285
        ]
      },
      "properties": {
        "id": "osm-node-7834673838",
        "name": "Dhargaon",
        "kind": "settlement",
        "population": null,
        "status": "VERIFIED LIVE",
        "source": "OpenStreetMap"
      }
    },
    {
      "type": "Feature",
      "geometry": {
        "type": "Point",
        "coordinates": [
          79.0434907,
          30.5723033
        ]
      },
      "properties": {
        "id": "osm-node-7834673839",
        "name": "Ravigaon",
        "kind": "settlement",
        "population": null,
        "status": "VERIFIED LIVE",
        "source": "OpenStreetMap"
      }
    },
    {
      "type": "Feature",
      "geometry": {
        "type": "Point",
        "coordinates": [
          79.0464048,
          30.5679071
        ]
      },
      "properties": {
        "id": "osm-node-7834673840",
        "name": "Khariya",
        "kind": "settlement",
        "population": null,
        "status": "VERIFIED LIVE",
        "source": "OpenStreetMap"
      }
    },
    {
      "type": "Feature",
      "geometry": {
        "type": "Point",
        "coordinates": [
          79.0183907,
          30.5561407
        ]
      },
      "properties": {
        "id": "osm-node-7834673841",
        "name": "Unnamed settlement",
        "kind": "settlement",
        "population": null,
        "status": "VERIFIED LIVE",
        "source": "OpenStreetMap"
      }
    },
    {
      "type": "Feature",
      "geometry": {
        "type": "Point",
        "coordinates": [
          79.0280897,
          30.5425772
        ]
      },
      "properties": {
        "id": "osm-node-7834673842",
        "name": "Unnamed settlement",
        "kind": "settlement",
        "population": null,
        "status": "VERIFIED LIVE",
        "source": "OpenStreetMap"
      }
    },
    {
      "type": "Feature",
      "geometry": {
        "type": "Point",
        "coordinates": [
          79.0520513,
          30.5184854
        ]
      },
      "properties": {
        "id": "osm-node-7834673843",
        "name": "Kirmoriya",
        "kind": "settlement",
        "population": null,
        "status": "VERIFIED LIVE",
        "source": "OpenStreetMap"
      }
    },
    {
      "type": "Feature",
      "geometry": {
        "type": "Point",
        "coordinates": [
          79.0496066,
          30.5152196
        ]
      },
      "properties": {
        "id": "osm-node-7834673844",
        "name": "Jagdai",
        "kind": "settlement",
        "population": null,
        "status": "VERIFIED LIVE",
        "source": "OpenStreetMap"
      }
    },
    {
      "type": "Feature",
      "geometry": {
        "type": "Point",
        "coordinates": [
          79.055783,
          30.5159044
        ]
      },
      "properties": {
        "id": "osm-node-7834673845",
        "name": "Bhili",
        "kind": "settlement",
        "population": null,
        "status": "VERIFIED LIVE",
        "source": "OpenStreetMap"
      }
    },
    {
      "type": "Feature",
      "geometry": {
        "type": "Point",
        "coordinates": [
          79.0684206,
          30.5231996
        ]
      },
      "properties": {
        "id": "osm-node-7834673848",
        "name": "Dewar",
        "kind": "settlement",
        "population": null,
        "status": "VERIFIED LIVE",
        "source": "OpenStreetMap"
      }
    },
    {
      "type": "Feature",
      "geometry": {
        "type": "Point",
        "coordinates": [
          79.0357506,
          30.5281515
        ]
      },
      "properties": {
        "id": "osm-node-7834673849",
        "name": "Murchauki Kharak",
        "kind": "settlement",
        "population": null,
        "status": "VERIFIED LIVE",
        "source": "OpenStreetMap"
      }
    },
    {
      "type": "Feature",
      "geometry": {
        "type": "Point",
        "coordinates": [
          79.0081188,
          30.5429654
        ]
      },
      "properties": {
        "id": "osm-node-7834673850",
        "name": "Miathi Kharak",
        "kind": "settlement",
        "population": null,
        "status": "VERIFIED LIVE",
        "source": "OpenStreetMap"
      }
    },
    {
      "type": "Feature",
      "geometry": {
        "type": "Point",
        "coordinates": [
          79.0165531,
          30.5334489
        ]
      },
      "properties": {
        "id": "osm-node-7834673851",
        "name": "Dang Kharak",
        "kind": "settlement",
        "population": null,
        "status": "VERIFIED LIVE",
        "source": "OpenStreetMap"
      }
    },
    {
      "type": "Feature",
      "geometry": {
        "type": "Point",
        "coordinates": [
          79.0008111,
          30.5188385
        ]
      },
      "properties": {
        "id": "osm-node-7834673852",
        "name": "Nikhal",
        "kind": "settlement",
        "population": null,
        "status": "VERIFIED LIVE",
        "source": "OpenStreetMap"
      }
    },
    {
      "type": "Feature",
      "geometry": {
        "type": "Point",
        "coordinates": [
          79.0103012,
          30.5111647
        ]
      },
      "properties": {
        "id": "osm-node-7834673853",
        "name": "Unnamed settlement",
        "kind": "settlement",
        "population": null,
        "status": "VERIFIED LIVE",
        "source": "OpenStreetMap"
      }
    },
    {
      "type": "Feature",
      "geometry": {
        "type": "Point",
        "coordinates": [
          79.0167251,
          30.511531
        ]
      },
      "properties": {
        "id": "osm-node-7834673854",
        "name": "Dev Kharak",
        "kind": "settlement",
        "population": null,
        "status": "VERIFIED LIVE",
        "source": "OpenStreetMap"
      }
    },
    {
      "type": "Feature",
      "geometry": {
        "type": "Point",
        "coordinates": [
          79.0422747,
          30.5051709
        ]
      },
      "properties": {
        "id": "osm-node-7834673855",
        "name": "Tulanga",
        "kind": "settlement",
        "population": null,
        "status": "VERIFIED LIVE",
        "source": "OpenStreetMap"
      }
    },
    {
      "type": "Feature",
      "geometry": {
        "type": "Point",
        "coordinates": [
          79.0368313,
          30.5095447
        ]
      },
      "properties": {
        "id": "osm-node-7834673856",
        "name": "Khera",
        "kind": "settlement",
        "population": null,
        "status": "VERIFIED LIVE",
        "source": "OpenStreetMap"
      }
    },
    {
      "type": "Feature",
      "geometry": {
        "type": "Point",
        "coordinates": [
          79.0985328,
          30.5017496
        ]
      },
      "properties": {
        "id": "osm-node-7834673857",
        "name": "Kimana",
        "kind": "settlement",
        "population": null,
        "status": "VERIFIED LIVE",
        "source": "OpenStreetMap"
      }
    },
    {
      "type": "Feature",
      "geometry": {
        "type": "Point",
        "coordinates": [
          79.1030749,
          30.5068971
        ]
      },
      "properties": {
        "id": "osm-node-7834673858",
        "name": "Painj",
        "kind": "settlement",
        "population": null,
        "status": "VERIFIED LIVE",
        "source": "OpenStreetMap"
      }
    },
    {
      "type": "Feature",
      "geometry": {
        "type": "Point",
        "coordinates": [
          79.095158,
          30.5280883
        ]
      },
      "properties": {
        "id": "osm-node-7834673859",
        "name": "Chuni",
        "kind": "settlement",
        "population": null,
        "status": "VERIFIED LIVE",
        "source": "OpenStreetMap"
      }
    },
    {
      "type": "Feature",
      "geometry": {
        "type": "Point",
        "coordinates": [
          79.0983683,
          30.5247719
        ]
      },
      "properties": {
        "id": "osm-node-7834673860",
        "name": "Mangoli",
        "kind": "settlement",
        "population": null,
        "status": "VERIFIED LIVE",
        "source": "OpenStreetMap"
      }
    },
    {
      "type": "Feature",
      "geometry": {
        "type": "Point",
        "coordinates": [
          79.1097048,
          30.5269473
        ]
      },
      "properties": {
        "id": "osm-node-7834673861",
        "name": "Barsal",
        "kind": "settlement",
        "population": null,
        "status": "VERIFIED LIVE",
        "source": "OpenStreetMap"
      }
    },
    {
      "type": "Feature",
      "geometry": {
        "type": "Point",
        "coordinates": [
          79.084398,
          30.6053345
        ]
      },
      "properties": {
        "id": "osm-node-7834714346",
        "name": "Chilond",
        "kind": "settlement",
        "population": null,
        "status": "VERIFIED LIVE",
        "source": "OpenStreetMap"
      }
    },
    {
      "type": "Feature",
      "geometry": {
        "type": "Point",
        "coordinates": [
          79.0898457,
          30.6115305
        ]
      },
      "properties": {
        "id": "osm-node-7834714347",
        "name": "Buni",
        "kind": "settlement",
        "population": null,
        "status": "VERIFIED LIVE",
        "source": "OpenStreetMap"
      }
    },
    {
      "type": "Feature",
      "geometry": {
        "type": "Point",
        "coordinates": [
          79.0941316,
          30.6184678
        ]
      },
      "properties": {
        "id": "osm-node-7834714348",
        "name": "Unnamed settlement",
        "kind": "settlement",
        "population": null,
        "status": "VERIFIED LIVE",
        "source": "OpenStreetMap"
      }
    },
    {
      "type": "Feature",
      "geometry": {
        "type": "Point",
        "coordinates": [
          79.0989627,
          30.6213996
        ]
      },
      "properties": {
        "id": "osm-node-7834714349",
        "name": "Dola",
        "kind": "settlement",
        "population": null,
        "status": "VERIFIED LIVE",
        "source": "OpenStreetMap"
      }
    },
    {
      "type": "Feature",
      "geometry": {
        "type": "Point",
        "coordinates": [
          79.1066109,
          30.6209859
        ]
      },
      "properties": {
        "id": "osm-node-7834714350",
        "name": "Unnamed settlement",
        "kind": "settlement",
        "population": null,
        "status": "VERIFIED LIVE",
        "source": "OpenStreetMap"
      }
    },
    {
      "type": "Feature",
      "geometry": {
        "type": "Point",
        "coordinates": [
          79.1140795,
          30.612109
        ]
      },
      "properties": {
        "id": "osm-node-7834714351",
        "name": "Hungreta",
        "kind": "settlement",
        "population": null,
        "status": "VERIFIED LIVE",
        "source": "OpenStreetMap"
      }
    },
    {
      "type": "Feature",
      "geometry": {
        "type": "Point",
        "coordinates": [
          79.1493238,
          30.6881704
        ]
      },
      "properties": {
        "id": "osm-node-7834714352",
        "name": "Mansar Kharak",
        "kind": "settlement",
        "population": null,
        "status": "VERIFIED LIVE",
        "source": "OpenStreetMap"
      }
    },
    {
      "type": "Feature",
      "geometry": {
        "type": "Point",
        "coordinates": [
          79.1392097,
          30.6681724
        ]
      },
      "properties": {
        "id": "osm-node-7834714353",
        "name": "Mansar Kharak",
        "kind": "settlement",
        "population": null,
        "status": "VERIFIED LIVE",
        "source": "OpenStreetMap"
      }
    },
    {
      "type": "Feature",
      "geometry": {
        "type": "Point",
        "coordinates": [
          79.1860953,
          30.6548169
        ]
      },
      "properties": {
        "id": "osm-node-7834714356",
        "name": "Jabri Kharak",
        "kind": "settlement",
        "population": null,
        "status": "VERIFIED LIVE",
        "source": "OpenStreetMap"
      }
    },
    {
      "type": "Feature",
      "geometry": {
        "type": "Point",
        "coordinates": [
          79.1059532,
          30.6928219
        ]
      },
      "properties": {
        "id": "osm-node-7834714358",
        "name": "Simtoli",
        "kind": "settlement",
        "population": null,
        "status": "VERIFIED LIVE",
        "source": "OpenStreetMap"
      }
    },
    {
      "type": "Feature",
      "geometry": {
        "type": "Point",
        "coordinates": [
          79.007858,
          30.6376351
        ]
      },
      "properties": {
        "id": "osm-node-7834714359",
        "name": "Mundhya Chak",
        "kind": "settlement",
        "population": null,
        "status": "VERIFIED LIVE",
        "source": "OpenStreetMap"
      }
    },
    {
      "type": "Feature",
      "geometry": {
        "type": "Point",
        "coordinates": [
          79.0145516,
          30.604143
        ]
      },
      "properties": {
        "id": "osm-node-7834714360",
        "name": "Sersi",
        "kind": "settlement",
        "population": null,
        "status": "VERIFIED LIVE",
        "source": "OpenStreetMap"
      }
    },
    {
      "type": "Feature",
      "geometry": {
        "type": "Point",
        "coordinates": [
          79.0221784,
          30.5929299
        ]
      },
      "properties": {
        "id": "osm-node-7834714361",
        "name": "Dvukara",
        "kind": "settlement",
        "population": null,
        "status": "VERIFIED LIVE",
        "source": "OpenStreetMap"
      }
    },
    {
      "type": "Feature",
      "geometry": {
        "type": "Point",
        "coordinates": [
          79.0378264,
          30.5899762
        ]
      },
      "properties": {
        "id": "osm-node-7834714362",
        "name": "Rali",
        "kind": "settlement",
        "population": null,
        "status": "VERIFIED LIVE",
        "source": "OpenStreetMap"
      }
    },
    {
      "type": "Feature",
      "geometry": {
        "type": "Point",
        "coordinates": [
          79.0207188,
          30.5857792
        ]
      },
      "properties": {
        "id": "osm-node-7834714363",
        "name": "Tarsali",
        "kind": "settlement",
        "population": null,
        "status": "VERIFIED LIVE",
        "source": "OpenStreetMap"
      }
    },
    {
      "type": "Feature",
      "geometry": {
        "type": "Point",
        "coordinates": [
          79.0329072,
          30.5790011
        ]
      },
      "properties": {
        "id": "osm-node-7834714364",
        "name": "Jamu",
        "kind": "settlement",
        "population": null,
        "status": "VERIFIED LIVE",
        "source": "OpenStreetMap"
      }
    },
    {
      "type": "Feature",
      "geometry": {
        "type": "Point",
        "coordinates": [
          79.0462947,
          30.5779011
        ]
      },
      "properties": {
        "id": "osm-node-7834714365",
        "name": "Khat",
        "kind": "settlement",
        "population": null,
        "status": "VERIFIED LIVE",
        "source": "OpenStreetMap"
      }
    },
    {
      "type": "Feature",
      "geometry": {
        "type": "Point",
        "coordinates": [
          79.1227646,
          30.564986
        ]
      },
      "properties": {
        "id": "osm-node-7834756389",
        "name": "Chhanji",
        "kind": "settlement",
        "population": null,
        "status": "VERIFIED LIVE",
        "source": "OpenStreetMap"
      }
    },
    {
      "type": "Feature",
      "geometry": {
        "type": "Point",
        "coordinates": [
          79.1191832,
          30.5656336
        ]
      },
      "properties": {
        "id": "osm-node-7834756390",
        "name": "Lankh",
        "kind": "settlement",
        "population": null,
        "status": "VERIFIED LIVE",
        "source": "OpenStreetMap"
      }
    },
    {
      "type": "Feature",
      "geometry": {
        "type": "Point",
        "coordinates": [
          79.1216157,
          30.5613063
        ]
      },
      "properties": {
        "id": "osm-node-7834756391",
        "name": "Thaponj",
        "kind": "settlement",
        "population": null,
        "status": "VERIFIED LIVE",
        "source": "OpenStreetMap"
      }
    },
    {
      "type": "Feature",
      "geometry": {
        "type": "Point",
        "coordinates": [
          79.1157325,
          30.5625381
        ]
      },
      "properties": {
        "id": "osm-node-7834756392",
        "name": "Raun Lenkh",
        "kind": "settlement",
        "population": null,
        "status": "VERIFIED LIVE",
        "source": "OpenStreetMap"
      }
    },
    {
      "type": "Feature",
      "geometry": {
        "type": "Point",
        "coordinates": [
          79.1065787,
          30.5590617
        ]
      },
      "properties": {
        "id": "osm-node-7834756393",
        "name": "Bairaphala",
        "kind": "settlement",
        "population": null,
        "status": "VERIFIED LIVE",
        "source": "OpenStreetMap"
      }
    },
    {
      "type": "Feature",
      "geometry": {
        "type": "Point",
        "coordinates": [
          79.110375,
          30.5679398
        ]
      },
      "properties": {
        "id": "osm-node-7834756394",
        "name": "Raunchak",
        "kind": "settlement",
        "population": null,
        "status": "VERIFIED LIVE",
        "source": "OpenStreetMap"
      }
    },
    {
      "type": "Feature",
      "geometry": {
        "type": "Point",
        "coordinates": [
          79.1332412,
          30.5978524
        ]
      },
      "properties": {
        "id": "osm-node-7834756396",
        "name": "Sanera",
        "kind": "settlement",
        "population": null,
        "status": "VERIFIED LIVE",
        "source": "OpenStreetMap"
      }
    },
    {
      "type": "Feature",
      "geometry": {
        "type": "Point",
        "coordinates": [
          79.1178505,
          30.5912481
        ]
      },
      "properties": {
        "id": "osm-node-7834756397",
        "name": "Kalsila",
        "kind": "settlement",
        "population": null,
        "status": "VERIFIED LIVE",
        "source": "OpenStreetMap"
      }
    },
    {
      "type": "Feature",
      "geometry": {
        "type": "Point",
        "coordinates": [
          79.1127326,
          30.5922362
        ]
      },
      "properties": {
        "id": "osm-node-7834756398",
        "name": "Kalsila",
        "kind": "settlement",
        "population": null,
        "status": "VERIFIED LIVE",
        "source": "OpenStreetMap"
      }
    },
    {
      "type": "Feature",
      "geometry": {
        "type": "Point",
        "coordinates": [
          79.0906868,
          30.5874745
        ]
      },
      "properties": {
        "id": "osm-node-7834756399",
        "name": "Thepom",
        "kind": "settlement",
        "population": null,
        "status": "VERIFIED LIVE",
        "source": "OpenStreetMap"
      }
    },
    {
      "type": "Feature",
      "geometry": {
        "type": "Point",
        "coordinates": [
          79.0532462,
          30.59076
        ]
      },
      "properties": {
        "id": "osm-node-7835088242",
        "name": "Lolchchara",
        "kind": "settlement",
        "population": null,
        "status": "VERIFIED LIVE",
        "source": "OpenStreetMap"
      }
    },
    {
      "type": "Feature",
      "geometry": {
        "type": "Point",
        "coordinates": [
          79.0759309,
          30.5781014
        ]
      },
      "properties": {
        "id": "osm-node-7835088243",
        "name": "Somu",
        "kind": "settlement",
        "population": null,
        "status": "VERIFIED LIVE",
        "source": "OpenStreetMap"
      }
    },
    {
      "type": "Feature",
      "geometry": {
        "type": "Point",
        "coordinates": [
          79.0790324,
          30.5809755
        ]
      },
      "properties": {
        "id": "osm-node-7835088244",
        "name": "Kotma",
        "kind": "settlement",
        "population": null,
        "status": "VERIFIED LIVE",
        "source": "OpenStreetMap"
      }
    },
    {
      "type": "Feature",
      "geometry": {
        "type": "Point",
        "coordinates": [
          79.0845192,
          30.5853166
        ]
      },
      "properties": {
        "id": "osm-node-7835088245",
        "name": "Syansu",
        "kind": "settlement",
        "population": null,
        "status": "VERIFIED LIVE",
        "source": "OpenStreetMap"
      }
    },
    {
      "type": "Feature",
      "geometry": {
        "type": "Point",
        "coordinates": [
          79.0759627,
          30.5887265
        ]
      },
      "properties": {
        "id": "osm-node-7835088246",
        "name": "Khunnu",
        "kind": "settlement",
        "population": null,
        "status": "VERIFIED LIVE",
        "source": "OpenStreetMap"
      }
    },
    {
      "type": "Feature",
      "geometry": {
        "type": "Point",
        "coordinates": [
          79.0702433,
          30.5907588
        ]
      },
      "properties": {
        "id": "osm-node-7835088247",
        "name": "Jal Malla",
        "kind": "settlement",
        "population": null,
        "status": "VERIFIED LIVE",
        "source": "OpenStreetMap"
      }
    },
    {
      "type": "Feature",
      "geometry": {
        "type": "Point",
        "coordinates": [
          79.0712662,
          30.5960781
        ]
      },
      "properties": {
        "id": "osm-node-7835088248",
        "name": "Jal Talla",
        "kind": "settlement",
        "population": null,
        "status": "VERIFIED LIVE",
        "source": "OpenStreetMap"
      }
    },
    {
      "type": "Feature",
      "geometry": {
        "type": "Point",
        "coordinates": [
          79.0907916,
          30.5497351
        ]
      },
      "properties": {
        "id": "osm-node-7835126991",
        "name": "Unnamed settlement",
        "kind": "settlement",
        "population": null,
        "status": "VERIFIED LIVE",
        "source": "OpenStreetMap"
      }
    },
    {
      "type": "Feature",
      "geometry": {
        "type": "Point",
        "coordinates": [
          79.0993885,
          30.5443128
        ]
      },
      "properties": {
        "id": "osm-node-7835126992",
        "name": "Bedula",
        "kind": "settlement",
        "population": null,
        "status": "VERIFIED LIVE",
        "source": "OpenStreetMap"
      }
    },
    {
      "type": "Feature",
      "geometry": {
        "type": "Point",
        "coordinates": [
          79.1002799,
          30.5506423
        ]
      },
      "properties": {
        "id": "osm-node-7835126993",
        "name": "Jagi",
        "kind": "settlement",
        "population": null,
        "status": "VERIFIED LIVE",
        "source": "OpenStreetMap"
      }
    },
    {
      "type": "Feature",
      "geometry": {
        "type": "Point",
        "coordinates": [
          79.0961873,
          30.5546268
        ]
      },
      "properties": {
        "id": "osm-node-7835126994",
        "name": "Pari",
        "kind": "settlement",
        "population": null,
        "status": "VERIFIED LIVE",
        "source": "OpenStreetMap"
      }
    },
    {
      "type": "Feature",
      "geometry": {
        "type": "Point",
        "coordinates": [
          79.0908452,
          30.558702
        ]
      },
      "properties": {
        "id": "osm-node-7835126995",
        "name": "Kunjethi",
        "kind": "settlement",
        "population": null,
        "status": "VERIFIED LIVE",
        "source": "OpenStreetMap"
      }
    },
    {
      "type": "Feature",
      "geometry": {
        "type": "Point",
        "coordinates": [
          79.0924084,
          30.5668637
        ]
      },
      "properties": {
        "id": "osm-node-7835126996",
        "name": "Byunkhi",
        "kind": "settlement",
        "population": null,
        "status": "VERIFIED LIVE",
        "source": "OpenStreetMap"
      }
    },
    {
      "type": "Feature",
      "geometry": {
        "type": "Point",
        "coordinates": [
          79.0923432,
          30.5717533
        ]
      },
      "properties": {
        "id": "osm-node-7835126997",
        "name": "Jabar",
        "kind": "settlement",
        "population": null,
        "status": "VERIFIED LIVE",
        "source": "OpenStreetMap"
      }
    },
    {
      "type": "Feature",
      "geometry": {
        "type": "Point",
        "coordinates": [
          79.1091163,
          30.5281337
        ]
      },
      "properties": {
        "id": "osm-node-7835143081",
        "name": "Barsal",
        "kind": "settlement",
        "population": null,
        "status": "VERIFIED LIVE",
        "source": "OpenStreetMap"
      }
    },
    {
      "type": "Feature",
      "geometry": {
        "type": "Point",
        "coordinates": [
          79.1106423,
          30.5340127
        ]
      },
      "properties": {
        "id": "osm-node-7835143082",
        "name": "Phaphanj",
        "kind": "settlement",
        "population": null,
        "status": "VERIFIED LIVE",
        "source": "OpenStreetMap"
      }
    },
    {
      "type": "Feature",
      "geometry": {
        "type": "Point",
        "coordinates": [
          79.1087595,
          30.5363296
        ]
      },
      "properties": {
        "id": "osm-node-7835143083",
        "name": "Pali",
        "kind": "settlement",
        "population": null,
        "status": "VERIFIED LIVE",
        "source": "OpenStreetMap"
      }
    },
    {
      "type": "Feature",
      "geometry": {
        "type": "Point",
        "coordinates": [
          79.1066594,
          30.5400592
        ]
      },
      "properties": {
        "id": "osm-node-7835143084",
        "name": "Saruna",
        "kind": "settlement",
        "population": null,
        "status": "VERIFIED LIVE",
        "source": "OpenStreetMap"
      }
    },
    {
      "type": "Feature",
      "geometry": {
        "type": "Point",
        "coordinates": [
          79.1810398,
          30.4822695
        ]
      },
      "properties": {
        "id": "osm-node-7835193322",
        "name": "Bariyakund Chatti",
        "kind": "settlement",
        "population": null,
        "status": "VERIFIED LIVE",
        "source": "OpenStreetMap"
      }
    },
    {
      "type": "Feature",
      "geometry": {
        "type": "Point",
        "coordinates": [
          79.2046199,
          30.4922408
        ]
      },
      "properties": {
        "id": "osm-node-7835193323",
        "name": "Unnamed settlement",
        "kind": "settlement",
        "population": null,
        "status": "VERIFIED LIVE",
        "source": "OpenStreetMap"
      }
    },
    {
      "type": "Feature",
      "geometry": {
        "type": "Point",
        "coordinates": [
          79.1032504,
          30.4223037
        ]
      },
      "properties": {
        "id": "osm-node-7835195268",
        "name": "Kunjethi",
        "kind": "settlement",
        "population": null,
        "status": "VERIFIED LIVE",
        "source": "OpenStreetMap"
      }
    },
    {
      "type": "Feature",
      "geometry": {
        "type": "Point",
        "coordinates": [
          79.0968299,
          30.4249912
        ]
      },
      "properties": {
        "id": "osm-node-7835195269",
        "name": "Ajaipur",
        "kind": "settlement",
        "population": null,
        "status": "VERIFIED LIVE",
        "source": "OpenStreetMap"
      }
    },
    {
      "type": "Feature",
      "geometry": {
        "type": "Point",
        "coordinates": [
          79.1078199,
          30.4251952
        ]
      },
      "properties": {
        "id": "osm-node-7835195270",
        "name": "Jaikandi",
        "kind": "settlement",
        "population": null,
        "status": "VERIFIED LIVE",
        "source": "OpenStreetMap"
      }
    },
    {
      "type": "Feature",
      "geometry": {
        "type": "Point",
        "coordinates": [
          79.1077721,
          30.4216972
        ]
      },
      "properties": {
        "id": "osm-node-7835195271",
        "name": "Ason",
        "kind": "settlement",
        "population": null,
        "status": "VERIFIED LIVE",
        "source": "OpenStreetMap"
      }
    },
    {
      "type": "Feature",
      "geometry": {
        "type": "Point",
        "coordinates": [
          79.1175169,
          30.4236388
        ]
      },
      "properties": {
        "id": "osm-node-7835195272",
        "name": "Unnamed settlement",
        "kind": "settlement",
        "population": null,
        "status": "VERIFIED LIVE",
        "source": "OpenStreetMap"
      }
    },
    {
      "type": "Feature",
      "geometry": {
        "type": "Point",
        "coordinates": [
          79.1253371,
          30.4204829
        ]
      },
      "properties": {
        "id": "osm-node-7835195273",
        "name": "Gyarponga",
        "kind": "settlement",
        "population": null,
        "status": "VERIFIED LIVE",
        "source": "OpenStreetMap"
      }
    },
    {
      "type": "Feature",
      "geometry": {
        "type": "Point",
        "coordinates": [
          79.1161229,
          30.4289529
        ]
      },
      "properties": {
        "id": "osm-node-7835195274",
        "name": "Pinglapani",
        "kind": "settlement",
        "population": null,
        "status": "VERIFIED LIVE",
        "source": "OpenStreetMap"
      }
    },
    {
      "type": "Feature",
      "geometry": {
        "type": "Point",
        "coordinates": [
          79.1274953,
          30.4330897
        ]
      },
      "properties": {
        "id": "osm-node-7835195275",
        "name": "Balsundi",
        "kind": "settlement",
        "population": null,
        "status": "VERIFIED LIVE",
        "source": "OpenStreetMap"
      }
    },
    {
      "type": "Feature",
      "geometry": {
        "type": "Point",
        "coordinates": [
          79.1179409,
          30.435051
        ]
      },
      "properties": {
        "id": "osm-node-7835195276",
        "name": "Bhirali",
        "kind": "settlement",
        "population": null,
        "status": "VERIFIED LIVE",
        "source": "OpenStreetMap"
      }
    },
    {
      "type": "Feature",
      "geometry": {
        "type": "Point",
        "coordinates": [
          79.1353592,
          30.4363672
        ]
      },
      "properties": {
        "id": "osm-node-7835195277",
        "name": "Akhoni",
        "kind": "settlement",
        "population": null,
        "status": "VERIFIED LIVE",
        "source": "OpenStreetMap"
      }
    },
    {
      "type": "Feature",
      "geometry": {
        "type": "Point",
        "coordinates": [
          79.1402776,
          30.4230449
        ]
      },
      "properties": {
        "id": "osm-node-7835195278",
        "name": "Bhanajgwar",
        "kind": "settlement",
        "population": null,
        "status": "VERIFIED LIVE",
        "source": "OpenStreetMap"
      }
    },
    {
      "type": "Feature",
      "geometry": {
        "type": "Point",
        "coordinates": [
          79.145134,
          30.433058
        ]
      },
      "properties": {
        "id": "osm-node-7835200114",
        "name": "Machkandi",
        "kind": "settlement",
        "population": null,
        "status": "VERIFIED LIVE",
        "source": "OpenStreetMap"
      }
    },
    {
      "type": "Feature",
      "geometry": {
        "type": "Point",
        "coordinates": [
          79.1552031,
          30.4305492
        ]
      },
      "properties": {
        "id": "osm-node-7835200115",
        "name": "Bhanajgwar",
        "kind": "settlement",
        "population": null,
        "status": "VERIFIED LIVE",
        "source": "OpenStreetMap"
      }
    },
    {
      "type": "Feature",
      "geometry": {
        "type": "Point",
        "coordinates": [
          79.1528281,
          30.4430987
        ]
      },
      "properties": {
        "id": "osm-node-7835200116",
        "name": "Unnamed settlement",
        "kind": "settlement",
        "population": null,
        "status": "VERIFIED LIVE",
        "source": "OpenStreetMap"
      }
    },
    {
      "type": "Feature",
      "geometry": {
        "type": "Point",
        "coordinates": [
          79.1496614,
          30.4472473
        ]
      },
      "properties": {
        "id": "osm-node-7835200117",
        "name": "Unnamed settlement",
        "kind": "settlement",
        "population": null,
        "status": "VERIFIED LIVE",
        "source": "OpenStreetMap"
      }
    },
    {
      "type": "Feature",
      "geometry": {
        "type": "Point",
        "coordinates": [
          79.1557045,
          30.4680683
        ]
      },
      "properties": {
        "id": "osm-node-7835200118",
        "name": "Unnamed settlement",
        "kind": "settlement",
        "population": null,
        "status": "VERIFIED LIVE",
        "source": "OpenStreetMap"
      }
    },
    {
      "type": "Feature",
      "geometry": {
        "type": "Point",
        "coordinates": [
          79.1472215,
          30.4696129
        ]
      },
      "properties": {
        "id": "osm-node-7835200119",
        "name": "Unnamed settlement",
        "kind": "settlement",
        "population": null,
        "status": "VERIFIED LIVE",
        "source": "OpenStreetMap"
      }
    },
    {
      "type": "Feature",
      "geometry": {
        "type": "Point",
        "coordinates": [
          79.1441654,
          30.4746454
        ]
      },
      "properties": {
        "id": "osm-node-7835200120",
        "name": "Pab",
        "kind": "settlement",
        "population": null,
        "status": "VERIFIED LIVE",
        "source": "OpenStreetMap"
      }
    },
    {
      "type": "Feature",
      "geometry": {
        "type": "Point",
        "coordinates": [
          79.1357198,
          30.4813448
        ]
      },
      "properties": {
        "id": "osm-node-7835200121",
        "name": "Makku",
        "kind": "settlement",
        "population": null,
        "status": "VERIFIED LIVE",
        "source": "OpenStreetMap"
      }
    },
    {
      "type": "Feature",
      "geometry": {
        "type": "Point",
        "coordinates": [
          79.1282581,
          30.49622
        ]
      },
      "properties": {
        "id": "osm-node-7835200122",
        "name": "Silgot",
        "kind": "settlement",
        "population": null,
        "status": "VERIFIED LIVE",
        "source": "OpenStreetMap"
      }
    },
    {
      "type": "Feature",
      "geometry": {
        "type": "Point",
        "coordinates": [
          79.1408591,
          30.4921856
        ]
      },
      "properties": {
        "id": "osm-node-7835200123",
        "name": "Gwar",
        "kind": "settlement",
        "population": null,
        "status": "VERIFIED LIVE",
        "source": "OpenStreetMap"
      }
    },
    {
      "type": "Feature",
      "geometry": {
        "type": "Point",
        "coordinates": [
          79.1449429,
          30.4860889
        ]
      },
      "properties": {
        "id": "osm-node-7835200124",
        "name": "Dilmi",
        "kind": "settlement",
        "population": null,
        "status": "VERIFIED LIVE",
        "source": "OpenStreetMap"
      }
    },
    {
      "type": "Feature",
      "geometry": {
        "type": "Point",
        "coordinates": [
          79.1763501,
          30.4874111
        ]
      },
      "properties": {
        "id": "osm-node-7835200125",
        "name": "Dogalbanta",
        "kind": "settlement",
        "population": null,
        "status": "VERIFIED LIVE",
        "source": "OpenStreetMap"
      }
    },
    {
      "type": "Feature",
      "geometry": {
        "type": "Point",
        "coordinates": [
          79.1659063,
          30.4999512
        ]
      },
      "properties": {
        "id": "osm-node-7835200126",
        "name": "Pothibasa Chatti",
        "kind": "settlement",
        "population": null,
        "status": "VERIFIED LIVE",
        "source": "OpenStreetMap"
      }
    },
    {
      "type": "Feature",
      "geometry": {
        "type": "Point",
        "coordinates": [
          79.1696643,
          30.4695784
        ]
      },
      "properties": {
        "id": "osm-node-7835200127",
        "name": "Chariakor",
        "kind": "settlement",
        "population": null,
        "status": "VERIFIED LIVE",
        "source": "OpenStreetMap"
      }
    },
    {
      "type": "Feature",
      "geometry": {
        "type": "Point",
        "coordinates": [
          79.0964374,
          30.3813295
        ]
      },
      "properties": {
        "id": "osm-node-7835230503",
        "name": "Unnamed settlement",
        "kind": "settlement",
        "population": null,
        "status": "VERIFIED LIVE",
        "source": "OpenStreetMap"
      }
    },
    {
      "type": "Feature",
      "geometry": {
        "type": "Point",
        "coordinates": [
          79.0724945,
          30.4124743
        ]
      },
      "properties": {
        "id": "osm-node-7835230504",
        "name": "Dhar",
        "kind": "settlement",
        "population": null,
        "status": "VERIFIED LIVE",
        "source": "OpenStreetMap"
      }
    },
    {
      "type": "Feature",
      "geometry": {
        "type": "Point",
        "coordinates": [
          79.0789468,
          30.4045554
        ]
      },
      "properties": {
        "id": "osm-node-7835230505",
        "name": "Magryun",
        "kind": "settlement",
        "population": null,
        "status": "VERIFIED LIVE",
        "source": "OpenStreetMap"
      }
    },
    {
      "type": "Feature",
      "geometry": {
        "type": "Point",
        "coordinates": [
          79.0693832,
          30.3985343
        ]
      },
      "properties": {
        "id": "osm-node-7835230506",
        "name": "Kamsal",
        "kind": "settlement",
        "population": null,
        "status": "VERIFIED LIVE",
        "source": "OpenStreetMap"
      }
    },
    {
      "type": "Feature",
      "geometry": {
        "type": "Point",
        "coordinates": [
          79.0746513,
          30.3970941
        ]
      },
      "properties": {
        "id": "osm-node-7835230507",
        "name": "Jagot",
        "kind": "settlement",
        "population": null,
        "status": "VERIFIED LIVE",
        "source": "OpenStreetMap"
      }
    },
    {
      "type": "Feature",
      "geometry": {
        "type": "Point",
        "coordinates": [
          79.0861298,
          30.4020258
        ]
      },
      "properties": {
        "id": "osm-node-7835230508",
        "name": "Banjgaru",
        "kind": "settlement",
        "population": null,
        "status": "VERIFIED LIVE",
        "source": "OpenStreetMap"
      }
    },
    {
      "type": "Feature",
      "geometry": {
        "type": "Point",
        "coordinates": [
          79.0876096,
          30.4077134
        ]
      },
      "properties": {
        "id": "osm-node-7835230509",
        "name": "Jaungi",
        "kind": "settlement",
        "population": null,
        "status": "VERIFIED LIVE",
        "source": "OpenStreetMap"
      }
    },
    {
      "type": "Feature",
      "geometry": {
        "type": "Point",
        "coordinates": [
          79.0908223,
          30.4122706
        ]
      },
      "properties": {
        "id": "osm-node-7835230510",
        "name": "Pillu",
        "kind": "settlement",
        "population": null,
        "status": "VERIFIED LIVE",
        "source": "OpenStreetMap"
      }
    },
    {
      "type": "Feature",
      "geometry": {
        "type": "Point",
        "coordinates": [
          79.0613772,
          30.3660623
        ]
      },
      "properties": {
        "id": "osm-node-7835272583",
        "name": "Urkholi",
        "kind": "settlement",
        "population": null,
        "status": "VERIFIED LIVE",
        "source": "OpenStreetMap"
      }
    },
    {
      "type": "Feature",
      "geometry": {
        "type": "Point",
        "coordinates": [
          79.059567,
          30.3635388
        ]
      },
      "properties": {
        "id": "osm-node-7835272584",
        "name": "Bachhani",
        "kind": "settlement",
        "population": null,
        "status": "VERIFIED LIVE",
        "source": "OpenStreetMap"
      }
    },
    {
      "type": "Feature",
      "geometry": {
        "type": "Point",
        "coordinates": [
          79.078356,
          30.3892946
        ]
      },
      "properties": {
        "id": "osm-node-7835275907",
        "name": "Unnamed settlement",
        "kind": "settlement",
        "population": null,
        "status": "VERIFIED LIVE",
        "source": "OpenStreetMap"
      }
    },
    {
      "type": "Feature",
      "geometry": {
        "type": "Point",
        "coordinates": [
          79.07353,
          30.3886431
        ]
      },
      "properties": {
        "id": "osm-node-7835275908",
        "name": "Kholidhar",
        "kind": "settlement",
        "population": null,
        "status": "VERIFIED LIVE",
        "source": "OpenStreetMap"
      }
    },
    {
      "type": "Feature",
      "geometry": {
        "type": "Point",
        "coordinates": [
          79.0845634,
          30.3636295
        ]
      },
      "properties": {
        "id": "osm-node-7835280595",
        "name": "Swanri",
        "kind": "settlement",
        "population": null,
        "status": "VERIFIED LIVE",
        "source": "OpenStreetMap"
      }
    },
    {
      "type": "Feature",
      "geometry": {
        "type": "Point",
        "coordinates": [
          79.0843669,
          30.3598375
        ]
      },
      "properties": {
        "id": "osm-node-7835280596",
        "name": "Dhiriyari",
        "kind": "settlement",
        "population": null,
        "status": "VERIFIED LIVE",
        "source": "OpenStreetMap"
      }
    },
    {
      "type": "Feature",
      "geometry": {
        "type": "Point",
        "coordinates": [
          79.0858109,
          30.3566809
        ]
      },
      "properties": {
        "id": "osm-node-7835280597",
        "name": "Simartal",
        "kind": "settlement",
        "population": null,
        "status": "VERIFIED LIVE",
        "source": "OpenStreetMap"
      }
    },
    {
      "type": "Feature",
      "geometry": {
        "type": "Point",
        "coordinates": [
          79.0810125,
          30.3585576
        ]
      },
      "properties": {
        "id": "osm-node-7835281102",
        "name": "Bagethi",
        "kind": "settlement",
        "population": null,
        "status": "VERIFIED LIVE",
        "source": "OpenStreetMap"
      }
    },
    {
      "type": "Feature",
      "geometry": {
        "type": "Point",
        "coordinates": [
          79.0813948,
          30.3665021
        ]
      },
      "properties": {
        "id": "osm-node-7835281103",
        "name": "Bagar",
        "kind": "settlement",
        "population": null,
        "status": "VERIFIED LIVE",
        "source": "OpenStreetMap"
      }
    },
    {
      "type": "Feature",
      "geometry": {
        "type": "Point",
        "coordinates": [
          79.0754295,
          30.3770277
        ]
      },
      "properties": {
        "id": "osm-node-7835281104",
        "name": "Naini",
        "kind": "settlement",
        "population": null,
        "status": "VERIFIED LIVE",
        "source": "OpenStreetMap"
      }
    },
    {
      "type": "Feature",
      "geometry": {
        "type": "Point",
        "coordinates": [
          79.0729118,
          30.3736569
        ]
      },
      "properties": {
        "id": "osm-node-7835281105",
        "name": "Khamoli",
        "kind": "settlement",
        "population": null,
        "status": "VERIFIED LIVE",
        "source": "OpenStreetMap"
      }
    },
    {
      "type": "Feature",
      "geometry": {
        "type": "Point",
        "coordinates": [
          79.0660954,
          30.3735146
        ]
      },
      "properties": {
        "id": "osm-node-7835281106",
        "name": "Khali",
        "kind": "settlement",
        "population": null,
        "status": "VERIFIED LIVE",
        "source": "OpenStreetMap"
      }
    },
    {
      "type": "Feature",
      "geometry": {
        "type": "Point",
        "coordinates": [
          79.0675293,
          30.3779547
        ]
      },
      "properties": {
        "id": "osm-node-7835281107",
        "name": "Bhuter",
        "kind": "settlement",
        "population": null,
        "status": "VERIFIED LIVE",
        "source": "OpenStreetMap"
      }
    },
    {
      "type": "Feature",
      "geometry": {
        "type": "Point",
        "coordinates": [
          79.0675057,
          30.3606766
        ]
      },
      "properties": {
        "id": "osm-node-7835292285",
        "name": "Tarag",
        "kind": "settlement",
        "population": null,
        "status": "VERIFIED LIVE",
        "source": "OpenStreetMap"
      }
    },
    {
      "type": "Feature",
      "geometry": {
        "type": "Point",
        "coordinates": [
          79.0548769,
          30.3553591
        ]
      },
      "properties": {
        "id": "osm-node-7835292286",
        "name": "Kolhu",
        "kind": "settlement",
        "population": null,
        "status": "VERIFIED LIVE",
        "source": "OpenStreetMap"
      }
    },
    {
      "type": "Feature",
      "geometry": {
        "type": "Point",
        "coordinates": [
          79.0575484,
          30.351277
        ]
      },
      "properties": {
        "id": "osm-node-7835292287",
        "name": "Dhankot",
        "kind": "settlement",
        "population": null,
        "status": "VERIFIED LIVE",
        "source": "OpenStreetMap"
      }
    },
    {
      "type": "Feature",
      "geometry": {
        "type": "Point",
        "coordinates": [
          79.0710685,
          30.345339
        ]
      },
      "properties": {
        "id": "osm-node-7835292288",
        "name": "Kyuri",
        "kind": "settlement",
        "population": null,
        "status": "VERIFIED LIVE",
        "source": "OpenStreetMap"
      }
    },
    {
      "type": "Feature",
      "geometry": {
        "type": "Point",
        "coordinates": [
          79.0715361,
          30.351195
        ]
      },
      "properties": {
        "id": "osm-node-7835292289",
        "name": "Unnamed settlement",
        "kind": "settlement",
        "population": null,
        "status": "VERIFIED LIVE",
        "source": "OpenStreetMap"
      }
    },
    {
      "type": "Feature",
      "geometry": {
        "type": "Point",
        "coordinates": [
          79.074243,
          30.3482013
        ]
      },
      "properties": {
        "id": "osm-node-7835292290",
        "name": "Kanda",
        "kind": "settlement",
        "population": null,
        "status": "VERIFIED LIVE",
        "source": "OpenStreetMap"
      }
    },
    {
      "type": "Feature",
      "geometry": {
        "type": "Point",
        "coordinates": [
          79.0877017,
          30.4567028
        ]
      },
      "properties": {
        "id": "osm-node-7835437755",
        "name": "Unnamed settlement",
        "kind": "settlement",
        "population": null,
        "status": "VERIFIED LIVE",
        "source": "OpenStreetMap"
      }
    },
    {
      "type": "Feature",
      "geometry": {
        "type": "Point",
        "coordinates": [
          79.08267,
          30.4562433
        ]
      },
      "properties": {
        "id": "osm-node-7835437756",
        "name": "Jalai",
        "kind": "settlement",
        "population": null,
        "status": "VERIFIED LIVE",
        "source": "OpenStreetMap"
      }
    },
    {
      "type": "Feature",
      "geometry": {
        "type": "Point",
        "coordinates": [
          79.0851802,
          30.4636829
        ]
      },
      "properties": {
        "id": "osm-node-7835437757",
        "name": "Sursal",
        "kind": "settlement",
        "population": null,
        "status": "VERIFIED LIVE",
        "source": "OpenStreetMap"
      }
    },
    {
      "type": "Feature",
      "geometry": {
        "type": "Point",
        "coordinates": [
          79.0997329,
          30.4591813
        ]
      },
      "properties": {
        "id": "osm-node-7835437758",
        "name": "Oring",
        "kind": "settlement",
        "population": null,
        "status": "VERIFIED LIVE",
        "source": "OpenStreetMap"
      }
    },
    {
      "type": "Feature",
      "geometry": {
        "type": "Point",
        "coordinates": [
          79.1100976,
          30.4929563
        ]
      },
      "properties": {
        "id": "osm-node-7835437759",
        "name": "Samla",
        "kind": "settlement",
        "population": null,
        "status": "VERIFIED LIVE",
        "source": "OpenStreetMap"
      }
    },
    {
      "type": "Feature",
      "geometry": {
        "type": "Point",
        "coordinates": [
          79.1082566,
          30.4889635
        ]
      },
      "properties": {
        "id": "osm-node-7835437760",
        "name": "Kundlya",
        "kind": "settlement",
        "population": null,
        "status": "VERIFIED LIVE",
        "source": "OpenStreetMap"
      }
    },
    {
      "type": "Feature",
      "geometry": {
        "type": "Point",
        "coordinates": [
          79.1081949,
          30.4847795
        ]
      },
      "properties": {
        "id": "osm-node-7835437761",
        "name": "Chaunda",
        "kind": "settlement",
        "population": null,
        "status": "VERIFIED LIVE",
        "source": "OpenStreetMap"
      }
    },
    {
      "type": "Feature",
      "geometry": {
        "type": "Point",
        "coordinates": [
          79.1113116,
          30.4879921
        ]
      },
      "properties": {
        "id": "osm-node-7835437762",
        "name": "Bhingi",
        "kind": "settlement",
        "population": null,
        "status": "VERIFIED LIVE",
        "source": "OpenStreetMap"
      }
    },
    {
      "type": "Feature",
      "geometry": {
        "type": "Point",
        "coordinates": [
          79.1158266,
          30.4850555
        ]
      },
      "properties": {
        "id": "osm-node-7835437763",
        "name": "Kyark",
        "kind": "settlement",
        "population": null,
        "status": "VERIFIED LIVE",
        "source": "OpenStreetMap"
      }
    },
    {
      "type": "Feature",
      "geometry": {
        "type": "Point",
        "coordinates": [
          79.1140029,
          30.4824452
        ]
      },
      "properties": {
        "id": "osm-node-7835437764",
        "name": "Kuher",
        "kind": "settlement",
        "population": null,
        "status": "VERIFIED LIVE",
        "source": "OpenStreetMap"
      }
    },
    {
      "type": "Feature",
      "geometry": {
        "type": "Point",
        "coordinates": [
          79.076531,
          30.4960388
        ]
      },
      "properties": {
        "id": "osm-node-7835508089",
        "name": "Bamsu",
        "kind": "settlement",
        "population": null,
        "status": "VERIFIED LIVE",
        "source": "OpenStreetMap"
      }
    },
    {
      "type": "Feature",
      "geometry": {
        "type": "Point",
        "coordinates": [
          79.0714605,
          30.4927491
        ]
      },
      "properties": {
        "id": "osm-node-7835508090",
        "name": "Dayuli",
        "kind": "settlement",
        "population": null,
        "status": "VERIFIED LIVE",
        "source": "OpenStreetMap"
      }
    },
    {
      "type": "Feature",
      "geometry": {
        "type": "Point",
        "coordinates": [
          79.0764795,
          30.4843244
        ]
      },
      "properties": {
        "id": "osm-node-7835508091",
        "name": "Baramwari",
        "kind": "settlement",
        "population": null,
        "status": "VERIFIED LIVE",
        "source": "OpenStreetMap"
      }
    },
    {
      "type": "Feature",
      "geometry": {
        "type": "Point",
        "coordinates": [
          79.0653411,
          30.4888523
        ]
      },
      "properties": {
        "id": "osm-node-7835508092",
        "name": "Bhangaon",
        "kind": "settlement",
        "population": null,
        "status": "VERIFIED LIVE",
        "source": "OpenStreetMap"
      }
    },
    {
      "type": "Feature",
      "geometry": {
        "type": "Point",
        "coordinates": [
          79.0667243,
          30.4971231
        ]
      },
      "properties": {
        "id": "osm-node-7835508093",
        "name": "Pithaura",
        "kind": "settlement",
        "population": null,
        "status": "VERIFIED LIVE",
        "source": "OpenStreetMap"
      }
    },
    {
      "type": "Feature",
      "geometry": {
        "type": "Point",
        "coordinates": [
          79.0688687,
          30.494014
        ]
      },
      "properties": {
        "id": "osm-node-7835508094",
        "name": "Lamgaundi",
        "kind": "settlement",
        "population": null,
        "status": "VERIFIED LIVE",
        "source": "OpenStreetMap"
      }
    },
    {
      "type": "Feature",
      "geometry": {
        "type": "Point",
        "coordinates": [
          79.0615441,
          30.4935383
        ]
      },
      "properties": {
        "id": "osm-node-7835508095",
        "name": "Sirwani",
        "kind": "settlement",
        "population": null,
        "status": "VERIFIED LIVE",
        "source": "OpenStreetMap"
      }
    },
    {
      "type": "Feature",
      "geometry": {
        "type": "Point",
        "coordinates": [
          79.045761,
          30.4992415
        ]
      },
      "properties": {
        "id": "osm-node-7835508096",
        "name": "Tulanga",
        "kind": "settlement",
        "population": null,
        "status": "VERIFIED LIVE",
        "source": "OpenStreetMap"
      }
    },
    {
      "type": "Feature",
      "geometry": {
        "type": "Point",
        "coordinates": [
          79.0063374,
          30.4771471
        ]
      },
      "properties": {
        "id": "osm-node-7835508097",
        "name": "Unnamed settlement",
        "kind": "settlement",
        "population": null,
        "status": "VERIFIED LIVE",
        "source": "OpenStreetMap"
      }
    },
    {
      "type": "Feature",
      "geometry": {
        "type": "Point",
        "coordinates": [
          79.0101902,
          30.4712186
        ]
      },
      "properties": {
        "id": "osm-node-7835508098",
        "name": "Uchhola",
        "kind": "settlement",
        "population": null,
        "status": "VERIFIED LIVE",
        "source": "OpenStreetMap"
      }
    },
    {
      "type": "Feature",
      "geometry": {
        "type": "Point",
        "coordinates": [
          79.1089843,
          30.4772976
        ]
      },
      "properties": {
        "id": "osm-node-7835521065",
        "name": "Uthind",
        "kind": "settlement",
        "population": null,
        "status": "VERIFIED LIVE",
        "source": "OpenStreetMap"
      }
    },
    {
      "type": "Feature",
      "geometry": {
        "type": "Point",
        "coordinates": [
          79.1011332,
          30.4707875
        ]
      },
      "properties": {
        "id": "osm-node-7835521066",
        "name": "Pailing",
        "kind": "settlement",
        "population": null,
        "status": "VERIFIED LIVE",
        "source": "OpenStreetMap"
      }
    },
    {
      "type": "Feature",
      "geometry": {
        "type": "Point",
        "coordinates": [
          79.0908399,
          30.4706693
        ]
      },
      "properties": {
        "id": "osm-node-7835521067",
        "name": "Dharsai",
        "kind": "settlement",
        "population": null,
        "status": "VERIFIED LIVE",
        "source": "OpenStreetMap"
      }
    },
    {
      "type": "Feature",
      "geometry": {
        "type": "Point",
        "coordinates": [
          79.0925472,
          30.4726923
        ]
      },
      "properties": {
        "id": "osm-node-7835521068",
        "name": "Thand",
        "kind": "settlement",
        "population": null,
        "status": "VERIFIED LIVE",
        "source": "OpenStreetMap"
      }
    },
    {
      "type": "Feature",
      "geometry": {
        "type": "Point",
        "coordinates": [
          79.0912461,
          30.4762198
        ]
      },
      "properties": {
        "id": "osm-node-7835521069",
        "name": "Kakola",
        "kind": "settlement",
        "population": null,
        "status": "VERIFIED LIVE",
        "source": "OpenStreetMap"
      }
    },
    {
      "type": "Feature",
      "geometry": {
        "type": "Point",
        "coordinates": [
          79.0823042,
          30.4766158
        ]
      },
      "properties": {
        "id": "osm-node-7835521070",
        "name": "Gwarigaon",
        "kind": "settlement",
        "population": null,
        "status": "VERIFIED LIVE",
        "source": "OpenStreetMap"
      }
    },
    {
      "type": "Feature",
      "geometry": {
        "type": "Point",
        "coordinates": [
          79.078055,
          30.4750223
        ]
      },
      "properties": {
        "id": "osm-node-7835521071",
        "name": "Temriya",
        "kind": "settlement",
        "population": null,
        "status": "VERIFIED LIVE",
        "source": "OpenStreetMap"
      }
    },
    {
      "type": "Feature",
      "geometry": {
        "type": "Point",
        "coordinates": [
          79.0653407,
          30.4802376
        ]
      },
      "properties": {
        "id": "osm-node-7835521072",
        "name": "Nagjagai",
        "kind": "settlement",
        "population": null,
        "status": "VERIFIED LIVE",
        "source": "OpenStreetMap"
      }
    },
    {
      "type": "Feature",
      "geometry": {
        "type": "Point",
        "coordinates": [
          79.0712935,
          30.4820652
        ]
      },
      "properties": {
        "id": "osm-node-7835521073",
        "name": "Phegu",
        "kind": "settlement",
        "population": null,
        "status": "VERIFIED LIVE",
        "source": "OpenStreetMap"
      }
    },
    {
      "type": "Feature",
      "geometry": {
        "type": "Point",
        "coordinates": [
          79.0664652,
          30.4298741
        ]
      },
      "properties": {
        "id": "osm-node-7835523268",
        "name": "Chandrapuri",
        "kind": "settlement",
        "population": null,
        "status": "VERIFIED LIVE",
        "source": "OpenStreetMap"
      }
    },
    {
      "type": "Feature",
      "geometry": {
        "type": "Point",
        "coordinates": [
          79.0473174,
          30.4446108
        ]
      },
      "properties": {
        "id": "osm-node-7835523269",
        "name": "Barsorl",
        "kind": "settlement",
        "population": null,
        "status": "VERIFIED LIVE",
        "source": "OpenStreetMap"
      }
    },
    {
      "type": "Feature",
      "geometry": {
        "type": "Point",
        "coordinates": [
          79.043587,
          30.4443366
        ]
      },
      "properties": {
        "id": "osm-node-7835523270",
        "name": "Kyark",
        "kind": "settlement",
        "population": null,
        "status": "VERIFIED LIVE",
        "source": "OpenStreetMap"
      }
    },
    {
      "type": "Feature",
      "geometry": {
        "type": "Point",
        "coordinates": [
          79.0530455,
          30.4471627
        ]
      },
      "properties": {
        "id": "osm-node-7835523271",
        "name": "Paundar",
        "kind": "settlement",
        "population": null,
        "status": "VERIFIED LIVE",
        "source": "OpenStreetMap"
      }
    },
    {
      "type": "Feature",
      "geometry": {
        "type": "Point",
        "coordinates": [
          79.0617937,
          30.4474689
        ]
      },
      "properties": {
        "id": "osm-node-7835523272",
        "name": "Biran",
        "kind": "settlement",
        "population": null,
        "status": "VERIFIED LIVE",
        "source": "OpenStreetMap"
      }
    },
    {
      "type": "Feature",
      "geometry": {
        "type": "Point",
        "coordinates": [
          79.0570269,
          30.4487285
        ]
      },
      "properties": {
        "id": "osm-node-7835523273",
        "name": "Sangur",
        "kind": "settlement",
        "population": null,
        "status": "VERIFIED LIVE",
        "source": "OpenStreetMap"
      }
    },
    {
      "type": "Feature",
      "geometry": {
        "type": "Point",
        "coordinates": [
          79.0917767,
          30.4342036
        ]
      },
      "properties": {
        "id": "osm-node-7835523274",
        "name": "Jalkanda",
        "kind": "settlement",
        "population": null,
        "status": "VERIFIED LIVE",
        "source": "OpenStreetMap"
      }
    },
    {
      "type": "Feature",
      "geometry": {
        "type": "Point",
        "coordinates": [
          79.093725,
          30.4409287
        ]
      },
      "properties": {
        "id": "osm-node-7835523275",
        "name": "Kanyas",
        "kind": "settlement",
        "population": null,
        "status": "VERIFIED LIVE",
        "source": "OpenStreetMap"
      }
    },
    {
      "type": "Feature",
      "geometry": {
        "type": "Point",
        "coordinates": [
          79.052096,
          30.4850386
        ]
      },
      "properties": {
        "id": "osm-node-7835534986",
        "name": "Unnamed settlement",
        "kind": "settlement",
        "population": null,
        "status": "VERIFIED LIVE",
        "source": "OpenStreetMap"
      }
    },
    {
      "type": "Feature",
      "geometry": {
        "type": "Point",
        "coordinates": [
          79.0556815,
          30.4753319
        ]
      },
      "properties": {
        "id": "osm-node-7835534987",
        "name": "Tinsoli",
        "kind": "settlement",
        "population": null,
        "status": "VERIFIED LIVE",
        "source": "OpenStreetMap"
      }
    },
    {
      "type": "Feature",
      "geometry": {
        "type": "Point",
        "coordinates": [
          79.0484468,
          30.481143
        ]
      },
      "properties": {
        "id": "osm-node-7835534988",
        "name": "Mauth",
        "kind": "settlement",
        "population": null,
        "status": "VERIFIED LIVE",
        "source": "OpenStreetMap"
      }
    },
    {
      "type": "Feature",
      "geometry": {
        "type": "Point",
        "coordinates": [
          79.0389552,
          30.476189
        ]
      },
      "properties": {
        "id": "osm-node-7835534989",
        "name": "Unnamed settlement",
        "kind": "settlement",
        "population": null,
        "status": "VERIFIED LIVE",
        "source": "OpenStreetMap"
      }
    },
    {
      "type": "Feature",
      "geometry": {
        "type": "Point",
        "coordinates": [
          79.0302389,
          30.4782028
        ]
      },
      "properties": {
        "id": "osm-node-7835534990",
        "name": "Unnamed settlement",
        "kind": "settlement",
        "population": null,
        "status": "VERIFIED LIVE",
        "source": "OpenStreetMap"
      }
    },
    {
      "type": "Feature",
      "geometry": {
        "type": "Point",
        "coordinates": [
          79.0358677,
          30.4742577
        ]
      },
      "properties": {
        "id": "osm-node-7835534991",
        "name": "Laljaman",
        "kind": "settlement",
        "population": null,
        "status": "VERIFIED LIVE",
        "source": "OpenStreetMap"
      }
    },
    {
      "type": "Feature",
      "geometry": {
        "type": "Point",
        "coordinates": [
          79.0356401,
          30.4685759
        ]
      },
      "properties": {
        "id": "osm-node-7835534992",
        "name": "Paliyon",
        "kind": "settlement",
        "population": null,
        "status": "VERIFIED LIVE",
        "source": "OpenStreetMap"
      }
    },
    {
      "type": "Feature",
      "geometry": {
        "type": "Point",
        "coordinates": [
          79.0425416,
          30.466264
        ]
      },
      "properties": {
        "id": "osm-node-7835534993",
        "name": "Bareth",
        "kind": "settlement",
        "population": null,
        "status": "VERIFIED LIVE",
        "source": "OpenStreetMap"
      }
    },
    {
      "type": "Feature",
      "geometry": {
        "type": "Point",
        "coordinates": [
          79.0447261,
          30.4626773
        ]
      },
      "properties": {
        "id": "osm-node-7835534994",
        "name": "Dungar",
        "kind": "settlement",
        "population": null,
        "status": "VERIFIED LIVE",
        "source": "OpenStreetMap"
      }
    },
    {
      "type": "Feature",
      "geometry": {
        "type": "Point",
        "coordinates": [
          79.0314452,
          30.4671975
        ]
      },
      "properties": {
        "id": "osm-node-7835534995",
        "name": "Jalai",
        "kind": "settlement",
        "population": null,
        "status": "VERIFIED LIVE",
        "source": "OpenStreetMap"
      }
    },
    {
      "type": "Feature",
      "geometry": {
        "type": "Point",
        "coordinates": [
          79.0588634,
          30.4144558
        ]
      },
      "properties": {
        "id": "osm-node-7835534996",
        "name": "Hat",
        "kind": "settlement",
        "population": null,
        "status": "VERIFIED LIVE",
        "source": "OpenStreetMap"
      }
    },
    {
      "type": "Feature",
      "geometry": {
        "type": "Point",
        "coordinates": [
          79.0600123,
          30.4269596
        ]
      },
      "properties": {
        "id": "osm-node-7835534997",
        "name": "Naili",
        "kind": "settlement",
        "population": null,
        "status": "VERIFIED LIVE",
        "source": "OpenStreetMap"
      }
    },
    {
      "type": "Feature",
      "geometry": {
        "type": "Point",
        "coordinates": [
          79.0626337,
          30.4266552
        ]
      },
      "properties": {
        "id": "osm-node-7835534998",
        "name": "Kund",
        "kind": "settlement",
        "population": null,
        "status": "VERIFIED LIVE",
        "source": "OpenStreetMap"
      }
    },
    {
      "type": "Feature",
      "geometry": {
        "type": "Point",
        "coordinates": [
          79.0171842,
          30.4319838
        ]
      },
      "properties": {
        "id": "osm-node-7835548773",
        "name": "Bakola",
        "kind": "settlement",
        "population": null,
        "status": "VERIFIED LIVE",
        "source": "OpenStreetMap"
      }
    },
    {
      "type": "Feature",
      "geometry": {
        "type": "Point",
        "coordinates": [
          79.0247422,
          30.4278416
        ]
      },
      "properties": {
        "id": "osm-node-7835548774",
        "name": "Adhuli",
        "kind": "settlement",
        "population": null,
        "status": "VERIFIED LIVE",
        "source": "OpenStreetMap"
      }
    },
    {
      "type": "Feature",
      "geometry": {
        "type": "Point",
        "coordinates": [
          79.0209179,
          30.4277538
        ]
      },
      "properties": {
        "id": "osm-node-7835548775",
        "name": "Kuri",
        "kind": "settlement",
        "population": null,
        "status": "VERIFIED LIVE",
        "source": "OpenStreetMap"
      }
    },
    {
      "type": "Feature",
      "geometry": {
        "type": "Point",
        "coordinates": [
          79.0324579,
          30.432169
        ]
      },
      "properties": {
        "id": "osm-node-7835564996",
        "name": "Kimana",
        "kind": "settlement",
        "population": null,
        "status": "VERIFIED LIVE",
        "source": "OpenStreetMap"
      }
    },
    {
      "type": "Feature",
      "geometry": {
        "type": "Point",
        "coordinates": [
          79.015561,
          30.4166616
        ]
      },
      "properties": {
        "id": "osm-node-7835564997",
        "name": "Dob",
        "kind": "settlement",
        "population": null,
        "status": "VERIFIED LIVE",
        "source": "OpenStreetMap"
      }
    },
    {
      "type": "Feature",
      "geometry": {
        "type": "Point",
        "coordinates": [
          79.0248844,
          30.4196057
        ]
      },
      "properties": {
        "id": "osm-node-7835564998",
        "name": "Singhat",
        "kind": "settlement",
        "population": null,
        "status": "VERIFIED LIVE",
        "source": "OpenStreetMap"
      }
    },
    {
      "type": "Feature",
      "geometry": {
        "type": "Point",
        "coordinates": [
          79.0297914,
          30.4055394
        ]
      },
      "properties": {
        "id": "osm-node-7835564999",
        "name": "Dungara",
        "kind": "settlement",
        "population": null,
        "status": "VERIFIED LIVE",
        "source": "OpenStreetMap"
      }
    },
    {
      "type": "Feature",
      "geometry": {
        "type": "Point",
        "coordinates": [
          79.0372427,
          30.4049412
        ]
      },
      "properties": {
        "id": "osm-node-7835565000",
        "name": "Phalai",
        "kind": "settlement",
        "population": null,
        "status": "VERIFIED LIVE",
        "source": "OpenStreetMap"
      }
    },
    {
      "type": "Feature",
      "geometry": {
        "type": "Point",
        "coordinates": [
          79.0260363,
          30.3919603
        ]
      },
      "properties": {
        "id": "osm-node-7835565001",
        "name": "Agastmuni",
        "kind": "settlement",
        "population": null,
        "status": "VERIFIED LIVE",
        "source": "OpenStreetMap"
      }
    },
    {
      "type": "Feature",
      "geometry": {
        "type": "Point",
        "coordinates": [
          79.0220258,
          30.3945353
        ]
      },
      "properties": {
        "id": "osm-node-7835565002",
        "name": "Chak",
        "kind": "settlement",
        "population": null,
        "status": "VERIFIED LIVE",
        "source": "OpenStreetMap"
      }
    },
    {
      "type": "Feature",
      "geometry": {
        "type": "Point",
        "coordinates": [
          79.0252308,
          30.4006833
        ]
      },
      "properties": {
        "id": "osm-node-7835565003",
        "name": "Barakot",
        "kind": "settlement",
        "population": null,
        "status": "VERIFIED LIVE",
        "source": "OpenStreetMap"
      }
    },
    {
      "type": "Feature",
      "geometry": {
        "type": "Point",
        "coordinates": [
          79.0217688,
          30.4014016
        ]
      },
      "properties": {
        "id": "osm-node-7835565004",
        "name": "Silla",
        "kind": "settlement",
        "population": null,
        "status": "VERIFIED LIVE",
        "source": "OpenStreetMap"
      }
    },
    {
      "type": "Feature",
      "geometry": {
        "type": "Point",
        "coordinates": [
          79.017452,
          30.4022202
        ]
      },
      "properties": {
        "id": "osm-node-7835565005",
        "name": "Molkata",
        "kind": "settlement",
        "population": null,
        "status": "VERIFIED LIVE",
        "source": "OpenStreetMap"
      }
    },
    {
      "type": "Feature",
      "geometry": {
        "type": "Point",
        "coordinates": [
          79.0046975,
          30.3968831
        ]
      },
      "properties": {
        "id": "osm-node-7835565006",
        "name": "Jaknyalgaon",
        "kind": "settlement",
        "population": null,
        "status": "VERIFIED LIVE",
        "source": "OpenStreetMap"
      }
    },
    {
      "type": "Feature",
      "geometry": {
        "type": "Point",
        "coordinates": [
          79.0068488,
          30.398533
        ]
      },
      "properties": {
        "id": "osm-node-7835565007",
        "name": "Naira",
        "kind": "settlement",
        "population": null,
        "status": "VERIFIED LIVE",
        "source": "OpenStreetMap"
      }
    },
    {
      "type": "Feature",
      "geometry": {
        "type": "Point",
        "coordinates": [
          79.0000996,
          30.4080152
        ]
      },
      "properties": {
        "id": "osm-node-7835565008",
        "name": "Basta",
        "kind": "settlement",
        "population": null,
        "status": "VERIFIED LIVE",
        "source": "OpenStreetMap"
      }
    },
    {
      "type": "Feature",
      "geometry": {
        "type": "Point",
        "coordinates": [
          79.0042926,
          30.432726
        ]
      },
      "properties": {
        "id": "osm-node-7835565009",
        "name": "Jatuli",
        "kind": "settlement",
        "population": null,
        "status": "VERIFIED LIVE",
        "source": "OpenStreetMap"
      }
    },
    {
      "type": "Feature",
      "geometry": {
        "type": "Point",
        "coordinates": [
          79.0033761,
          30.4443523
        ]
      },
      "properties": {
        "id": "osm-node-7835565010",
        "name": "Syur",
        "kind": "settlement",
        "population": null,
        "status": "VERIFIED LIVE",
        "source": "OpenStreetMap"
      }
    },
    {
      "type": "Feature",
      "geometry": {
        "type": "Point",
        "coordinates": [
          79.044233,
          30.4501489
        ]
      },
      "properties": {
        "id": "osm-node-7835565011",
        "name": "Unnamed settlement",
        "kind": "settlement",
        "population": null,
        "status": "VERIFIED LIVE",
        "source": "OpenStreetMap"
      }
    },
    {
      "type": "Feature",
      "geometry": {
        "type": "Point",
        "coordinates": [
          79.0508446,
          30.4556278
        ]
      },
      "properties": {
        "id": "osm-node-7835565012",
        "name": "Unnamed settlement",
        "kind": "settlement",
        "population": null,
        "status": "VERIFIED LIVE",
        "source": "OpenStreetMap"
      }
    },
    {
      "type": "Feature",
      "geometry": {
        "type": "Point",
        "coordinates": [
          79.0568988,
          30.4565587
        ]
      },
      "properties": {
        "id": "osm-node-7835565013",
        "name": "Pasta",
        "kind": "settlement",
        "population": null,
        "status": "VERIFIED LIVE",
        "source": "OpenStreetMap"
      }
    },
    {
      "type": "Feature",
      "geometry": {
        "type": "Point",
        "coordinates": [
          79.0630666,
          30.4598869
        ]
      },
      "properties": {
        "id": "osm-node-7835565014",
        "name": "Bashti",
        "kind": "settlement",
        "population": null,
        "status": "VERIFIED LIVE",
        "source": "OpenStreetMap"
      }
    },
    {
      "type": "Feature",
      "geometry": {
        "type": "Point",
        "coordinates": [
          79.0720957,
          30.4691602
        ]
      },
      "properties": {
        "id": "osm-node-7835565015",
        "name": "Damar",
        "kind": "settlement",
        "population": null,
        "status": "VERIFIED LIVE",
        "source": "OpenStreetMap"
      }
    },
    {
      "type": "Feature",
      "geometry": {
        "type": "Point",
        "coordinates": [
          79.0328099,
          30.3789002
        ]
      },
      "properties": {
        "id": "osm-node-7835651059",
        "name": "Dob",
        "kind": "settlement",
        "population": null,
        "status": "VERIFIED LIVE",
        "source": "OpenStreetMap"
      }
    },
    {
      "type": "Feature",
      "geometry": {
        "type": "Point",
        "coordinates": [
          79.0353372,
          30.3760964
        ]
      },
      "properties": {
        "id": "osm-node-7835651060",
        "name": "Matkhot",
        "kind": "settlement",
        "population": null,
        "status": "VERIFIED LIVE",
        "source": "OpenStreetMap"
      }
    },
    {
      "type": "Feature",
      "geometry": {
        "type": "Point",
        "coordinates": [
          79.0374541,
          30.3709553
        ]
      },
      "properties": {
        "id": "osm-node-7835651061",
        "name": "Tinej",
        "kind": "settlement",
        "population": null,
        "status": "VERIFIED LIVE",
        "source": "OpenStreetMap"
      }
    },
    {
      "type": "Feature",
      "geometry": {
        "type": "Point",
        "coordinates": [
          79.0327637,
          30.3668519
        ]
      },
      "properties": {
        "id": "osm-node-7835651062",
        "name": "Chaund",
        "kind": "settlement",
        "population": null,
        "status": "VERIFIED LIVE",
        "source": "OpenStreetMap"
      }
    },
    {
      "type": "Feature",
      "geometry": {
        "type": "Point",
        "coordinates": [
          79.0400666,
          30.3620088
        ]
      },
      "properties": {
        "id": "osm-node-7835651063",
        "name": "Bharpurdhar",
        "kind": "settlement",
        "population": null,
        "status": "VERIFIED LIVE",
        "source": "OpenStreetMap"
      }
    },
    {
      "type": "Feature",
      "geometry": {
        "type": "Point",
        "coordinates": [
          79.0523204,
          30.364668
        ]
      },
      "properties": {
        "id": "osm-node-7835651064",
        "name": "Batwari",
        "kind": "settlement",
        "population": null,
        "status": "VERIFIED LIVE",
        "source": "OpenStreetMap"
      }
    },
    {
      "type": "Feature",
      "geometry": {
        "type": "Point",
        "coordinates": [
          79.0529349,
          30.3609712
        ]
      },
      "properties": {
        "id": "osm-node-7835651065",
        "name": "Gandil",
        "kind": "settlement",
        "population": null,
        "status": "VERIFIED LIVE",
        "source": "OpenStreetMap"
      }
    },
    {
      "type": "Feature",
      "geometry": {
        "type": "Point",
        "coordinates": [
          79.046269,
          30.3592536
        ]
      },
      "properties": {
        "id": "osm-node-7835651066",
        "name": "Phalasi",
        "kind": "settlement",
        "population": null,
        "status": "VERIFIED LIVE",
        "source": "OpenStreetMap"
      }
    },
    {
      "type": "Feature",
      "geometry": {
        "type": "Point",
        "coordinates": [
          79.048693,
          30.3553138
        ]
      },
      "properties": {
        "id": "osm-node-7835651067",
        "name": "Malnau",
        "kind": "settlement",
        "population": null,
        "status": "VERIFIED LIVE",
        "source": "OpenStreetMap"
      }
    },
    {
      "type": "Feature",
      "geometry": {
        "type": "Point",
        "coordinates": [
          79.0206229,
          30.3707913
        ]
      },
      "properties": {
        "id": "osm-node-7835670780",
        "name": "Chopra",
        "kind": "settlement",
        "population": null,
        "status": "VERIFIED LIVE",
        "source": "OpenStreetMap"
      }
    },
    {
      "type": "Feature",
      "geometry": {
        "type": "Point",
        "coordinates": [
          79.0164972,
          30.3737279
        ]
      },
      "properties": {
        "id": "osm-node-7835670781",
        "name": "Khandav",
        "kind": "settlement",
        "population": null,
        "status": "VERIFIED LIVE",
        "source": "OpenStreetMap"
      }
    },
    {
      "type": "Feature",
      "geometry": {
        "type": "Point",
        "coordinates": [
          78.9999868,
          30.3738235
        ]
      },
      "properties": {
        "id": "osm-node-7835677834",
        "name": "Gangtal",
        "kind": "settlement",
        "population": null,
        "status": "VERIFIED LIVE",
        "source": "OpenStreetMap"
      }
    },
    {
      "type": "Feature",
      "geometry": {
        "type": "Point",
        "coordinates": [
          79.0087364,
          30.3622738
        ]
      },
      "properties": {
        "id": "osm-node-7835677835",
        "name": "Kuher",
        "kind": "settlement",
        "population": null,
        "status": "VERIFIED LIVE",
        "source": "OpenStreetMap"
      }
    },
    {
      "type": "Feature",
      "geometry": {
        "type": "Point",
        "coordinates": [
          79.0034443,
          30.3631024
        ]
      },
      "properties": {
        "id": "osm-node-7835677836",
        "name": "Gunau",
        "kind": "settlement",
        "population": null,
        "status": "VERIFIED LIVE",
        "source": "OpenStreetMap"
      }
    },
    {
      "type": "Feature",
      "geometry": {
        "type": "Point",
        "coordinates": [
          78.997717,
          30.3611964
        ]
      },
      "properties": {
        "id": "osm-node-7835677837",
        "name": "Dangi",
        "kind": "settlement",
        "population": null,
        "status": "VERIFIED LIVE",
        "source": "OpenStreetMap"
      }
    },
    {
      "type": "Feature",
      "geometry": {
        "type": "Point",
        "coordinates": [
          79.0049855,
          30.3536946
        ]
      },
      "properties": {
        "id": "osm-node-7835677838",
        "name": "Bandari",
        "kind": "settlement",
        "population": null,
        "status": "VERIFIED LIVE",
        "source": "OpenStreetMap"
      }
    },
    {
      "type": "Feature",
      "geometry": {
        "type": "Point",
        "coordinates": [
          79.0083696,
          30.3510549
        ]
      },
      "properties": {
        "id": "osm-node-7835677839",
        "name": "Barsil",
        "kind": "settlement",
        "population": null,
        "status": "VERIFIED LIVE",
        "source": "OpenStreetMap"
      }
    },
    {
      "type": "Feature",
      "geometry": {
        "type": "Point",
        "coordinates": [
          79.0000537,
          30.346604
        ]
      },
      "properties": {
        "id": "osm-node-7835677841",
        "name": "Bamoli",
        "kind": "settlement",
        "population": null,
        "status": "VERIFIED LIVE",
        "source": "OpenStreetMap"
      }
    },
    {
      "type": "Feature",
      "geometry": {
        "type": "Point",
        "coordinates": [
          79.0030603,
          30.3247078
        ]
      },
      "properties": {
        "id": "osm-node-7835677846",
        "name": "Satera",
        "kind": "settlement",
        "population": null,
        "status": "VERIFIED LIVE",
        "source": "OpenStreetMap"
      }
    },
    {
      "type": "Feature",
      "geometry": {
        "type": "Point",
        "coordinates": [
          79.0462356,
          30.397474
        ]
      },
      "properties": {
        "id": "osm-node-7835713607",
        "name": "Sira",
        "kind": "settlement",
        "population": null,
        "status": "VERIFIED LIVE",
        "source": "OpenStreetMap"
      }
    },
    {
      "type": "Feature",
      "geometry": {
        "type": "Point",
        "coordinates": [
          79.0376076,
          30.3873396
        ]
      },
      "properties": {
        "id": "osm-node-7835713608",
        "name": "Tali",
        "kind": "settlement",
        "population": null,
        "status": "VERIFIED LIVE",
        "source": "OpenStreetMap"
      }
    },
    {
      "type": "Feature",
      "geometry": {
        "type": "Point",
        "coordinates": [
          79.0521497,
          30.3812866
        ]
      },
      "properties": {
        "id": "osm-node-7835713609",
        "name": "Gabni",
        "kind": "settlement",
        "population": null,
        "status": "VERIFIED LIVE",
        "source": "OpenStreetMap"
      }
    },
    {
      "type": "Feature",
      "geometry": {
        "type": "Point",
        "coordinates": [
          79.0470169,
          30.3886562
        ]
      },
      "properties": {
        "id": "osm-node-7835713610",
        "name": "Rumsi",
        "kind": "settlement",
        "population": null,
        "status": "VERIFIED LIVE",
        "source": "OpenStreetMap"
      }
    },
    {
      "type": "Feature",
      "geometry": {
        "type": "Point",
        "coordinates": [
          78.9205308,
          30.5132721
        ]
      },
      "properties": {
        "id": "osm-node-7835732757",
        "name": "Unnamed settlement",
        "kind": "settlement",
        "population": null,
        "status": "VERIFIED LIVE",
        "source": "OpenStreetMap"
      }
    },
    {
      "type": "Feature",
      "geometry": {
        "type": "Point",
        "coordinates": [
          78.9889019,
          30.5362839
        ]
      },
      "properties": {
        "id": "osm-node-7835732758",
        "name": "Unnamed settlement",
        "kind": "settlement",
        "population": null,
        "status": "VERIFIED LIVE",
        "source": "OpenStreetMap"
      }
    },
    {
      "type": "Feature",
      "geometry": {
        "type": "Point",
        "coordinates": [
          78.9977053,
          30.6247848
        ]
      },
      "properties": {
        "id": "osm-node-7835732759",
        "name": "Kunigarh(sitapur)",
        "kind": "settlement",
        "population": null,
        "status": "VERIFIED LIVE",
        "source": "OpenStreetMap"
      }
    },
    {
      "type": "Feature",
      "geometry": {
        "type": "Point",
        "coordinates": [
          78.9908236,
          30.626422
        ]
      },
      "properties": {
        "id": "osm-node-7835732760",
        "name": "Majoshi",
        "kind": "settlement",
        "population": null,
        "status": "VERIFIED LIVE",
        "source": "OpenStreetMap"
      }
    },
    {
      "type": "Feature",
      "geometry": {
        "type": "Point",
        "coordinates": [
          78.9923222,
          30.6328311
        ]
      },
      "properties": {
        "id": "osm-node-7835732761",
        "name": "Kemana",
        "kind": "settlement",
        "population": null,
        "status": "VERIFIED LIVE",
        "source": "OpenStreetMap"
      }
    },
    {
      "type": "Feature",
      "geometry": {
        "type": "Point",
        "coordinates": [
          78.9668308,
          30.6808178
        ]
      },
      "properties": {
        "id": "osm-node-7835732762",
        "name": "Unnamed settlement",
        "kind": "settlement",
        "population": null,
        "status": "VERIFIED LIVE",
        "source": "OpenStreetMap"
      }
    },
    {
      "type": "Feature",
      "geometry": {
        "type": "Point",
        "coordinates": [
          78.9526248,
          30.6239605
        ]
      },
      "properties": {
        "id": "osm-node-7835755652",
        "name": "Unnamed settlement",
        "kind": "settlement",
        "population": null,
        "status": "VERIFIED LIVE",
        "source": "OpenStreetMap"
      }
    },
    {
      "type": "Feature",
      "geometry": {
        "type": "Point",
        "coordinates": [
          78.9311939,
          30.6166411
        ]
      },
      "properties": {
        "id": "osm-node-7835755653",
        "name": "Unnamed settlement",
        "kind": "settlement",
        "population": null,
        "status": "VERIFIED LIVE",
        "source": "OpenStreetMap"
      }
    },
    {
      "type": "Feature",
      "geometry": {
        "type": "Point",
        "coordinates": [
          78.9353996,
          30.6207442
        ]
      },
      "properties": {
        "id": "osm-node-7835755654",
        "name": "Semli",
        "kind": "settlement",
        "population": null,
        "status": "VERIFIED LIVE",
        "source": "OpenStreetMap"
      }
    },
    {
      "type": "Feature",
      "geometry": {
        "type": "Point",
        "coordinates": [
          78.8854264,
          30.5084087
        ]
      },
      "properties": {
        "id": "osm-node-7835755661",
        "name": "Unnamed settlement",
        "kind": "settlement",
        "population": null,
        "status": "VERIFIED LIVE",
        "source": "OpenStreetMap"
      }
    },
    {
      "type": "Feature",
      "geometry": {
        "type": "Point",
        "coordinates": [
          78.9074124,
          30.6556875
        ]
      },
      "properties": {
        "id": "osm-node-7835769679",
        "name": "Luwari",
        "kind": "settlement",
        "population": null,
        "status": "VERIFIED LIVE",
        "source": "OpenStreetMap"
      }
    },
    {
      "type": "Feature",
      "geometry": {
        "type": "Point",
        "coordinates": [
          78.9462519,
          30.5110993
        ]
      },
      "properties": {
        "id": "osm-node-7835850571",
        "name": "Unnamed settlement",
        "kind": "settlement",
        "population": null,
        "status": "VERIFIED LIVE",
        "source": "OpenStreetMap"
      }
    },
    {
      "type": "Feature",
      "geometry": {
        "type": "Point",
        "coordinates": [
          78.9687449,
          30.5170749
        ]
      },
      "properties": {
        "id": "osm-node-7835850572",
        "name": "Unnamed settlement",
        "kind": "settlement",
        "population": null,
        "status": "VERIFIED LIVE",
        "source": "OpenStreetMap"
      }
    },
    {
      "type": "Feature",
      "geometry": {
        "type": "Point",
        "coordinates": [
          78.966819,
          30.5193948
        ]
      },
      "properties": {
        "id": "osm-node-7835850573",
        "name": "Unnamed settlement",
        "kind": "settlement",
        "population": null,
        "status": "VERIFIED LIVE",
        "source": "OpenStreetMap"
      }
    },
    {
      "type": "Feature",
      "geometry": {
        "type": "Point",
        "coordinates": [
          78.9976537,
          30.5286275
        ]
      },
      "properties": {
        "id": "osm-node-7835850574",
        "name": "Unnamed settlement",
        "kind": "settlement",
        "population": null,
        "status": "VERIFIED LIVE",
        "source": "OpenStreetMap"
      }
    },
    {
      "type": "Feature",
      "geometry": {
        "type": "Point",
        "coordinates": [
          78.9538247,
          30.4796985
        ]
      },
      "properties": {
        "id": "osm-node-7835873303",
        "name": "Dijuli",
        "kind": "settlement",
        "population": null,
        "status": "VERIFIED LIVE",
        "source": "OpenStreetMap"
      }
    },
    {
      "type": "Feature",
      "geometry": {
        "type": "Point",
        "coordinates": [
          78.9598944,
          30.4965259
        ]
      },
      "properties": {
        "id": "osm-node-7835873304",
        "name": "Kapail",
        "kind": "settlement",
        "population": null,
        "status": "VERIFIED LIVE",
        "source": "OpenStreetMap"
      }
    },
    {
      "type": "Feature",
      "geometry": {
        "type": "Point",
        "coordinates": [
          78.9764189,
          30.4946788
        ]
      },
      "properties": {
        "id": "osm-node-7835873305",
        "name": "Dang",
        "kind": "settlement",
        "population": null,
        "status": "VERIFIED LIVE",
        "source": "OpenStreetMap"
      }
    },
    {
      "type": "Feature",
      "geometry": {
        "type": "Point",
        "coordinates": [
          78.9585797,
          30.4856444
        ]
      },
      "properties": {
        "id": "osm-node-7835873306",
        "name": "Balsyana",
        "kind": "settlement",
        "population": null,
        "status": "VERIFIED LIVE",
        "source": "OpenStreetMap"
      }
    },
    {
      "type": "Feature",
      "geometry": {
        "type": "Point",
        "coordinates": [
          78.9688421,
          30.4838894
        ]
      },
      "properties": {
        "id": "osm-node-7835873307",
        "name": "Beyara",
        "kind": "settlement",
        "population": null,
        "status": "VERIFIED LIVE",
        "source": "OpenStreetMap"
      }
    },
    {
      "type": "Feature",
      "geometry": {
        "type": "Point",
        "coordinates": [
          78.9644721,
          30.4801366
        ]
      },
      "properties": {
        "id": "osm-node-7835873308",
        "name": "Tyona",
        "kind": "settlement",
        "population": null,
        "status": "VERIFIED LIVE",
        "source": "OpenStreetMap"
      }
    },
    {
      "type": "Feature",
      "geometry": {
        "type": "Point",
        "coordinates": [
          78.9730067,
          30.4806254
        ]
      },
      "properties": {
        "id": "osm-node-7835873309",
        "name": "Unnamed settlement",
        "kind": "settlement",
        "population": null,
        "status": "VERIFIED LIVE",
        "source": "OpenStreetMap"
      }
    },
    {
      "type": "Feature",
      "geometry": {
        "type": "Point",
        "coordinates": [
          78.996323,
          30.4714734
        ]
      },
      "properties": {
        "id": "osm-node-7835873310",
        "name": "Nyati",
        "kind": "settlement",
        "population": null,
        "status": "VERIFIED LIVE",
        "source": "OpenStreetMap"
      }
    },
    {
      "type": "Feature",
      "geometry": {
        "type": "Point",
        "coordinates": [
          78.9885117,
          30.4806721
        ]
      },
      "properties": {
        "id": "osm-node-7835873311",
        "name": "Methyagaon",
        "kind": "settlement",
        "population": null,
        "status": "VERIFIED LIVE",
        "source": "OpenStreetMap"
      }
    },
    {
      "type": "Feature",
      "geometry": {
        "type": "Point",
        "coordinates": [
          78.9868523,
          30.4833463
        ]
      },
      "properties": {
        "id": "osm-node-7835873312",
        "name": "Gaghansu",
        "kind": "settlement",
        "population": null,
        "status": "VERIFIED LIVE",
        "source": "OpenStreetMap"
      }
    },
    {
      "type": "Feature",
      "geometry": {
        "type": "Point",
        "coordinates": [
          78.9930671,
          30.4942821
        ]
      },
      "properties": {
        "id": "osm-node-7835873313",
        "name": "Unnamed settlement",
        "kind": "settlement",
        "population": null,
        "status": "VERIFIED LIVE",
        "source": "OpenStreetMap"
      }
    },
    {
      "type": "Feature",
      "geometry": {
        "type": "Point",
        "coordinates": [
          78.9929186,
          30.4915269
        ]
      },
      "properties": {
        "id": "osm-node-7835873314",
        "name": "Unnamed settlement",
        "kind": "settlement",
        "population": null,
        "status": "VERIFIED LIVE",
        "source": "OpenStreetMap"
      }
    },
    {
      "type": "Feature",
      "geometry": {
        "type": "Point",
        "coordinates": [
          78.9766789,
          30.3811602
        ]
      },
      "properties": {
        "id": "osm-node-7835896936",
        "name": "Chaonri",
        "kind": "settlement",
        "population": null,
        "status": "VERIFIED LIVE",
        "source": "OpenStreetMap"
      }
    },
    {
      "type": "Feature",
      "geometry": {
        "type": "Point",
        "coordinates": [
          78.9784147,
          30.3771759
        ]
      },
      "properties": {
        "id": "osm-node-7835896937",
        "name": "Simi",
        "kind": "settlement",
        "population": null,
        "status": "VERIFIED LIVE",
        "source": "OpenStreetMap"
      }
    },
    {
      "type": "Feature",
      "geometry": {
        "type": "Point",
        "coordinates": [
          78.9764565,
          30.38456
        ]
      },
      "properties": {
        "id": "osm-node-7835896938",
        "name": "Pali",
        "kind": "settlement",
        "population": null,
        "status": "VERIFIED LIVE",
        "source": "OpenStreetMap"
      }
    },
    {
      "type": "Feature",
      "geometry": {
        "type": "Point",
        "coordinates": [
          78.976328,
          30.3896043
        ]
      },
      "properties": {
        "id": "osm-node-7835896939",
        "name": "Patrigyan",
        "kind": "settlement",
        "population": null,
        "status": "VERIFIED LIVE",
        "source": "OpenStreetMap"
      }
    },
    {
      "type": "Feature",
      "geometry": {
        "type": "Point",
        "coordinates": [
          78.9863223,
          30.3803348
        ]
      },
      "properties": {
        "id": "osm-node-7835896940",
        "name": "Kumri",
        "kind": "settlement",
        "population": null,
        "status": "VERIFIED LIVE",
        "source": "OpenStreetMap"
      }
    },
    {
      "type": "Feature",
      "geometry": {
        "type": "Point",
        "coordinates": [
          78.9830692,
          30.3772529
        ]
      },
      "properties": {
        "id": "osm-node-7835896941",
        "name": "Naulipan",
        "kind": "settlement",
        "population": null,
        "status": "VERIFIED LIVE",
        "source": "OpenStreetMap"
      }
    },
    {
      "type": "Feature",
      "geometry": {
        "type": "Point",
        "coordinates": [
          78.9838589,
          30.3708519
        ]
      },
      "properties": {
        "id": "osm-node-7835896942",
        "name": "Pandrola",
        "kind": "settlement",
        "population": null,
        "status": "VERIFIED LIVE",
        "source": "OpenStreetMap"
      }
    },
    {
      "type": "Feature",
      "geometry": {
        "type": "Point",
        "coordinates": [
          78.9930819,
          30.3705425
        ]
      },
      "properties": {
        "id": "osm-node-7835896943",
        "name": "Ganal",
        "kind": "settlement",
        "population": null,
        "status": "VERIFIED LIVE",
        "source": "OpenStreetMap"
      }
    },
    {
      "type": "Feature",
      "geometry": {
        "type": "Point",
        "coordinates": [
          78.9942094,
          30.3744685
        ]
      },
      "properties": {
        "id": "osm-node-7835896944",
        "name": "Amola",
        "kind": "settlement",
        "population": null,
        "status": "VERIFIED LIVE",
        "source": "OpenStreetMap"
      }
    },
    {
      "type": "Feature",
      "geometry": {
        "type": "Point",
        "coordinates": [
          78.9897634,
          30.3815495
        ]
      },
      "properties": {
        "id": "osm-node-7835896945",
        "name": "Dang",
        "kind": "settlement",
        "population": null,
        "status": "VERIFIED LIVE",
        "source": "OpenStreetMap"
      }
    },
    {
      "type": "Feature",
      "geometry": {
        "type": "Point",
        "coordinates": [
          78.9962136,
          30.378106
        ]
      },
      "properties": {
        "id": "osm-node-7835896946",
        "name": "Phalati",
        "kind": "settlement",
        "population": null,
        "status": "VERIFIED LIVE",
        "source": "OpenStreetMap"
      }
    },
    {
      "type": "Feature",
      "geometry": {
        "type": "Point",
        "coordinates": [
          78.9975436,
          30.3831288
        ]
      },
      "properties": {
        "id": "osm-node-7835896947",
        "name": "Budali",
        "kind": "settlement",
        "population": null,
        "status": "VERIFIED LIVE",
        "source": "OpenStreetMap"
      }
    },
    {
      "type": "Feature",
      "geometry": {
        "type": "Point",
        "coordinates": [
          78.9909184,
          30.3876918
        ]
      },
      "properties": {
        "id": "osm-node-7835896948",
        "name": "Kot",
        "kind": "settlement",
        "population": null,
        "status": "VERIFIED LIVE",
        "source": "OpenStreetMap"
      }
    },
    {
      "type": "Feature",
      "geometry": {
        "type": "Point",
        "coordinates": [
          78.9838851,
          30.3899044
        ]
      },
      "properties": {
        "id": "osm-node-7835896949",
        "name": "Musadhung",
        "kind": "settlement",
        "population": null,
        "status": "VERIFIED LIVE",
        "source": "OpenStreetMap"
      }
    },
    {
      "type": "Feature",
      "geometry": {
        "type": "Point",
        "coordinates": [
          78.9820371,
          30.3973506
        ]
      },
      "properties": {
        "id": "osm-node-7835896950",
        "name": "Sanal",
        "kind": "settlement",
        "population": null,
        "status": "VERIFIED LIVE",
        "source": "OpenStreetMap"
      }
    },
    {
      "type": "Feature",
      "geometry": {
        "type": "Point",
        "coordinates": [
          78.9621741,
          30.3974866
        ]
      },
      "properties": {
        "id": "osm-node-7835896951",
        "name": "Sidhsaur",
        "kind": "settlement",
        "population": null,
        "status": "VERIFIED LIVE",
        "source": "OpenStreetMap"
      }
    },
    {
      "type": "Feature",
      "geometry": {
        "type": "Point",
        "coordinates": [
          78.9705435,
          30.401828
        ]
      },
      "properties": {
        "id": "osm-node-7835896952",
        "name": "Dangwalgaon",
        "kind": "settlement",
        "population": null,
        "status": "VERIFIED LIVE",
        "source": "OpenStreetMap"
      }
    },
    {
      "type": "Feature",
      "geometry": {
        "type": "Point",
        "coordinates": [
          78.9748683,
          30.40308
        ]
      },
      "properties": {
        "id": "osm-node-7835896953",
        "name": "Damangaon",
        "kind": "settlement",
        "population": null,
        "status": "VERIFIED LIVE",
        "source": "OpenStreetMap"
      }
    },
    {
      "type": "Feature",
      "geometry": {
        "type": "Point",
        "coordinates": [
          78.9800308,
          30.4034139
        ]
      },
      "properties": {
        "id": "osm-node-7835896954",
        "name": "Ghanatgaon",
        "kind": "settlement",
        "population": null,
        "status": "VERIFIED LIVE",
        "source": "OpenStreetMap"
      }
    },
    {
      "type": "Feature",
      "geometry": {
        "type": "Point",
        "coordinates": [
          78.9860047,
          30.4025981
        ]
      },
      "properties": {
        "id": "osm-node-7835896955",
        "name": "Swata",
        "kind": "settlement",
        "population": null,
        "status": "VERIFIED LIVE",
        "source": "OpenStreetMap"
      }
    },
    {
      "type": "Feature",
      "geometry": {
        "type": "Point",
        "coordinates": [
          78.9963501,
          30.4031453
        ]
      },
      "properties": {
        "id": "osm-node-7835896956",
        "name": "Timali",
        "kind": "settlement",
        "population": null,
        "status": "VERIFIED LIVE",
        "source": "OpenStreetMap"
      }
    },
    {
      "type": "Feature",
      "geometry": {
        "type": "Point",
        "coordinates": [
          79.0024327,
          30.4451834
        ]
      },
      "properties": {
        "id": "osm-node-7835896957",
        "name": "Unnamed settlement",
        "kind": "settlement",
        "population": null,
        "status": "VERIFIED LIVE",
        "source": "OpenStreetMap"
      }
    },
    {
      "type": "Feature",
      "geometry": {
        "type": "Point",
        "coordinates": [
          78.9952316,
          30.4339569
        ]
      },
      "properties": {
        "id": "osm-node-7835896958",
        "name": "Bunni Jaitoli",
        "kind": "settlement",
        "population": null,
        "status": "VERIFIED LIVE",
        "source": "OpenStreetMap"
      }
    },
    {
      "type": "Feature",
      "geometry": {
        "type": "Point",
        "coordinates": [
          78.8983047,
          30.461224
        ]
      },
      "properties": {
        "id": "osm-node-7835907248",
        "name": "Unnamed settlement",
        "kind": "settlement",
        "population": null,
        "status": "VERIFIED LIVE",
        "source": "OpenStreetMap"
      }
    },
    {
      "type": "Feature",
      "geometry": {
        "type": "Point",
        "coordinates": [
          78.9062011,
          30.4563502
        ]
      },
      "properties": {
        "id": "osm-node-7835907249",
        "name": "Unnamed settlement",
        "kind": "settlement",
        "population": null,
        "status": "VERIFIED LIVE",
        "source": "OpenStreetMap"
      }
    },
    {
      "type": "Feature",
      "geometry": {
        "type": "Point",
        "coordinates": [
          78.9129603,
          30.4513652
        ]
      },
      "properties": {
        "id": "osm-node-7835907250",
        "name": "Unnamed settlement",
        "kind": "settlement",
        "population": null,
        "status": "VERIFIED LIVE",
        "source": "OpenStreetMap"
      }
    },
    {
      "type": "Feature",
      "geometry": {
        "type": "Point",
        "coordinates": [
          78.9108536,
          30.4574599
        ]
      },
      "properties": {
        "id": "osm-node-7835907251",
        "name": "Khalyan",
        "kind": "settlement",
        "population": null,
        "status": "VERIFIED LIVE",
        "source": "OpenStreetMap"
      }
    },
    {
      "type": "Feature",
      "geometry": {
        "type": "Point",
        "coordinates": [
          78.9757226,
          30.4262378
        ]
      },
      "properties": {
        "id": "osm-node-7835916861",
        "name": "Ghandital",
        "kind": "settlement",
        "population": null,
        "status": "VERIFIED LIVE",
        "source": "OpenStreetMap"
      }
    },
    {
      "type": "Feature",
      "geometry": {
        "type": "Point",
        "coordinates": [
          78.9832003,
          30.4186873
        ]
      },
      "properties": {
        "id": "osm-node-7835916863",
        "name": "Kirora Talla",
        "kind": "settlement",
        "population": null,
        "status": "VERIFIED LIVE",
        "source": "OpenStreetMap"
      }
    },
    {
      "type": "Feature",
      "geometry": {
        "type": "Point",
        "coordinates": [
          78.9913099,
          30.4193879
        ]
      },
      "properties": {
        "id": "osm-node-7835916864",
        "name": "Ghora Dungi",
        "kind": "settlement",
        "population": null,
        "status": "VERIFIED LIVE",
        "source": "OpenStreetMap"
      }
    },
    {
      "type": "Feature",
      "geometry": {
        "type": "Point",
        "coordinates": [
          78.9957393,
          30.4152418
        ]
      },
      "properties": {
        "id": "osm-node-7835916865",
        "name": "Utrasu",
        "kind": "settlement",
        "population": null,
        "status": "VERIFIED LIVE",
        "source": "OpenStreetMap"
      }
    },
    {
      "type": "Feature",
      "geometry": {
        "type": "Point",
        "coordinates": [
          78.9955122,
          30.4117156
        ]
      },
      "properties": {
        "id": "osm-node-7835916866",
        "name": "Marana",
        "kind": "settlement",
        "population": null,
        "status": "VERIFIED LIVE",
        "source": "OpenStreetMap"
      }
    },
    {
      "type": "Feature",
      "geometry": {
        "type": "Point",
        "coordinates": [
          78.9949569,
          30.4068303
        ]
      },
      "properties": {
        "id": "osm-node-7835916867",
        "name": "Dobatya",
        "kind": "settlement",
        "population": null,
        "status": "VERIFIED LIVE",
        "source": "OpenStreetMap"
      }
    },
    {
      "type": "Feature",
      "geometry": {
        "type": "Point",
        "coordinates": [
          78.987211,
          30.4111524
        ]
      },
      "properties": {
        "id": "osm-node-7835916868",
        "name": "Shila",
        "kind": "settlement",
        "population": null,
        "status": "VERIFIED LIVE",
        "source": "OpenStreetMap"
      }
    },
    {
      "type": "Feature",
      "geometry": {
        "type": "Point",
        "coordinates": [
          78.9894202,
          30.4075398
        ]
      },
      "properties": {
        "id": "osm-node-7835916869",
        "name": "Kini",
        "kind": "settlement",
        "population": null,
        "status": "VERIFIED LIVE",
        "source": "OpenStreetMap"
      }
    },
    {
      "type": "Feature",
      "geometry": {
        "type": "Point",
        "coordinates": [
          78.9789845,
          30.4090059
        ]
      },
      "properties": {
        "id": "osm-node-7835916870",
        "name": "Sem",
        "kind": "settlement",
        "population": null,
        "status": "VERIFIED LIVE",
        "source": "OpenStreetMap"
      }
    },
    {
      "type": "Feature",
      "geometry": {
        "type": "Point",
        "coordinates": [
          78.9725089,
          30.41282
        ]
      },
      "properties": {
        "id": "osm-node-7835916871",
        "name": "Thati",
        "kind": "settlement",
        "population": null,
        "status": "VERIFIED LIVE",
        "source": "OpenStreetMap"
      }
    },
    {
      "type": "Feature",
      "geometry": {
        "type": "Point",
        "coordinates": [
          78.9683915,
          30.4143846
        ]
      },
      "properties": {
        "id": "osm-node-7835916872",
        "name": "Shiyali",
        "kind": "settlement",
        "population": null,
        "status": "VERIFIED LIVE",
        "source": "OpenStreetMap"
      }
    },
    {
      "type": "Feature",
      "geometry": {
        "type": "Point",
        "coordinates": [
          78.9693343,
          30.4108169
        ]
      },
      "properties": {
        "id": "osm-node-7835916873",
        "name": "Munna Dewa",
        "kind": "settlement",
        "population": null,
        "status": "VERIFIED LIVE",
        "source": "OpenStreetMap"
      }
    },
    {
      "type": "Feature",
      "geometry": {
        "type": "Point",
        "coordinates": [
          78.9639313,
          30.4135979
        ]
      },
      "properties": {
        "id": "osm-node-7835916874",
        "name": "Dhriyanj",
        "kind": "settlement",
        "population": null,
        "status": "VERIFIED LIVE",
        "source": "OpenStreetMap"
      }
    },
    {
      "type": "Feature",
      "geometry": {
        "type": "Point",
        "coordinates": [
          78.9535601,
          30.408257
        ]
      },
      "properties": {
        "id": "osm-node-7835916875",
        "name": "Shimoli",
        "kind": "settlement",
        "population": null,
        "status": "VERIFIED LIVE",
        "source": "OpenStreetMap"
      }
    },
    {
      "type": "Feature",
      "geometry": {
        "type": "Point",
        "coordinates": [
          78.954738,
          30.4032298
        ]
      },
      "properties": {
        "id": "osm-node-7835916876",
        "name": "Band",
        "kind": "settlement",
        "population": null,
        "status": "VERIFIED LIVE",
        "source": "OpenStreetMap"
      }
    },
    {
      "type": "Feature",
      "geometry": {
        "type": "Point",
        "coordinates": [
          78.9413402,
          30.4126896
        ]
      },
      "properties": {
        "id": "osm-node-7835916877",
        "name": "Banchwar",
        "kind": "settlement",
        "population": null,
        "status": "VERIFIED LIVE",
        "source": "OpenStreetMap"
      }
    },
    {
      "type": "Feature",
      "geometry": {
        "type": "Point",
        "coordinates": [
          78.9221532,
          30.4197363
        ]
      },
      "properties": {
        "id": "osm-node-7835916878",
        "name": "Toli Chak",
        "kind": "settlement",
        "population": null,
        "status": "VERIFIED LIVE",
        "source": "OpenStreetMap"
      }
    },
    {
      "type": "Feature",
      "geometry": {
        "type": "Point",
        "coordinates": [
          78.9421481,
          30.4223794
        ]
      },
      "properties": {
        "id": "osm-node-7835916879",
        "name": "Unnamed settlement",
        "kind": "settlement",
        "population": null,
        "status": "VERIFIED LIVE",
        "source": "OpenStreetMap"
      }
    },
    {
      "type": "Feature",
      "geometry": {
        "type": "Point",
        "coordinates": [
          78.9377779,
          30.4297636
        ]
      },
      "properties": {
        "id": "osm-node-7835916880",
        "name": "Paukhta Chak",
        "kind": "settlement",
        "population": null,
        "status": "VERIFIED LIVE",
        "source": "OpenStreetMap"
      }
    },
    {
      "type": "Feature",
      "geometry": {
        "type": "Point",
        "coordinates": [
          78.9287061,
          30.4321127
        ]
      },
      "properties": {
        "id": "osm-node-7835916881",
        "name": "Choara",
        "kind": "settlement",
        "population": null,
        "status": "VERIFIED LIVE",
        "source": "OpenStreetMap"
      }
    },
    {
      "type": "Feature",
      "geometry": {
        "type": "Point",
        "coordinates": [
          78.9221318,
          30.4498652
        ]
      },
      "properties": {
        "id": "osm-node-7835916882",
        "name": "Unnamed settlement",
        "kind": "settlement",
        "population": null,
        "status": "VERIFIED LIVE",
        "source": "OpenStreetMap"
      }
    },
    {
      "type": "Feature",
      "geometry": {
        "type": "Point",
        "coordinates": [
          78.9294418,
          30.4509578
        ]
      },
      "properties": {
        "id": "osm-node-7835916883",
        "name": "Puranda Chak",
        "kind": "settlement",
        "population": null,
        "status": "VERIFIED LIVE",
        "source": "OpenStreetMap"
      }
    },
    {
      "type": "Feature",
      "geometry": {
        "type": "Point",
        "coordinates": [
          78.929965,
          30.4471685
        ]
      },
      "properties": {
        "id": "osm-node-7835916884",
        "name": "Pulan Talla",
        "kind": "settlement",
        "population": null,
        "status": "VERIFIED LIVE",
        "source": "OpenStreetMap"
      }
    },
    {
      "type": "Feature",
      "geometry": {
        "type": "Point",
        "coordinates": [
          78.9342882,
          30.4531612
        ]
      },
      "properties": {
        "id": "osm-node-7835936685",
        "name": "Pujan",
        "kind": "settlement",
        "population": null,
        "status": "VERIFIED LIVE",
        "source": "OpenStreetMap"
      }
    },
    {
      "type": "Feature",
      "geometry": {
        "type": "Point",
        "coordinates": [
          78.926348,
          30.4648468
        ]
      },
      "properties": {
        "id": "osm-node-7835936686",
        "name": "Sirwari",
        "kind": "settlement",
        "population": null,
        "status": "VERIFIED LIVE",
        "source": "OpenStreetMap"
      }
    },
    {
      "type": "Feature",
      "geometry": {
        "type": "Point",
        "coordinates": [
          78.9321371,
          30.4667674
        ]
      },
      "properties": {
        "id": "osm-node-7835936687",
        "name": "Pang Chak",
        "kind": "settlement",
        "population": null,
        "status": "VERIFIED LIVE",
        "source": "OpenStreetMap"
      }
    },
    {
      "type": "Feature",
      "geometry": {
        "type": "Point",
        "coordinates": [
          78.9280862,
          30.4716378
        ]
      },
      "properties": {
        "id": "osm-node-7835936688",
        "name": "Jhalu Chak",
        "kind": "settlement",
        "population": null,
        "status": "VERIFIED LIVE",
        "source": "OpenStreetMap"
      }
    },
    {
      "type": "Feature",
      "geometry": {
        "type": "Point",
        "coordinates": [
          78.9206274,
          30.4759805
        ]
      },
      "properties": {
        "id": "osm-node-7835936689",
        "name": "Chatak Chak",
        "kind": "settlement",
        "population": null,
        "status": "VERIFIED LIVE",
        "source": "OpenStreetMap"
      }
    },
    {
      "type": "Feature",
      "geometry": {
        "type": "Point",
        "coordinates": [
          78.9246913,
          30.4745917
        ]
      },
      "properties": {
        "id": "osm-node-7835936690",
        "name": "Chatak Chak",
        "kind": "settlement",
        "population": null,
        "status": "VERIFIED LIVE",
        "source": "OpenStreetMap"
      }
    },
    {
      "type": "Feature",
      "geometry": {
        "type": "Point",
        "coordinates": [
          78.906635,
          30.4844532
        ]
      },
      "properties": {
        "id": "osm-node-7835936691",
        "name": "Unnamed settlement",
        "kind": "settlement",
        "population": null,
        "status": "VERIFIED LIVE",
        "source": "OpenStreetMap"
      }
    },
    {
      "type": "Feature",
      "geometry": {
        "type": "Point",
        "coordinates": [
          78.9101712,
          30.4961409
        ]
      },
      "properties": {
        "id": "osm-node-7835936692",
        "name": "Agnari",
        "kind": "settlement",
        "population": null,
        "status": "VERIFIED LIVE",
        "source": "OpenStreetMap"
      }
    },
    {
      "type": "Feature",
      "geometry": {
        "type": "Point",
        "coordinates": [
          78.915465,
          30.4933117
        ]
      },
      "properties": {
        "id": "osm-node-7835936693",
        "name": "Dharkuri",
        "kind": "settlement",
        "population": null,
        "status": "VERIFIED LIVE",
        "source": "OpenStreetMap"
      }
    },
    {
      "type": "Feature",
      "geometry": {
        "type": "Point",
        "coordinates": [
          78.916655,
          30.4878869
        ]
      },
      "properties": {
        "id": "osm-node-7835936694",
        "name": "Ket",
        "kind": "settlement",
        "population": null,
        "status": "VERIFIED LIVE",
        "source": "OpenStreetMap"
      }
    },
    {
      "type": "Feature",
      "geometry": {
        "type": "Point",
        "coordinates": [
          78.9171929,
          30.4842474
        ]
      },
      "properties": {
        "id": "osm-node-7835936695",
        "name": "San",
        "kind": "settlement",
        "population": null,
        "status": "VERIFIED LIVE",
        "source": "OpenStreetMap"
      }
    },
    {
      "type": "Feature",
      "geometry": {
        "type": "Point",
        "coordinates": [
          78.9210081,
          30.492691
        ]
      },
      "properties": {
        "id": "osm-node-7835936696",
        "name": "Gethyana",
        "kind": "settlement",
        "population": null,
        "status": "VERIFIED LIVE",
        "source": "OpenStreetMap"
      }
    },
    {
      "type": "Feature",
      "geometry": {
        "type": "Point",
        "coordinates": [
          78.9316921,
          30.4941551
        ]
      },
      "properties": {
        "id": "osm-node-7835936697",
        "name": "Unnamed settlement",
        "kind": "settlement",
        "population": null,
        "status": "VERIFIED LIVE",
        "source": "OpenStreetMap"
      }
    },
    {
      "type": "Feature",
      "geometry": {
        "type": "Point",
        "coordinates": [
          78.9404512,
          30.4924786
        ]
      },
      "properties": {
        "id": "osm-node-7835936698",
        "name": "Unnamed settlement",
        "kind": "settlement",
        "population": null,
        "status": "VERIFIED LIVE",
        "source": "OpenStreetMap"
      }
    },
    {
      "type": "Feature",
      "geometry": {
        "type": "Point",
        "coordinates": [
          78.9489478,
          30.4672916
        ]
      },
      "properties": {
        "id": "osm-node-7835936699",
        "name": "Sunchaura",
        "kind": "settlement",
        "population": null,
        "status": "VERIFIED LIVE",
        "source": "OpenStreetMap"
      }
    },
    {
      "type": "Feature",
      "geometry": {
        "type": "Point",
        "coordinates": [
          78.9421967,
          30.4732679
        ]
      },
      "properties": {
        "id": "osm-node-7835936700",
        "name": "Unnamed settlement",
        "kind": "settlement",
        "population": null,
        "status": "VERIFIED LIVE",
        "source": "OpenStreetMap"
      }
    },
    {
      "type": "Feature",
      "geometry": {
        "type": "Point",
        "coordinates": [
          78.908143,
          30.4471059
        ]
      },
      "properties": {
        "id": "osm-node-7835956486",
        "name": "Unnamed settlement",
        "kind": "settlement",
        "population": null,
        "status": "VERIFIED LIVE",
        "source": "OpenStreetMap"
      }
    },
    {
      "type": "Feature",
      "geometry": {
        "type": "Point",
        "coordinates": [
          78.898646,
          30.447517
        ]
      },
      "properties": {
        "id": "osm-node-7835956487",
        "name": "Unnamed settlement",
        "kind": "settlement",
        "population": null,
        "status": "VERIFIED LIVE",
        "source": "OpenStreetMap"
      }
    },
    {
      "type": "Feature",
      "geometry": {
        "type": "Point",
        "coordinates": [
          78.8720244,
          30.477046
        ]
      },
      "properties": {
        "id": "osm-node-7835956488",
        "name": "Unnamed settlement",
        "kind": "settlement",
        "population": null,
        "status": "VERIFIED LIVE",
        "source": "OpenStreetMap"
      }
    },
    {
      "type": "Feature",
      "geometry": {
        "type": "Point",
        "coordinates": [
          78.8687366,
          30.4790803
        ]
      },
      "properties": {
        "id": "osm-node-7835956489",
        "name": "Unnamed settlement",
        "kind": "settlement",
        "population": null,
        "status": "VERIFIED LIVE",
        "source": "OpenStreetMap"
      }
    },
    {
      "type": "Feature",
      "geometry": {
        "type": "Point",
        "coordinates": [
          78.8667108,
          30.4734397
        ]
      },
      "properties": {
        "id": "osm-node-7835956490",
        "name": "Kingadiya",
        "kind": "settlement",
        "population": null,
        "status": "VERIFIED LIVE",
        "source": "OpenStreetMap"
      }
    },
    {
      "type": "Feature",
      "geometry": {
        "type": "Point",
        "coordinates": [
          78.8818229,
          30.4717084
        ]
      },
      "properties": {
        "id": "osm-node-7835956491",
        "name": "Unnamed settlement",
        "kind": "settlement",
        "population": null,
        "status": "VERIFIED LIVE",
        "source": "OpenStreetMap"
      }
    },
    {
      "type": "Feature",
      "geometry": {
        "type": "Point",
        "coordinates": [
          78.8932174,
          30.471749
        ]
      },
      "properties": {
        "id": "osm-node-7835956492",
        "name": "Liswalte",
        "kind": "settlement",
        "population": null,
        "status": "VERIFIED LIVE",
        "source": "OpenStreetMap"
      }
    },
    {
      "type": "Feature",
      "geometry": {
        "type": "Point",
        "coordinates": [
          78.9122778,
          30.4693782
        ]
      },
      "properties": {
        "id": "osm-node-7835956493",
        "name": "Jakhwari Talli",
        "kind": "settlement",
        "population": null,
        "status": "VERIFIED LIVE",
        "source": "OpenStreetMap"
      }
    },
    {
      "type": "Feature",
      "geometry": {
        "type": "Point",
        "coordinates": [
          78.9088755,
          30.4725366
        ]
      },
      "properties": {
        "id": "osm-node-7835956494",
        "name": "Jakhwari Malli",
        "kind": "settlement",
        "population": null,
        "status": "VERIFIED LIVE",
        "source": "OpenStreetMap"
      }
    },
    {
      "type": "Feature",
      "geometry": {
        "type": "Point",
        "coordinates": [
          78.9307037,
          30.3921724
        ]
      },
      "properties": {
        "id": "osm-node-7835956495",
        "name": "Bhagjibala",
        "kind": "settlement",
        "population": null,
        "status": "VERIFIED LIVE",
        "source": "OpenStreetMap"
      }
    },
    {
      "type": "Feature",
      "geometry": {
        "type": "Point",
        "coordinates": [
          78.9368816,
          30.3854281
        ]
      },
      "properties": {
        "id": "osm-node-7835956496",
        "name": "Nag",
        "kind": "settlement",
        "population": null,
        "status": "VERIFIED LIVE",
        "source": "OpenStreetMap"
      }
    },
    {
      "type": "Feature",
      "geometry": {
        "type": "Point",
        "coordinates": [
          78.9352395,
          30.3929348
        ]
      },
      "properties": {
        "id": "osm-node-7835956497",
        "name": "Margaon",
        "kind": "settlement",
        "population": null,
        "status": "VERIFIED LIVE",
        "source": "OpenStreetMap"
      }
    },
    {
      "type": "Feature",
      "geometry": {
        "type": "Point",
        "coordinates": [
          78.9454079,
          30.3991811
        ]
      },
      "properties": {
        "id": "osm-node-7835956498",
        "name": "Jambukhai",
        "kind": "settlement",
        "population": null,
        "status": "VERIFIED LIVE",
        "source": "OpenStreetMap"
      }
    },
    {
      "type": "Feature",
      "geometry": {
        "type": "Point",
        "coordinates": [
          78.9490129,
          30.3754177
        ]
      },
      "properties": {
        "id": "osm-node-7835956499",
        "name": "Vad",
        "kind": "settlement",
        "population": null,
        "status": "VERIFIED LIVE",
        "source": "OpenStreetMap"
      }
    },
    {
      "type": "Feature",
      "geometry": {
        "type": "Point",
        "coordinates": [
          78.9573018,
          30.3765713
        ]
      },
      "properties": {
        "id": "osm-node-7835956500",
        "name": "Morarigad",
        "kind": "settlement",
        "population": null,
        "status": "VERIFIED LIVE",
        "source": "OpenStreetMap"
      }
    },
    {
      "type": "Feature",
      "geometry": {
        "type": "Point",
        "coordinates": [
          78.9549387,
          30.3828006
        ]
      },
      "properties": {
        "id": "osm-node-7835956501",
        "name": "Kaphli",
        "kind": "settlement",
        "population": null,
        "status": "VERIFIED LIVE",
        "source": "OpenStreetMap"
      }
    },
    {
      "type": "Feature",
      "geometry": {
        "type": "Point",
        "coordinates": [
          78.9570708,
          30.3887512
        ]
      },
      "properties": {
        "id": "osm-node-7835956502",
        "name": "Jakhnoli",
        "kind": "settlement",
        "population": null,
        "status": "VERIFIED LIVE",
        "source": "OpenStreetMap"
      }
    },
    {
      "type": "Feature",
      "geometry": {
        "type": "Point",
        "coordinates": [
          78.9638772,
          30.3889982
        ]
      },
      "properties": {
        "id": "osm-node-7835956503",
        "name": "Vari",
        "kind": "settlement",
        "population": null,
        "status": "VERIFIED LIVE",
        "source": "OpenStreetMap"
      }
    },
    {
      "type": "Feature",
      "geometry": {
        "type": "Point",
        "coordinates": [
          78.9760135,
          30.3873502
        ]
      },
      "properties": {
        "id": "osm-node-7835956504",
        "name": "Dhanguri",
        "kind": "settlement",
        "population": null,
        "status": "VERIFIED LIVE",
        "source": "OpenStreetMap"
      }
    },
    {
      "type": "Feature",
      "geometry": {
        "type": "Point",
        "coordinates": [
          78.9704855,
          30.3878491
        ]
      },
      "properties": {
        "id": "osm-node-7835956505",
        "name": "Bhumak",
        "kind": "settlement",
        "population": null,
        "status": "VERIFIED LIVE",
        "source": "OpenStreetMap"
      }
    },
    {
      "type": "Feature",
      "geometry": {
        "type": "Point",
        "coordinates": [
          78.9727475,
          30.3819732
        ]
      },
      "properties": {
        "id": "osm-node-7835956506",
        "name": "Molkti",
        "kind": "settlement",
        "population": null,
        "status": "VERIFIED LIVE",
        "source": "OpenStreetMap"
      }
    },
    {
      "type": "Feature",
      "geometry": {
        "type": "Point",
        "coordinates": [
          78.9159158,
          30.4324615
        ]
      },
      "properties": {
        "id": "osm-node-7835999884",
        "name": "Chhali",
        "kind": "settlement",
        "population": null,
        "status": "VERIFIED LIVE",
        "source": "OpenStreetMap"
      }
    },
    {
      "type": "Feature",
      "geometry": {
        "type": "Point",
        "coordinates": [
          78.9119078,
          30.4377239
        ]
      },
      "properties": {
        "id": "osm-node-7836000185",
        "name": "Chhalimunigar",
        "kind": "settlement",
        "population": null,
        "status": "VERIFIED LIVE",
        "source": "OpenStreetMap"
      }
    },
    {
      "type": "Feature",
      "geometry": {
        "type": "Point",
        "coordinates": [
          78.9154407,
          30.4435255
        ]
      },
      "properties": {
        "id": "osm-node-7836000186",
        "name": "Duni",
        "kind": "settlement",
        "population": null,
        "status": "VERIFIED LIVE",
        "source": "OpenStreetMap"
      }
    },
    {
      "type": "Feature",
      "geometry": {
        "type": "Point",
        "coordinates": [
          78.9108107,
          30.4416623
        ]
      },
      "properties": {
        "id": "osm-node-7836000187",
        "name": "Kunash",
        "kind": "settlement",
        "population": null,
        "status": "VERIFIED LIVE",
        "source": "OpenStreetMap"
      }
    },
    {
      "type": "Feature",
      "geometry": {
        "type": "Point",
        "coordinates": [
          78.8427135,
          30.4201429
        ]
      },
      "properties": {
        "id": "osm-node-7836128280",
        "name": "Bhakachal",
        "kind": "settlement",
        "population": null,
        "status": "VERIFIED LIVE",
        "source": "OpenStreetMap"
      }
    },
    {
      "type": "Feature",
      "geometry": {
        "type": "Point",
        "coordinates": [
          78.8344842,
          30.4146725
        ]
      },
      "properties": {
        "id": "osm-node-7836128281",
        "name": "Unnamed settlement",
        "kind": "settlement",
        "population": null,
        "status": "VERIFIED LIVE",
        "source": "OpenStreetMap"
      }
    },
    {
      "type": "Feature",
      "geometry": {
        "type": "Point",
        "coordinates": [
          78.8255927,
          30.4135344
        ]
      },
      "properties": {
        "id": "osm-node-7836128282",
        "name": "Raikhal",
        "kind": "settlement",
        "population": null,
        "status": "VERIFIED LIVE",
        "source": "OpenStreetMap"
      }
    },
    {
      "type": "Feature",
      "geometry": {
        "type": "Point",
        "coordinates": [
          78.8284115,
          30.4076922
        ]
      },
      "properties": {
        "id": "osm-node-7836128283",
        "name": "Khawa",
        "kind": "settlement",
        "population": null,
        "status": "VERIFIED LIVE",
        "source": "OpenStreetMap"
      }
    },
    {
      "type": "Feature",
      "geometry": {
        "type": "Point",
        "coordinates": [
          78.8388587,
          30.4041048
        ]
      },
      "properties": {
        "id": "osm-node-7836128284",
        "name": "Dugda",
        "kind": "settlement",
        "population": null,
        "status": "VERIFIED LIVE",
        "source": "OpenStreetMap"
      }
    },
    {
      "type": "Feature",
      "geometry": {
        "type": "Point",
        "coordinates": [
          78.8472669,
          30.3983715
        ]
      },
      "properties": {
        "id": "osm-node-7836136885",
        "name": "Mar Pokhri",
        "kind": "settlement",
        "population": null,
        "status": "VERIFIED LIVE",
        "source": "OpenStreetMap"
      }
    },
    {
      "type": "Feature",
      "geometry": {
        "type": "Point",
        "coordinates": [
          78.8410147,
          30.409552
        ]
      },
      "properties": {
        "id": "osm-node-7836136886",
        "name": "Palakurali",
        "kind": "settlement",
        "population": null,
        "status": "VERIFIED LIVE",
        "source": "OpenStreetMap"
      }
    },
    {
      "type": "Feature",
      "geometry": {
        "type": "Point",
        "coordinates": [
          78.8568229,
          30.4164605
        ]
      },
      "properties": {
        "id": "osm-node-7836136887",
        "name": "Kund",
        "kind": "settlement",
        "population": null,
        "status": "VERIFIED LIVE",
        "source": "OpenStreetMap"
      }
    },
    {
      "type": "Feature",
      "geometry": {
        "type": "Point",
        "coordinates": [
          78.8554318,
          30.4081951
        ]
      },
      "properties": {
        "id": "osm-node-7836136888",
        "name": "Uchhna",
        "kind": "settlement",
        "population": null,
        "status": "VERIFIED LIVE",
        "source": "OpenStreetMap"
      }
    },
    {
      "type": "Feature",
      "geometry": {
        "type": "Point",
        "coordinates": [
          78.8635111,
          30.4043213
        ]
      },
      "properties": {
        "id": "osm-node-7836136889",
        "name": "Garti",
        "kind": "settlement",
        "population": null,
        "status": "VERIFIED LIVE",
        "source": "OpenStreetMap"
      }
    },
    {
      "type": "Feature",
      "geometry": {
        "type": "Point",
        "coordinates": [
          78.8600992,
          30.4071847
        ]
      },
      "properties": {
        "id": "osm-node-7836136890",
        "name": "Ijra",
        "kind": "settlement",
        "population": null,
        "status": "VERIFIED LIVE",
        "source": "OpenStreetMap"
      }
    },
    {
      "type": "Feature",
      "geometry": {
        "type": "Point",
        "coordinates": [
          78.8682281,
          30.408331
        ]
      },
      "properties": {
        "id": "osm-node-7836136891",
        "name": "Uroli",
        "kind": "settlement",
        "population": null,
        "status": "VERIFIED LIVE",
        "source": "OpenStreetMap"
      }
    },
    {
      "type": "Feature",
      "geometry": {
        "type": "Point",
        "coordinates": [
          78.8799266,
          30.4031335
        ]
      },
      "properties": {
        "id": "osm-node-7836136892",
        "name": "Syaldun",
        "kind": "settlement",
        "population": null,
        "status": "VERIFIED LIVE",
        "source": "OpenStreetMap"
      }
    },
    {
      "type": "Feature",
      "geometry": {
        "type": "Point",
        "coordinates": [
          78.8753626,
          30.4166758
        ]
      },
      "properties": {
        "id": "osm-node-7836136894",
        "name": "Dhankurali",
        "kind": "settlement",
        "population": null,
        "status": "VERIFIED LIVE",
        "source": "OpenStreetMap"
      }
    },
    {
      "type": "Feature",
      "geometry": {
        "type": "Point",
        "coordinates": [
          78.8605752,
          30.4326518
        ]
      },
      "properties": {
        "id": "osm-node-7836136895",
        "name": "Halai",
        "kind": "settlement",
        "population": null,
        "status": "VERIFIED LIVE",
        "source": "OpenStreetMap"
      }
    },
    {
      "type": "Feature",
      "geometry": {
        "type": "Point",
        "coordinates": [
          78.8914251,
          30.3695879
        ]
      },
      "properties": {
        "id": "osm-node-7836170461",
        "name": "Launga",
        "kind": "settlement",
        "population": null,
        "status": "VERIFIED LIVE",
        "source": "OpenStreetMap"
      }
    },
    {
      "type": "Feature",
      "geometry": {
        "type": "Point",
        "coordinates": [
          78.8738185,
          30.3832124
        ]
      },
      "properties": {
        "id": "osm-node-7837697900",
        "name": "Dhanoli",
        "kind": "settlement",
        "population": null,
        "status": "VERIFIED LIVE",
        "source": "OpenStreetMap"
      }
    },
    {
      "type": "Feature",
      "geometry": {
        "type": "Point",
        "coordinates": [
          78.8691238,
          30.3886018
        ]
      },
      "properties": {
        "id": "osm-node-7837697901",
        "name": "Nausari",
        "kind": "settlement",
        "population": null,
        "status": "VERIFIED LIVE",
        "source": "OpenStreetMap"
      }
    },
    {
      "type": "Feature",
      "geometry": {
        "type": "Point",
        "coordinates": [
          78.8712743,
          30.3974159
        ]
      },
      "properties": {
        "id": "osm-node-7837697902",
        "name": "Koti",
        "kind": "settlement",
        "population": null,
        "status": "VERIFIED LIVE",
        "source": "OpenStreetMap"
      }
    },
    {
      "type": "Feature",
      "geometry": {
        "type": "Point",
        "coordinates": [
          78.8677963,
          30.3981331
        ]
      },
      "properties": {
        "id": "osm-node-7837697903",
        "name": "Dhanyo",
        "kind": "settlement",
        "population": null,
        "status": "VERIFIED LIVE",
        "source": "OpenStreetMap"
      }
    },
    {
      "type": "Feature",
      "geometry": {
        "type": "Point",
        "coordinates": [
          78.8633052,
          30.3924292
        ]
      },
      "properties": {
        "id": "osm-node-7837697904",
        "name": "Budna",
        "kind": "settlement",
        "population": null,
        "status": "VERIFIED LIVE",
        "source": "OpenStreetMap"
      }
    },
    {
      "type": "Feature",
      "geometry": {
        "type": "Point",
        "coordinates": [
          78.8618178,
          30.3915614
        ]
      },
      "properties": {
        "id": "osm-node-7837697905",
        "name": "Kandwalgaon",
        "kind": "settlement",
        "population": null,
        "status": "VERIFIED LIVE",
        "source": "OpenStreetMap"
      }
    },
    {
      "type": "Feature",
      "geometry": {
        "type": "Point",
        "coordinates": [
          78.8616939,
          30.3877578
        ]
      },
      "properties": {
        "id": "osm-node-7837697906",
        "name": "Ekling",
        "kind": "settlement",
        "population": null,
        "status": "VERIFIED LIVE",
        "source": "OpenStreetMap"
      }
    },
    {
      "type": "Feature",
      "geometry": {
        "type": "Point",
        "coordinates": [
          78.8616283,
          30.3832077
        ]
      },
      "properties": {
        "id": "osm-node-7837697907",
        "name": "Bhirani",
        "kind": "settlement",
        "population": null,
        "status": "VERIFIED LIVE",
        "source": "OpenStreetMap"
      }
    },
    {
      "type": "Feature",
      "geometry": {
        "type": "Point",
        "coordinates": [
          78.8643936,
          30.3783478
        ]
      },
      "properties": {
        "id": "osm-node-7837697908",
        "name": "Tyunkhar",
        "kind": "settlement",
        "population": null,
        "status": "VERIFIED LIVE",
        "source": "OpenStreetMap"
      }
    },
    {
      "type": "Feature",
      "geometry": {
        "type": "Point",
        "coordinates": [
          78.8490707,
          30.3794995
        ]
      },
      "properties": {
        "id": "osm-node-7837697909",
        "name": "Luthyan",
        "kind": "settlement",
        "population": null,
        "status": "VERIFIED LIVE",
        "source": "OpenStreetMap"
      }
    },
    {
      "type": "Feature",
      "geometry": {
        "type": "Point",
        "coordinates": [
          78.8490662,
          30.3756681
        ]
      },
      "properties": {
        "id": "osm-node-7837697910",
        "name": "Tyunkhar",
        "kind": "settlement",
        "population": null,
        "status": "VERIFIED LIVE",
        "source": "OpenStreetMap"
      }
    },
    {
      "type": "Feature",
      "geometry": {
        "type": "Point",
        "coordinates": [
          78.8571105,
          30.3701017
        ]
      },
      "properties": {
        "id": "osm-node-7837697911",
        "name": "Agar",
        "kind": "settlement",
        "population": null,
        "status": "VERIFIED LIVE",
        "source": "OpenStreetMap"
      }
    },
    {
      "type": "Feature",
      "geometry": {
        "type": "Point",
        "coordinates": [
          78.9232257,
          30.3489352
        ]
      },
      "properties": {
        "id": "osm-node-7837709988",
        "name": "Doha",
        "kind": "settlement",
        "population": null,
        "status": "VERIFIED LIVE",
        "source": "OpenStreetMap"
      }
    },
    {
      "type": "Feature",
      "geometry": {
        "type": "Point",
        "coordinates": [
          78.9273217,
          30.3484772
        ]
      },
      "properties": {
        "id": "osm-node-7837709989",
        "name": "Jakhad",
        "kind": "settlement",
        "population": null,
        "status": "VERIFIED LIVE",
        "source": "OpenStreetMap"
      }
    },
    {
      "type": "Feature",
      "geometry": {
        "type": "Point",
        "coordinates": [
          78.9265709,
          30.3512919
        ]
      },
      "properties": {
        "id": "osm-node-7837709990",
        "name": "Jalankhu",
        "kind": "settlement",
        "population": null,
        "status": "VERIFIED LIVE",
        "source": "OpenStreetMap"
      }
    },
    {
      "type": "Feature",
      "geometry": {
        "type": "Point",
        "coordinates": [
          78.9237607,
          30.3542632
        ]
      },
      "properties": {
        "id": "osm-node-7837709991",
        "name": "Marengad",
        "kind": "settlement",
        "population": null,
        "status": "VERIFIED LIVE",
        "source": "OpenStreetMap"
      }
    },
    {
      "type": "Feature",
      "geometry": {
        "type": "Point",
        "coordinates": [
          78.9276866,
          30.3578221
        ]
      },
      "properties": {
        "id": "osm-node-7837709992",
        "name": "Birangaon",
        "kind": "settlement",
        "population": null,
        "status": "VERIFIED LIVE",
        "source": "OpenStreetMap"
      }
    },
    {
      "type": "Feature",
      "geometry": {
        "type": "Point",
        "coordinates": [
          78.9362979,
          30.3604167
        ]
      },
      "properties": {
        "id": "osm-node-7837709993",
        "name": "Tuneta",
        "kind": "settlement",
        "population": null,
        "status": "VERIFIED LIVE",
        "source": "OpenStreetMap"
      }
    },
    {
      "type": "Feature",
      "geometry": {
        "type": "Point",
        "coordinates": [
          78.9326066,
          30.3599449
        ]
      },
      "properties": {
        "id": "osm-node-7837709994",
        "name": "Bagarwal",
        "kind": "settlement",
        "population": null,
        "status": "VERIFIED LIVE",
        "source": "OpenStreetMap"
      }
    },
    {
      "type": "Feature",
      "geometry": {
        "type": "Point",
        "coordinates": [
          78.9295983,
          30.3632234
        ]
      },
      "properties": {
        "id": "osm-node-7837709995",
        "name": "Taryalgaon",
        "kind": "settlement",
        "population": null,
        "status": "VERIFIED LIVE",
        "source": "OpenStreetMap"
      }
    },
    {
      "type": "Feature",
      "geometry": {
        "type": "Point",
        "coordinates": [
          78.9286063,
          30.3690353
        ]
      },
      "properties": {
        "id": "osm-node-7837709996",
        "name": "Thapie",
        "kind": "settlement",
        "population": null,
        "status": "VERIFIED LIVE",
        "source": "OpenStreetMap"
      }
    },
    {
      "type": "Feature",
      "geometry": {
        "type": "Point",
        "coordinates": [
          78.9293649,
          30.3777466
        ]
      },
      "properties": {
        "id": "osm-node-7837709997",
        "name": "Utlasi",
        "kind": "settlement",
        "population": null,
        "status": "VERIFIED LIVE",
        "source": "OpenStreetMap"
      }
    },
    {
      "type": "Feature",
      "geometry": {
        "type": "Point",
        "coordinates": [
          78.9303813,
          30.3850842
        ]
      },
      "properties": {
        "id": "osm-node-7837709998",
        "name": "Chomota",
        "kind": "settlement",
        "population": null,
        "status": "VERIFIED LIVE",
        "source": "OpenStreetMap"
      }
    },
    {
      "type": "Feature",
      "geometry": {
        "type": "Point",
        "coordinates": [
          78.9226442,
          30.3834682
        ]
      },
      "properties": {
        "id": "osm-node-7837711585",
        "name": "Khal",
        "kind": "settlement",
        "population": null,
        "status": "VERIFIED LIVE",
        "source": "OpenStreetMap"
      }
    },
    {
      "type": "Feature",
      "geometry": {
        "type": "Point",
        "coordinates": [
          78.9223931,
          30.380048
        ]
      },
      "properties": {
        "id": "osm-node-7837711586",
        "name": "Bharking",
        "kind": "settlement",
        "population": null,
        "status": "VERIFIED LIVE",
        "source": "OpenStreetMap"
      }
    },
    {
      "type": "Feature",
      "geometry": {
        "type": "Point",
        "coordinates": [
          78.9144386,
          30.3796888
        ]
      },
      "properties": {
        "id": "osm-node-7837711587",
        "name": "Tendwal",
        "kind": "settlement",
        "population": null,
        "status": "VERIFIED LIVE",
        "source": "OpenStreetMap"
      }
    },
    {
      "type": "Feature",
      "geometry": {
        "type": "Point",
        "coordinates": [
          78.9131106,
          30.3735132
        ]
      },
      "properties": {
        "id": "osm-node-7837711588",
        "name": "Jakhni",
        "kind": "settlement",
        "population": null,
        "status": "VERIFIED LIVE",
        "source": "OpenStreetMap"
      }
    },
    {
      "type": "Feature",
      "geometry": {
        "type": "Point",
        "coordinates": [
          78.8961493,
          30.3816903
        ]
      },
      "properties": {
        "id": "osm-node-7837711589",
        "name": "Mayali",
        "kind": "settlement",
        "population": null,
        "status": "VERIFIED LIVE",
        "source": "OpenStreetMap"
      }
    },
    {
      "type": "Feature",
      "geometry": {
        "type": "Point",
        "coordinates": [
          78.8886947,
          30.3831416
        ]
      },
      "properties": {
        "id": "osm-node-7837711590",
        "name": "Lamwar",
        "kind": "settlement",
        "population": null,
        "status": "VERIFIED LIVE",
        "source": "OpenStreetMap"
      }
    },
    {
      "type": "Feature",
      "geometry": {
        "type": "Point",
        "coordinates": [
          78.8881371,
          30.3885221
        ]
      },
      "properties": {
        "id": "osm-node-7837711591",
        "name": "Dawal",
        "kind": "settlement",
        "population": null,
        "status": "VERIFIED LIVE",
        "source": "OpenStreetMap"
      }
    },
    {
      "type": "Feature",
      "geometry": {
        "type": "Point",
        "coordinates": [
          78.884792,
          30.3874513
        ]
      },
      "properties": {
        "id": "osm-node-7837711592",
        "name": "Kurara",
        "kind": "settlement",
        "population": null,
        "status": "VERIFIED LIVE",
        "source": "OpenStreetMap"
      }
    },
    {
      "type": "Feature",
      "geometry": {
        "type": "Point",
        "coordinates": [
          78.8780398,
          30.3882301
        ]
      },
      "properties": {
        "id": "osm-node-7837711593",
        "name": "Makhat",
        "kind": "settlement",
        "population": null,
        "status": "VERIFIED LIVE",
        "source": "OpenStreetMap"
      }
    },
    {
      "type": "Feature",
      "geometry": {
        "type": "Point",
        "coordinates": [
          78.8749069,
          30.3866617
        ]
      },
      "properties": {
        "id": "osm-node-7837711594",
        "name": "Gharara",
        "kind": "settlement",
        "population": null,
        "status": "VERIFIED LIVE",
        "source": "OpenStreetMap"
      }
    },
    {
      "type": "Feature",
      "geometry": {
        "type": "Point",
        "coordinates": [
          78.9330849,
          30.3261365
        ]
      },
      "properties": {
        "id": "osm-node-7837714813",
        "name": "Kwila",
        "kind": "settlement",
        "population": null,
        "status": "VERIFIED LIVE",
        "source": "OpenStreetMap"
      }
    },
    {
      "type": "Feature",
      "geometry": {
        "type": "Point",
        "coordinates": [
          78.9201239,
          30.3360795
        ]
      },
      "properties": {
        "id": "osm-node-7837714816",
        "name": "Shilgaon",
        "kind": "settlement",
        "population": null,
        "status": "VERIFIED LIVE",
        "source": "OpenStreetMap"
      }
    },
    {
      "type": "Feature",
      "geometry": {
        "type": "Point",
        "coordinates": [
          78.9180085,
          30.340871
        ]
      },
      "properties": {
        "id": "osm-node-7837714817",
        "name": "Gharena",
        "kind": "settlement",
        "population": null,
        "status": "VERIFIED LIVE",
        "source": "OpenStreetMap"
      }
    },
    {
      "type": "Feature",
      "geometry": {
        "type": "Point",
        "coordinates": [
          78.9250758,
          30.3417766
        ]
      },
      "properties": {
        "id": "osm-node-7837714818",
        "name": "Dataseno",
        "kind": "settlement",
        "population": null,
        "status": "VERIFIED LIVE",
        "source": "OpenStreetMap"
      }
    },
    {
      "type": "Feature",
      "geometry": {
        "type": "Point",
        "coordinates": [
          78.9305141,
          30.3447945
        ]
      },
      "properties": {
        "id": "osm-node-7837714819",
        "name": "Jakholi Malli",
        "kind": "settlement",
        "population": null,
        "status": "VERIFIED LIVE",
        "source": "OpenStreetMap"
      }
    },
    {
      "type": "Feature",
      "geometry": {
        "type": "Point",
        "coordinates": [
          78.9447075,
          30.316979
        ]
      },
      "properties": {
        "id": "osm-node-7837726820",
        "name": "Mawakhil",
        "kind": "settlement",
        "population": null,
        "status": "VERIFIED LIVE",
        "source": "OpenStreetMap"
      }
    },
    {
      "type": "Feature",
      "geometry": {
        "type": "Point",
        "coordinates": [
          78.9450833,
          30.3142667
        ]
      },
      "properties": {
        "id": "osm-node-7837726821",
        "name": "Thaira",
        "kind": "settlement",
        "population": null,
        "status": "VERIFIED LIVE",
        "source": "OpenStreetMap"
      }
    },
    {
      "type": "Feature",
      "geometry": {
        "type": "Point",
        "coordinates": [
          78.9368839,
          30.3156178
        ]
      },
      "properties": {
        "id": "osm-node-7837726822",
        "name": "Anjilya",
        "kind": "settlement",
        "population": null,
        "status": "VERIFIED LIVE",
        "source": "OpenStreetMap"
      }
    },
    {
      "type": "Feature",
      "geometry": {
        "type": "Point",
        "coordinates": [
          78.9317965,
          30.3141679
        ]
      },
      "properties": {
        "id": "osm-node-7837726823",
        "name": "Ghengar",
        "kind": "settlement",
        "population": null,
        "status": "VERIFIED LIVE",
        "source": "OpenStreetMap"
      }
    },
    {
      "type": "Feature",
      "geometry": {
        "type": "Point",
        "coordinates": [
          78.9855817,
          30.3052784
        ]
      },
      "properties": {
        "id": "osm-node-7837744385",
        "name": "Sandar",
        "kind": "settlement",
        "population": null,
        "status": "VERIFIED LIVE",
        "source": "OpenStreetMap"
      }
    },
    {
      "type": "Feature",
      "geometry": {
        "type": "Point",
        "coordinates": [
          78.9928247,
          30.321113
        ]
      },
      "properties": {
        "id": "osm-node-7837744387",
        "name": "Kathyana",
        "kind": "settlement",
        "population": null,
        "status": "VERIFIED LIVE",
        "source": "OpenStreetMap"
      }
    },
    {
      "type": "Feature",
      "geometry": {
        "type": "Point",
        "coordinates": [
          78.990473,
          30.3234643
        ]
      },
      "properties": {
        "id": "osm-node-7837744388",
        "name": "Nari",
        "kind": "settlement",
        "population": null,
        "status": "VERIFIED LIVE",
        "source": "OpenStreetMap"
      }
    },
    {
      "type": "Feature",
      "geometry": {
        "type": "Point",
        "coordinates": [
          78.9937525,
          30.3306016
        ]
      },
      "properties": {
        "id": "osm-node-7837744389",
        "name": "Tamino",
        "kind": "settlement",
        "population": null,
        "status": "VERIFIED LIVE",
        "source": "OpenStreetMap"
      }
    },
    {
      "type": "Feature",
      "geometry": {
        "type": "Point",
        "coordinates": [
          78.9820706,
          30.3390726
        ]
      },
      "properties": {
        "id": "osm-node-7837744390",
        "name": "Chauki Barsil",
        "kind": "settlement",
        "population": null,
        "status": "VERIFIED LIVE",
        "source": "OpenStreetMap"
      }
    },
    {
      "type": "Feature",
      "geometry": {
        "type": "Point",
        "coordinates": [
          78.9699468,
          30.3354851
        ]
      },
      "properties": {
        "id": "osm-node-7837744391",
        "name": "Chhatoli",
        "kind": "settlement",
        "population": null,
        "status": "VERIFIED LIVE",
        "source": "OpenStreetMap"
      }
    },
    {
      "type": "Feature",
      "geometry": {
        "type": "Point",
        "coordinates": [
          78.9736284,
          30.3341015
        ]
      },
      "properties": {
        "id": "osm-node-7837744392",
        "name": "Malthana",
        "kind": "settlement",
        "population": null,
        "status": "VERIFIED LIVE",
        "source": "OpenStreetMap"
      }
    },
    {
      "type": "Feature",
      "geometry": {
        "type": "Point",
        "coordinates": [
          78.9828498,
          30.3284866
        ]
      },
      "properties": {
        "id": "osm-node-7837744393",
        "name": "Padla",
        "kind": "settlement",
        "population": null,
        "status": "VERIFIED LIVE",
        "source": "OpenStreetMap"
      }
    },
    {
      "type": "Feature",
      "geometry": {
        "type": "Point",
        "coordinates": [
          78.9656196,
          30.3135308
        ]
      },
      "properties": {
        "id": "osm-node-7837744394",
        "name": "Medanpur",
        "kind": "settlement",
        "population": null,
        "status": "VERIFIED LIVE",
        "source": "OpenStreetMap"
      }
    },
    {
      "type": "Feature",
      "geometry": {
        "type": "Point",
        "coordinates": [
          78.9625842,
          30.3299467
        ]
      },
      "properties": {
        "id": "osm-node-7837744395",
        "name": "Pingari",
        "kind": "settlement",
        "population": null,
        "status": "VERIFIED LIVE",
        "source": "OpenStreetMap"
      }
    },
    {
      "type": "Feature",
      "geometry": {
        "type": "Point",
        "coordinates": [
          78.9567878,
          30.3236945
        ]
      },
      "properties": {
        "id": "osm-node-7837744396",
        "name": "Ratanpur",
        "kind": "settlement",
        "population": null,
        "status": "VERIFIED LIVE",
        "source": "OpenStreetMap"
      }
    },
    {
      "type": "Feature",
      "geometry": {
        "type": "Point",
        "coordinates": [
          78.9471417,
          30.3217255
        ]
      },
      "properties": {
        "id": "osm-node-7837744397",
        "name": "Andreya",
        "kind": "settlement",
        "population": null,
        "status": "VERIFIED LIVE",
        "source": "OpenStreetMap"
      }
    },
    {
      "type": "Feature",
      "geometry": {
        "type": "Point",
        "coordinates": [
          78.8752511,
          30.3618942
        ]
      },
      "properties": {
        "id": "osm-node-7837869304",
        "name": "Unnamed settlement",
        "kind": "settlement",
        "population": null,
        "status": "VERIFIED LIVE",
        "source": "OpenStreetMap"
      }
    },
    {
      "type": "Feature",
      "geometry": {
        "type": "Point",
        "coordinates": [
          78.8686395,
          30.3646737
        ]
      },
      "properties": {
        "id": "osm-node-7837880052",
        "name": "Unnamed settlement",
        "kind": "settlement",
        "population": null,
        "status": "VERIFIED LIVE",
        "source": "OpenStreetMap"
      }
    },
    {
      "type": "Feature",
      "geometry": {
        "type": "Point",
        "coordinates": [
          78.9785027,
          30.4845908
        ]
      },
      "properties": {
        "id": "osm-node-7855234716",
        "name": "Unnamed settlement",
        "kind": "settlement",
        "population": null,
        "status": "VERIFIED LIVE",
        "source": "OpenStreetMap"
      }
    },
    {
      "type": "Feature",
      "geometry": {
        "type": "Point",
        "coordinates": [
          78.8642138,
          30.5476679
        ]
      },
      "properties": {
        "id": "osm-node-7862865270",
        "name": "Unnamed settlement",
        "kind": "settlement",
        "population": null,
        "status": "VERIFIED LIVE",
        "source": "OpenStreetMap"
      }
    },
    {
      "type": "Feature",
      "geometry": {
        "type": "Point",
        "coordinates": [
          78.8699591,
          30.545187
        ]
      },
      "properties": {
        "id": "osm-node-7862865271",
        "name": "Unnamed settlement",
        "kind": "settlement",
        "population": null,
        "status": "VERIFIED LIVE",
        "source": "OpenStreetMap"
      }
    },
    {
      "type": "Feature",
      "geometry": {
        "type": "Point",
        "coordinates": [
          78.8758403,
          30.5424989
        ]
      },
      "properties": {
        "id": "osm-node-7862865272",
        "name": "Unnamed settlement",
        "kind": "settlement",
        "population": null,
        "status": "VERIFIED LIVE",
        "source": "OpenStreetMap"
      }
    },
    {
      "type": "Feature",
      "geometry": {
        "type": "Point",
        "coordinates": [
          78.9394608,
          30.5587182
        ]
      },
      "properties": {
        "id": "osm-node-7862865275",
        "name": "Urtar",
        "kind": "settlement",
        "population": null,
        "status": "VERIFIED LIVE",
        "source": "OpenStreetMap"
      }
    },
    {
      "type": "Feature",
      "geometry": {
        "type": "Point",
        "coordinates": [
          78.9070751,
          30.5519122
        ]
      },
      "properties": {
        "id": "osm-node-7862865276",
        "name": "Jari",
        "kind": "settlement",
        "population": null,
        "status": "VERIFIED LIVE",
        "source": "OpenStreetMap"
      }
    },
    {
      "type": "Feature",
      "geometry": {
        "type": "Point",
        "coordinates": [
          78.9165193,
          30.5383173
        ]
      },
      "properties": {
        "id": "osm-node-7862865277",
        "name": "Subtal",
        "kind": "settlement",
        "population": null,
        "status": "VERIFIED LIVE",
        "source": "OpenStreetMap"
      }
    },
    {
      "type": "Feature",
      "geometry": {
        "type": "Point",
        "coordinates": [
          78.959856,
          30.5003535
        ]
      },
      "properties": {
        "id": "osm-node-7862865278",
        "name": "Unnamed settlement",
        "kind": "settlement",
        "population": null,
        "status": "VERIFIED LIVE",
        "source": "OpenStreetMap"
      }
    },
    {
      "type": "Feature",
      "geometry": {
        "type": "Point",
        "coordinates": [
          78.9629459,
          30.5027662
        ]
      },
      "properties": {
        "id": "osm-node-7862865279",
        "name": "Unnamed settlement",
        "kind": "settlement",
        "population": null,
        "status": "VERIFIED LIVE",
        "source": "OpenStreetMap"
      }
    },
    {
      "type": "Feature",
      "geometry": {
        "type": "Point",
        "coordinates": [
          78.9736389,
          30.5015695
        ]
      },
      "properties": {
        "id": "osm-node-7862865280",
        "name": "Namu Dangi",
        "kind": "settlement",
        "population": null,
        "status": "VERIFIED LIVE",
        "source": "OpenStreetMap"
      }
    },
    {
      "type": "Feature",
      "geometry": {
        "type": "Point",
        "coordinates": [
          78.9779414,
          30.6473311
        ]
      },
      "properties": {
        "id": "osm-node-7862865281",
        "name": "Unnamed settlement",
        "kind": "settlement",
        "population": null,
        "status": "VERIFIED LIVE",
        "source": "OpenStreetMap"
      }
    },
    {
      "type": "Feature",
      "geometry": {
        "type": "Point",
        "coordinates": [
          78.9347052,
          30.5536406
        ]
      },
      "properties": {
        "id": "osm-node-7862914060",
        "name": "Unnamed settlement",
        "kind": "settlement",
        "population": null,
        "status": "VERIFIED LIVE",
        "source": "OpenStreetMap"
      }
    },
    {
      "type": "Feature",
      "geometry": {
        "type": "Point",
        "coordinates": [
          79.1734941,
          30.5640425
        ]
      },
      "properties": {
        "id": "osm-node-7862921143",
        "name": "Unnamed settlement",
        "kind": "settlement",
        "population": null,
        "status": "VERIFIED LIVE",
        "source": "OpenStreetMap"
      }
    },
    {
      "type": "Feature",
      "geometry": {
        "type": "Point",
        "coordinates": [
          79.0604976,
          30.5536342
        ]
      },
      "properties": {
        "id": "osm-node-7862944421",
        "name": "Khumara",
        "kind": "settlement",
        "population": null,
        "status": "VERIFIED LIVE",
        "source": "OpenStreetMap"
      }
    },
    {
      "type": "Feature",
      "geometry": {
        "type": "Point",
        "coordinates": [
          79.0612682,
          30.5476559
        ]
      },
      "properties": {
        "id": "osm-node-7862944422",
        "name": "Dansu",
        "kind": "settlement",
        "population": null,
        "status": "VERIFIED LIVE",
        "source": "OpenStreetMap"
      }
    },
    {
      "type": "Feature",
      "geometry": {
        "type": "Point",
        "coordinates": [
          79.0673643,
          30.5458367
        ]
      },
      "properties": {
        "id": "osm-node-7862944423",
        "name": "Kandra",
        "kind": "settlement",
        "population": null,
        "status": "VERIFIED LIVE",
        "source": "OpenStreetMap"
      }
    },
    {
      "type": "Feature",
      "geometry": {
        "type": "Point",
        "coordinates": [
          79.0745578,
          30.5436165
        ]
      },
      "properties": {
        "id": "osm-node-7862944424",
        "name": "Narayankoti",
        "kind": "settlement",
        "population": null,
        "status": "VERIFIED LIVE",
        "source": "OpenStreetMap"
      }
    },
    {
      "type": "Feature",
      "geometry": {
        "type": "Point",
        "coordinates": [
          79.0682722,
          30.540161
        ]
      },
      "properties": {
        "id": "osm-node-7862944425",
        "name": "Kothera",
        "kind": "settlement",
        "population": null,
        "status": "VERIFIED LIVE",
        "source": "OpenStreetMap"
      }
    },
    {
      "type": "Feature",
      "geometry": {
        "type": "Point",
        "coordinates": [
          79.0860417,
          30.5269602
        ]
      },
      "properties": {
        "id": "osm-node-7862944426",
        "name": "Gari",
        "kind": "settlement",
        "population": null,
        "status": "VERIFIED LIVE",
        "source": "OpenStreetMap"
      }
    },
    {
      "type": "Feature",
      "geometry": {
        "type": "Point",
        "coordinates": [
          79.0845271,
          30.524612
        ]
      },
      "properties": {
        "id": "osm-node-7862944427",
        "name": "Asma",
        "kind": "settlement",
        "population": null,
        "status": "VERIFIED LIVE",
        "source": "OpenStreetMap"
      }
    },
    {
      "type": "Feature",
      "geometry": {
        "type": "Point",
        "coordinates": [
          79.0986572,
          30.5191666
        ]
      },
      "properties": {
        "id": "osm-node-7862944428",
        "name": "Bamanholi",
        "kind": "settlement",
        "population": null,
        "status": "VERIFIED LIVE",
        "source": "OpenStreetMap"
      }
    },
    {
      "type": "Feature",
      "geometry": {
        "type": "Point",
        "coordinates": [
          79.0848822,
          30.5364063
        ]
      },
      "properties": {
        "id": "osm-node-7862944429",
        "name": "Nala",
        "kind": "settlement",
        "population": null,
        "status": "VERIFIED LIVE",
        "source": "OpenStreetMap"
      }
    },
    {
      "type": "Feature",
      "geometry": {
        "type": "Point",
        "coordinates": [
          79.068871,
          30.5355918
        ]
      },
      "properties": {
        "id": "osm-node-7862944430",
        "name": "Devshal",
        "kind": "settlement",
        "population": null,
        "status": "VERIFIED LIVE",
        "source": "OpenStreetMap"
      }
    },
    {
      "type": "Feature",
      "geometry": {
        "type": "Point",
        "coordinates": [
          79.07377,
          30.5324482
        ]
      },
      "properties": {
        "id": "osm-node-7862944431",
        "name": "Rudrapur",
        "kind": "settlement",
        "population": null,
        "status": "VERIFIED LIVE",
        "source": "OpenStreetMap"
      }
    },
    {
      "type": "Feature",
      "geometry": {
        "type": "Point",
        "coordinates": [
          79.0810805,
          30.5257233
        ]
      },
      "properties": {
        "id": "osm-node-7862944432",
        "name": "Bhainsari",
        "kind": "settlement",
        "population": null,
        "status": "VERIFIED LIVE",
        "source": "OpenStreetMap"
      }
    },
    {
      "type": "Feature",
      "geometry": {
        "type": "Point",
        "coordinates": [
          79.0775373,
          30.5227598
        ]
      },
      "properties": {
        "id": "osm-node-7862944433",
        "name": "Sankri",
        "kind": "settlement",
        "population": null,
        "status": "VERIFIED LIVE",
        "source": "OpenStreetMap"
      }
    },
    {
      "type": "Feature",
      "geometry": {
        "type": "Point",
        "coordinates": [
          79.0882153,
          30.5090862
        ]
      },
      "properties": {
        "id": "osm-node-7862944434",
        "name": "Sansari",
        "kind": "settlement",
        "population": null,
        "status": "VERIFIED LIVE",
        "source": "OpenStreetMap"
      }
    },
    {
      "type": "Feature",
      "geometry": {
        "type": "Point",
        "coordinates": [
          79.0837376,
          30.5135026
        ]
      },
      "properties": {
        "id": "osm-node-7862944435",
        "name": "Sami",
        "kind": "settlement",
        "population": null,
        "status": "VERIFIED LIVE",
        "source": "OpenStreetMap"
      }
    },
    {
      "type": "Feature",
      "geometry": {
        "type": "Point",
        "coordinates": [
          79.0822236,
          30.5127004
        ]
      },
      "properties": {
        "id": "osm-node-7862944436",
        "name": "Tali",
        "kind": "settlement",
        "population": null,
        "status": "VERIFIED LIVE",
        "source": "OpenStreetMap"
      }
    },
    {
      "type": "Feature",
      "geometry": {
        "type": "Point",
        "coordinates": [
          79.0715949,
          30.5120813
        ]
      },
      "properties": {
        "id": "osm-node-7862944437",
        "name": "Jamlok",
        "kind": "settlement",
        "population": null,
        "status": "VERIFIED LIVE",
        "source": "OpenStreetMap"
      }
    },
    {
      "type": "Feature",
      "geometry": {
        "type": "Point",
        "coordinates": [
          79.0811386,
          30.5108385
        ]
      },
      "properties": {
        "id": "osm-node-7862944438",
        "name": "Dharsami",
        "kind": "settlement",
        "population": null,
        "status": "VERIFIED LIVE",
        "source": "OpenStreetMap"
      }
    },
    {
      "type": "Feature",
      "geometry": {
        "type": "Point",
        "coordinates": [
          79.0824495,
          30.5045444
        ]
      },
      "properties": {
        "id": "osm-node-7862944439",
        "name": "Kundchthani",
        "kind": "settlement",
        "population": null,
        "status": "VERIFIED LIVE",
        "source": "OpenStreetMap"
      }
    },
    {
      "type": "Feature",
      "geometry": {
        "type": "Point",
        "coordinates": [
          79.0819013,
          30.5067642
        ]
      },
      "properties": {
        "id": "osm-node-7862944440",
        "name": "Singoli",
        "kind": "settlement",
        "population": null,
        "status": "VERIFIED LIVE",
        "source": "OpenStreetMap"
      }
    },
    {
      "type": "Feature",
      "geometry": {
        "type": "Point",
        "coordinates": [
          79.0787992,
          30.5016252
        ]
      },
      "properties": {
        "id": "osm-node-7862944441",
        "name": "Pasalat",
        "kind": "settlement",
        "population": null,
        "status": "VERIFIED LIVE",
        "source": "OpenStreetMap"
      }
    },
    {
      "type": "Feature",
      "geometry": {
        "type": "Point",
        "coordinates": [
          79.0746277,
          30.5000087
        ]
      },
      "properties": {
        "id": "osm-node-7862944442",
        "name": "Phal",
        "kind": "settlement",
        "population": null,
        "status": "VERIFIED LIVE",
        "source": "OpenStreetMap"
      }
    },
    {
      "type": "Feature",
      "geometry": {
        "type": "Point",
        "coordinates": [
          79.0702898,
          30.5041475
        ]
      },
      "properties": {
        "id": "osm-node-7862944443",
        "name": "Namoli",
        "kind": "settlement",
        "population": null,
        "status": "VERIFIED LIVE",
        "source": "OpenStreetMap"
      }
    },
    {
      "type": "Feature",
      "geometry": {
        "type": "Point",
        "coordinates": [
          79.0631923,
          30.5046352
        ]
      },
      "properties": {
        "id": "osm-node-7862944444",
        "name": "Andrawari",
        "kind": "settlement",
        "population": null,
        "status": "VERIFIED LIVE",
        "source": "OpenStreetMap"
      }
    },
    {
      "type": "Feature",
      "geometry": {
        "type": "Point",
        "coordinates": [
          79.0535078,
          30.5093761
        ]
      },
      "properties": {
        "id": "osm-node-7862944445",
        "name": "Davangana",
        "kind": "settlement",
        "population": null,
        "status": "VERIFIED LIVE",
        "source": "OpenStreetMap"
      }
    },
    {
      "type": "Feature",
      "geometry": {
        "type": "Point",
        "coordinates": [
          79.0453053,
          30.5092265
        ]
      },
      "properties": {
        "id": "osm-node-7862944446",
        "name": "Selya",
        "kind": "settlement",
        "population": null,
        "status": "VERIFIED LIVE",
        "source": "OpenStreetMap"
      }
    },
    {
      "type": "Feature",
      "geometry": {
        "type": "Point",
        "coordinates": [
          79.0531696,
          30.5016454
        ]
      },
      "properties": {
        "id": "osm-node-7862944447",
        "name": "Lwani",
        "kind": "settlement",
        "population": null,
        "status": "VERIFIED LIVE",
        "source": "OpenStreetMap"
      }
    },
    {
      "type": "Feature",
      "geometry": {
        "type": "Point",
        "coordinates": [
          79.0411358,
          30.565931
        ]
      },
      "properties": {
        "id": "osm-node-7862954060",
        "name": "Unnamed settlement",
        "kind": "settlement",
        "population": null,
        "status": "VERIFIED LIVE",
        "source": "OpenStreetMap"
      }
    },
    {
      "type": "Feature",
      "geometry": {
        "type": "Point",
        "coordinates": [
          79.0375299,
          30.5645025
        ]
      },
      "properties": {
        "id": "osm-node-7862954061",
        "name": "Unnamed settlement",
        "kind": "settlement",
        "population": null,
        "status": "VERIFIED LIVE",
        "source": "OpenStreetMap"
      }
    },
    {
      "type": "Feature",
      "geometry": {
        "type": "Point",
        "coordinates": [
          79.0461327,
          30.5467504
        ]
      },
      "properties": {
        "id": "osm-node-7862954062",
        "name": "Tyuri",
        "kind": "settlement",
        "population": null,
        "status": "VERIFIED LIVE",
        "source": "OpenStreetMap"
      }
    },
    {
      "type": "Feature",
      "geometry": {
        "type": "Point",
        "coordinates": [
          79.0450363,
          30.5556635
        ]
      },
      "properties": {
        "id": "osm-node-7862954063",
        "name": "Semkurala",
        "kind": "settlement",
        "population": null,
        "status": "VERIFIED LIVE",
        "source": "OpenStreetMap"
      }
    },
    {
      "type": "Feature",
      "geometry": {
        "type": "Point",
        "coordinates": [
          79.0471944,
          30.5570486
        ]
      },
      "properties": {
        "id": "osm-node-7862954064",
        "name": "Korkhi Malla",
        "kind": "settlement",
        "population": null,
        "status": "VERIFIED LIVE",
        "source": "OpenStreetMap"
      }
    },
    {
      "type": "Feature",
      "geometry": {
        "type": "Point",
        "coordinates": [
          79.0541682,
          30.5590664
        ]
      },
      "properties": {
        "id": "osm-node-7862954065",
        "name": "Korkhi Talla",
        "kind": "settlement",
        "population": null,
        "status": "VERIFIED LIVE",
        "source": "OpenStreetMap"
      }
    },
    {
      "type": "Feature",
      "geometry": {
        "type": "Point",
        "coordinates": [
          79.0652649,
          30.5614937
        ]
      },
      "properties": {
        "id": "osm-node-7862954066",
        "name": "Byung",
        "kind": "settlement",
        "population": null,
        "status": "VERIFIED LIVE",
        "source": "OpenStreetMap"
      }
    },
    {
      "type": "Feature",
      "geometry": {
        "type": "Point",
        "coordinates": [
          79.0800827,
          30.5570269
        ]
      },
      "properties": {
        "id": "osm-node-7862954067",
        "name": "Ghatna",
        "kind": "settlement",
        "population": null,
        "status": "VERIFIED LIVE",
        "source": "OpenStreetMap"
      }
    },
    {
      "type": "Feature",
      "geometry": {
        "type": "Point",
        "coordinates": [
          79.0661253,
          30.5523029
        ]
      },
      "properties": {
        "id": "osm-node-7862954068",
        "name": "Jurani",
        "kind": "settlement",
        "population": null,
        "status": "VERIFIED LIVE",
        "source": "OpenStreetMap"
      }
    },
    {
      "type": "Feature",
      "geometry": {
        "type": "Point",
        "coordinates": [
          79.1361212,
          30.5924303
        ]
      },
      "properties": {
        "id": "osm-node-7862970294",
        "name": "Unnamed settlement",
        "kind": "settlement",
        "population": null,
        "status": "VERIFIED LIVE",
        "source": "OpenStreetMap"
      }
    },
    {
      "type": "Feature",
      "geometry": {
        "type": "Point",
        "coordinates": [
          79.137493,
          30.5960418
        ]
      },
      "properties": {
        "id": "osm-node-7862970295",
        "name": "Unnamed settlement",
        "kind": "settlement",
        "population": null,
        "status": "VERIFIED LIVE",
        "source": "OpenStreetMap"
      }
    },
    {
      "type": "Feature",
      "geometry": {
        "type": "Point",
        "coordinates": [
          79.0143869,
          30.5907093
        ]
      },
      "properties": {
        "id": "osm-node-7862970296",
        "name": "Unnamed settlement",
        "kind": "settlement",
        "population": null,
        "status": "VERIFIED LIVE",
        "source": "OpenStreetMap"
      }
    },
    {
      "type": "Feature",
      "geometry": {
        "type": "Point",
        "coordinates": [
          79.0378288,
          30.6089844
        ]
      },
      "properties": {
        "id": "osm-node-7862970297",
        "name": "Naini",
        "kind": "settlement",
        "population": null,
        "status": "VERIFIED LIVE",
        "source": "OpenStreetMap"
      }
    },
    {
      "type": "Feature",
      "geometry": {
        "type": "Point",
        "coordinates": [
          78.9504548,
          30.4803201
        ]
      },
      "properties": {
        "id": "osm-node-8231673109",
        "name": "Dijuli Bugyal",
        "kind": "settlement",
        "population": null,
        "status": "VERIFIED LIVE",
        "source": "OpenStreetMap"
      }
    },
    {
      "type": "Feature",
      "geometry": {
        "type": "Point",
        "coordinates": [
          78.9622888,
          30.5025305
        ]
      },
      "properties": {
        "id": "osm-node-8231679399",
        "name": "Unnamed settlement",
        "kind": "settlement",
        "population": null,
        "status": "VERIFIED LIVE",
        "source": "OpenStreetMap"
      }
    },
    {
      "type": "Feature",
      "geometry": {
        "type": "Point",
        "coordinates": [
          79.0205561,
          30.5324478
        ]
      },
      "properties": {
        "id": "osm-node-8231701248",
        "name": "Unnamed settlement",
        "kind": "settlement",
        "population": null,
        "status": "VERIFIED LIVE",
        "source": "OpenStreetMap"
      }
    },
    {
      "type": "Feature",
      "geometry": {
        "type": "Point",
        "coordinates": [
          79.0319136,
          30.4118149
        ]
      },
      "properties": {
        "id": "osm-node-8256476232",
        "name": "Government Hospital, Pathalidhar",
        "kind": "hospital",
        "population": null,
        "status": "VERIFIED LIVE",
        "source": "OpenStreetMap"
      }
    },
    {
      "type": "Feature",
      "geometry": {
        "type": "Point",
        "coordinates": [
          78.9271673,
          30.3487485
        ]
      },
      "properties": {
        "id": "osm-node-8256486598",
        "name": "Government Hospital, Jakhal Bhardar",
        "kind": "hospital",
        "population": null,
        "status": "VERIFIED LIVE",
        "source": "OpenStreetMap"
      }
    },
    {
      "type": "Feature",
      "geometry": {
        "type": "Point",
        "coordinates": [
          79.0561296,
          30.4392191
        ]
      },
      "properties": {
        "id": "osm-node-8256488869",
        "name": "Government Hospital, Basukedar",
        "kind": "hospital",
        "population": null,
        "status": "VERIFIED LIVE",
        "source": "OpenStreetMap"
      }
    },
    {
      "type": "Feature",
      "geometry": {
        "type": "Point",
        "coordinates": [
          79.1362881,
          30.4820658
        ]
      },
      "properties": {
        "id": "osm-node-8256506176",
        "name": "Government Hospital, Makku Math",
        "kind": "hospital",
        "population": null,
        "status": "VERIFIED LIVE",
        "source": "OpenStreetMap"
      }
    },
    {
      "type": "Feature",
      "geometry": {
        "type": "Point",
        "coordinates": [
          78.8912791,
          30.3554247
        ]
      },
      "properties": {
        "id": "osm-node-8424191193",
        "name": "Saklana",
        "kind": "settlement",
        "population": null,
        "status": "VERIFIED LIVE",
        "source": "OpenStreetMap"
      }
    },
    {
      "type": "Feature",
      "geometry": {
        "type": "Point",
        "coordinates": [
          78.862799,
          30.3686504
        ]
      },
      "properties": {
        "id": "osm-node-8424197385",
        "name": "Unnamed settlement",
        "kind": "settlement",
        "population": null,
        "status": "VERIFIED LIVE",
        "source": "OpenStreetMap"
      }
    },
    {
      "type": "Feature",
      "geometry": {
        "type": "Point",
        "coordinates": [
          78.8618535,
          30.3695243
        ]
      },
      "properties": {
        "id": "osm-node-9088916319",
        "name": "Unnamed settlement",
        "kind": "settlement",
        "population": null,
        "status": "VERIFIED LIVE",
        "source": "OpenStreetMap"
      }
    },
    {
      "type": "Feature",
      "geometry": {
        "type": "Point",
        "coordinates": [
          79.0698635,
          30.7245448
        ]
      },
      "properties": {
        "id": "osm-node-9841478658",
        "name": "Swami vikenand charitable hospital",
        "kind": "hospital",
        "population": null,
        "status": "VERIFIED LIVE",
        "source": "OpenStreetMap"
      }
    },
    {
      "type": "Feature",
      "geometry": {
        "type": "Point",
        "coordinates": [
          79.1369628,
          30.4729169
        ]
      },
      "properties": {
        "id": "osm-node-10901277323",
        "name": "Jagpura",
        "kind": "settlement",
        "population": null,
        "status": "VERIFIED LIVE",
        "source": "OpenStreetMap"
      }
    },
    {
      "type": "Feature",
      "geometry": {
        "type": "LineString",
        "coordinates": [
          [
            78.8508041,
            30.4093559
          ],
          [
            78.8510165,
            30.4093565
          ]
        ]
      },
      "properties": {
        "id": "osm-way-44818165",
        "name": "Unnamed bridge",
        "kind": "bridge",
        "population": null,
        "status": "VERIFIED LIVE",
        "source": "OpenStreetMap"
      }
    },
    {
      "type": "Feature",
      "geometry": {
        "type": "LineString",
        "coordinates": [
          [
            78.9733771,
            30.3437024
          ],
          [
            78.9737888,
            30.343282
          ]
        ]
      },
      "properties": {
        "id": "osm-way-44818175",
        "name": "Unnamed bridge",
        "kind": "bridge",
        "population": null,
        "status": "VERIFIED LIVE",
        "source": "OpenStreetMap"
      }
    },
    {
      "type": "Feature",
      "geometry": {
        "type": "LineString",
        "coordinates": [
          [
            79.04899,
            30.55296
          ],
          [
            79.04891,
            30.55326
          ]
        ]
      },
      "properties": {
        "id": "osm-way-44818246",
        "name": "Unnamed bridge",
        "kind": "bridge",
        "population": null,
        "status": "VERIFIED LIVE",
        "source": "OpenStreetMap"
      }
    },
    {
      "type": "Feature",
      "geometry": {
        "type": "LineString",
        "coordinates": [
          [
            79.0878596,
            30.5036242
          ],
          [
            79.0874624,
            30.5038782
          ]
        ]
      },
      "properties": {
        "id": "osm-way-91936084",
        "name": "Unnamed bridge",
        "kind": "bridge",
        "population": null,
        "status": "VERIFIED LIVE",
        "source": "OpenStreetMap"
      }
    },
    {
      "type": "Feature",
      "geometry": {
        "type": "LineString",
        "coordinates": [
          [
            79.0535444,
            30.6938805
          ],
          [
            79.0536681,
            30.6939523
          ]
        ]
      },
      "properties": {
        "id": "osm-way-226742075",
        "name": "Unnamed bridge",
        "kind": "bridge",
        "population": null,
        "status": "VERIFIED LIVE",
        "source": "OpenStreetMap"
      }
    },
    {
      "type": "Feature",
      "geometry": {
        "type": "LineString",
        "coordinates": [
          [
            78.9998221,
            30.6354756
          ],
          [
            78.9997354,
            30.6351651
          ]
        ]
      },
      "properties": {
        "id": "osm-way-226839275",
        "name": "Unnamed bridge",
        "kind": "bridge",
        "population": null,
        "status": "VERIFIED LIVE",
        "source": "OpenStreetMap"
      }
    },
    {
      "type": "Feature",
      "geometry": {
        "type": "LineString",
        "coordinates": [
          [
            79.0468594,
            30.6855696
          ],
          [
            79.0469519,
            30.6856224
          ]
        ]
      },
      "properties": {
        "id": "osm-way-226853105",
        "name": "Unnamed bridge",
        "kind": "bridge",
        "population": null,
        "status": "VERIFIED LIVE",
        "source": "OpenStreetMap"
      }
    },
    {
      "type": "Feature",
      "geometry": {
        "type": "LineString",
        "coordinates": [
          [
            79.0630997,
            30.7400989
          ],
          [
            79.0631042,
            30.7398949
          ]
        ]
      },
      "properties": {
        "id": "osm-way-226871056",
        "name": "Unnamed bridge",
        "kind": "bridge",
        "population": null,
        "status": "VERIFIED LIVE",
        "source": "OpenStreetMap"
      }
    },
    {
      "type": "Feature",
      "geometry": {
        "type": "LineString",
        "coordinates": [
          [
            79.0612911,
            30.5098392
          ],
          [
            79.0612824,
            30.5099805
          ]
        ]
      },
      "properties": {
        "id": "osm-way-227255171",
        "name": "Unnamed bridge",
        "kind": "bridge",
        "population": null,
        "status": "VERIFIED LIVE",
        "source": "OpenStreetMap"
      }
    },
    {
      "type": "Feature",
      "geometry": {
        "type": "LineString",
        "coordinates": [
          [
            79.0600182,
            30.5093944
          ],
          [
            79.0601249,
            30.5091267
          ]
        ]
      },
      "properties": {
        "id": "osm-way-227255173",
        "name": "Unnamed bridge",
        "kind": "bridge",
        "population": null,
        "status": "VERIFIED LIVE",
        "source": "OpenStreetMap"
      }
    },
    {
      "type": "Feature",
      "geometry": {
        "type": "LineString",
        "coordinates": [
          [
            79.0879792,
            30.5053822
          ],
          [
            79.0881672,
            30.5055725
          ]
        ]
      },
      "properties": {
        "id": "osm-way-227255175",
        "name": "Unnamed bridge",
        "kind": "bridge",
        "population": null,
        "status": "VERIFIED LIVE",
        "source": "OpenStreetMap"
      }
    },
    {
      "type": "Feature",
      "geometry": {
        "type": "LineString",
        "coordinates": [
          [
            79.0674498,
            30.7139228
          ],
          [
            79.0675387,
            30.7139272
          ]
        ]
      },
      "properties": {
        "id": "osm-way-227358802",
        "name": "Unnamed bridge",
        "kind": "bridge",
        "population": null,
        "status": "VERIFIED LIVE",
        "source": "OpenStreetMap"
      }
    },
    {
      "type": "Feature",
      "geometry": {
        "type": "LineString",
        "coordinates": [
          [
            79.0676143,
            30.7141581
          ],
          [
            79.0675193,
            30.7141635
          ]
        ]
      },
      "properties": {
        "id": "osm-way-227358810",
        "name": "Unnamed bridge",
        "kind": "bridge",
        "population": null,
        "status": "VERIFIED LIVE",
        "source": "OpenStreetMap"
      }
    },
    {
      "type": "Feature",
      "geometry": {
        "type": "LineString",
        "coordinates": [
          [
            79.0672242,
            30.7257827
          ],
          [
            79.0671553,
            30.7259204
          ]
        ]
      },
      "properties": {
        "id": "osm-way-227365255",
        "name": "Unnamed bridge",
        "kind": "bridge",
        "population": null,
        "status": "VERIFIED LIVE",
        "source": "OpenStreetMap"
      }
    },
    {
      "type": "Feature",
      "geometry": {
        "type": "LineString",
        "coordinates": [
          [
            79.0891671,
            30.4273862
          ],
          [
            79.0896488,
            30.4275763
          ]
        ]
      },
      "properties": {
        "id": "osm-way-227477544",
        "name": "Unnamed bridge",
        "kind": "bridge",
        "population": null,
        "status": "VERIFIED LIVE",
        "source": "OpenStreetMap"
      }
    },
    {
      "type": "Feature",
      "geometry": {
        "type": "LineString",
        "coordinates": [
          [
            79.1273954,
            30.4097433
          ],
          [
            79.1272575,
            30.4097846
          ]
        ]
      },
      "properties": {
        "id": "osm-way-227477545",
        "name": "Unnamed bridge",
        "kind": "bridge",
        "population": null,
        "status": "VERIFIED LIVE",
        "source": "OpenStreetMap"
      }
    },
    {
      "type": "Feature",
      "geometry": {
        "type": "LineString",
        "coordinates": [
          [
            79.069303,
            30.4250135
          ],
          [
            79.0693159,
            30.4253088
          ]
        ]
      },
      "properties": {
        "id": "osm-way-229336906",
        "name": "Unnamed bridge",
        "kind": "bridge",
        "population": null,
        "status": "VERIFIED LIVE",
        "source": "OpenStreetMap"
      }
    },
    {
      "type": "Feature",
      "geometry": {
        "type": "LineString",
        "coordinates": [
          [
            79.0463926,
            30.4175233
          ],
          [
            79.046374,
            30.4177161
          ]
        ]
      },
      "properties": {
        "id": "osm-way-229340490",
        "name": "Unnamed bridge",
        "kind": "bridge",
        "population": null,
        "status": "VERIFIED LIVE",
        "source": "OpenStreetMap"
      }
    },
    {
      "type": "Feature",
      "geometry": {
        "type": "LineString",
        "coordinates": [
          [
            79.0749852,
            30.4550635
          ],
          [
            79.07451,
            30.4556312
          ]
        ]
      },
      "properties": {
        "id": "osm-way-232060822",
        "name": "Unnamed bridge",
        "kind": "bridge",
        "population": null,
        "status": "VERIFIED LIVE",
        "source": "OpenStreetMap"
      }
    },
    {
      "type": "Feature",
      "geometry": {
        "type": "LineString",
        "coordinates": [
          [
            79.0222722,
            30.4757342
          ],
          [
            79.0222413,
            30.4754646
          ]
        ]
      },
      "properties": {
        "id": "osm-way-232175053",
        "name": "Unnamed bridge",
        "kind": "bridge",
        "population": null,
        "status": "VERIFIED LIVE",
        "source": "OpenStreetMap"
      }
    },
    {
      "type": "Feature",
      "geometry": {
        "type": "LineString",
        "coordinates": [
          [
            79.0417479,
            30.46907
          ],
          [
            79.0416025,
            30.4695567
          ]
        ]
      },
      "properties": {
        "id": "osm-way-232175054",
        "name": "Unnamed bridge",
        "kind": "bridge",
        "population": null,
        "status": "VERIFIED LIVE",
        "source": "OpenStreetMap"
      }
    },
    {
      "type": "Feature",
      "geometry": {
        "type": "LineString",
        "coordinates": [
          [
            78.9950377,
            30.3789965
          ],
          [
            78.99529,
            30.3790186
          ]
        ]
      },
      "properties": {
        "id": "osm-way-233231720",
        "name": "Unnamed bridge",
        "kind": "bridge",
        "population": null,
        "status": "VERIFIED LIVE",
        "source": "OpenStreetMap"
      }
    },
    {
      "type": "Feature",
      "geometry": {
        "type": "LineString",
        "coordinates": [
          [
            79.0126076,
            30.4349491
          ],
          [
            79.012777,
            30.4351003
          ],
          [
            79.0129857,
            30.4352281
          ]
        ]
      },
      "properties": {
        "id": "osm-way-233231722",
        "name": "Unnamed bridge",
        "kind": "bridge",
        "population": null,
        "status": "VERIFIED LIVE",
        "source": "OpenStreetMap"
      }
    },
    {
      "type": "Feature",
      "geometry": {
        "type": "LineString",
        "coordinates": [
          [
            78.8886857,
            30.375165
          ],
          [
            78.8886036,
            30.3749265
          ]
        ]
      },
      "properties": {
        "id": "osm-way-484337942",
        "name": "Unnamed bridge",
        "kind": "bridge",
        "population": null,
        "status": "VERIFIED LIVE",
        "source": "OpenStreetMap"
      }
    },
    {
      "type": "Feature",
      "geometry": {
        "type": "LineString",
        "coordinates": [
          [
            78.8737068,
            30.4105561
          ],
          [
            78.8739052,
            30.4107243
          ]
        ]
      },
      "properties": {
        "id": "osm-way-484338361",
        "name": "Unnamed bridge",
        "kind": "bridge",
        "population": null,
        "status": "VERIFIED LIVE",
        "source": "OpenStreetMap"
      }
    },
    {
      "type": "Feature",
      "geometry": {
        "type": "LineString",
        "coordinates": [
          [
            79.0823138,
            30.4680987
          ],
          [
            79.0820226,
            30.4683961
          ]
        ]
      },
      "properties": {
        "id": "osm-way-636382106",
        "name": "Unnamed bridge",
        "kind": "bridge",
        "population": null,
        "status": "VERIFIED LIVE",
        "source": "OpenStreetMap"
      }
    },
    {
      "type": "Feature",
      "geometry": {
        "type": "LineString",
        "coordinates": [
          [
            79.015308,
            30.3854514
          ],
          [
            79.0155441,
            30.3855347
          ]
        ]
      },
      "properties": {
        "id": "osm-way-636382108",
        "name": "Unnamed bridge",
        "kind": "bridge",
        "population": null,
        "status": "VERIFIED LIVE",
        "source": "OpenStreetMap"
      }
    },
    {
      "type": "Feature",
      "geometry": {
        "type": "LineString",
        "coordinates": [
          [
            79.0672249,
            30.731987
          ],
          [
            79.0670773,
            30.7322106
          ]
        ]
      },
      "properties": {
        "id": "osm-way-642353691",
        "name": "Gaurikund Kedarnath Trek",
        "kind": "bridge",
        "population": null,
        "status": "VERIFIED LIVE",
        "source": "OpenStreetMap"
      }
    },
    {
      "type": "Feature",
      "geometry": {
        "type": "LineString",
        "coordinates": [
          [
            79.0545434,
            30.694314
          ],
          [
            79.0546963,
            30.6941733
          ]
        ]
      },
      "properties": {
        "id": "osm-way-642396261",
        "name": "Gaurikund Kedarnath Trek",
        "kind": "bridge",
        "population": null,
        "status": "VERIFIED LIVE",
        "source": "OpenStreetMap"
      }
    },
    {
      "type": "Feature",
      "geometry": {
        "type": "LineString",
        "coordinates": [
          [
            79.0945398,
            30.5390088
          ],
          [
            79.0945083,
            30.5395088
          ]
        ]
      },
      "properties": {
        "id": "osm-way-652936270",
        "name": "Unnamed bridge",
        "kind": "bridge",
        "population": null,
        "status": "VERIFIED LIVE",
        "source": "OpenStreetMap"
      }
    },
    {
      "type": "Feature",
      "geometry": {
        "type": "LineString",
        "coordinates": [
          [
            79.0954202,
            30.5365888
          ],
          [
            79.0951467,
            30.536635
          ]
        ]
      },
      "properties": {
        "id": "osm-way-652940359",
        "name": "Unnamed bridge",
        "kind": "bridge",
        "population": null,
        "status": "VERIFIED LIVE",
        "source": "OpenStreetMap"
      }
    },
    {
      "type": "Feature",
      "geometry": {
        "type": "LineString",
        "coordinates": [
          [
            79.035218,
            30.5914151
          ],
          [
            79.0352851,
            30.5909556
          ]
        ]
      },
      "properties": {
        "id": "osm-way-652940360",
        "name": "Unnamed bridge",
        "kind": "bridge",
        "population": null,
        "status": "VERIFIED LIVE",
        "source": "OpenStreetMap"
      }
    },
    {
      "type": "Feature",
      "geometry": {
        "type": "LineString",
        "coordinates": [
          [
            79.079017,
            30.5933251
          ],
          [
            79.0789072,
            30.5932808
          ]
        ]
      },
      "properties": {
        "id": "osm-way-652942221",
        "name": "Unnamed bridge",
        "kind": "bridge",
        "population": null,
        "status": "VERIFIED LIVE",
        "source": "OpenStreetMap"
      }
    },
    {
      "type": "Feature",
      "geometry": {
        "type": "LineString",
        "coordinates": [
          [
            79.1647205,
            30.5432627
          ],
          [
            79.1645488,
            30.5431264
          ]
        ]
      },
      "properties": {
        "id": "osm-way-654639056",
        "name": "Unnamed bridge",
        "kind": "bridge",
        "population": null,
        "status": "VERIFIED LIVE",
        "source": "OpenStreetMap"
      }
    },
    {
      "type": "Feature",
      "geometry": {
        "type": "LineString",
        "coordinates": [
          [
            78.895075,
            30.4679561
          ],
          [
            78.8950857,
            30.468289
          ]
        ]
      },
      "properties": {
        "id": "osm-way-684802373",
        "name": "Unnamed bridge",
        "kind": "bridge",
        "population": null,
        "status": "VERIFIED LIVE",
        "source": "OpenStreetMap"
      }
    },
    {
      "type": "Feature",
      "geometry": {
        "type": "LineString",
        "coordinates": [
          [
            79.0992813,
            30.5370693
          ],
          [
            79.0983519,
            30.5370185
          ],
          [
            79.0980756,
            30.5369353
          ]
        ]
      },
      "properties": {
        "id": "osm-way-684812586",
        "name": "Unnamed bridge",
        "kind": "bridge",
        "population": null,
        "status": "VERIFIED LIVE",
        "source": "OpenStreetMap"
      }
    },
    {
      "type": "Feature",
      "geometry": {
        "type": "LineString",
        "coordinates": [
          [
            79.0171852,
            30.6052382
          ],
          [
            79.0173713,
            30.6051843
          ]
        ]
      },
      "properties": {
        "id": "osm-way-686083252",
        "name": "Unnamed bridge",
        "kind": "bridge",
        "population": null,
        "status": "VERIFIED LIVE",
        "source": "OpenStreetMap"
      }
    },
    {
      "type": "Feature",
      "geometry": {
        "type": "LineString",
        "coordinates": [
          [
            79.019981,
            30.5945241
          ],
          [
            79.0201145,
            30.5942804
          ]
        ]
      },
      "properties": {
        "id": "osm-way-686083253",
        "name": "Unnamed bridge",
        "kind": "bridge",
        "population": null,
        "status": "VERIFIED LIVE",
        "source": "OpenStreetMap"
      }
    },
    {
      "type": "Feature",
      "geometry": {
        "type": "LineString",
        "coordinates": [
          [
            79.0229601,
            30.582418
          ],
          [
            79.0232367,
            30.58228
          ]
        ]
      },
      "properties": {
        "id": "osm-way-686083254",
        "name": "Unnamed bridge",
        "kind": "bridge",
        "population": null,
        "status": "VERIFIED LIVE",
        "source": "OpenStreetMap"
      }
    },
    {
      "type": "Feature",
      "geometry": {
        "type": "LineString",
        "coordinates": [
          [
            79.0402412,
            30.5766775
          ],
          [
            79.0402818,
            30.5765927
          ]
        ]
      },
      "properties": {
        "id": "osm-way-686083259",
        "name": "Unnamed bridge",
        "kind": "bridge",
        "population": null,
        "status": "VERIFIED LIVE",
        "source": "OpenStreetMap"
      }
    },
    {
      "type": "Feature",
      "geometry": {
        "type": "LineString",
        "coordinates": [
          [
            79.0341961,
            30.5745356
          ],
          [
            79.0341961,
            30.5744548
          ]
        ]
      },
      "properties": {
        "id": "osm-way-686083263",
        "name": "Unnamed bridge",
        "kind": "bridge",
        "population": null,
        "status": "VERIFIED LIVE",
        "source": "OpenStreetMap"
      }
    },
    {
      "type": "Feature",
      "geometry": {
        "type": "LineString",
        "coordinates": [
          [
            79.0321094,
            30.573023
          ],
          [
            79.0319189,
            30.5731362
          ]
        ]
      },
      "properties": {
        "id": "osm-way-686083265",
        "name": "Unnamed bridge",
        "kind": "bridge",
        "population": null,
        "status": "VERIFIED LIVE",
        "source": "OpenStreetMap"
      }
    },
    {
      "type": "Feature",
      "geometry": {
        "type": "LineString",
        "coordinates": [
          [
            79.0653051,
            30.7058006
          ],
          [
            79.0652474,
            30.7058623
          ]
        ]
      },
      "properties": {
        "id": "osm-way-686103734",
        "name": "Gaurikund Kedarnath Trek",
        "kind": "bridge",
        "population": null,
        "status": "VERIFIED LIVE",
        "source": "OpenStreetMap"
      }
    },
    {
      "type": "Feature",
      "geometry": {
        "type": "LineString",
        "coordinates": [
          [
            79.0411678,
            30.6759743
          ],
          [
            79.0412155,
            30.6760499
          ]
        ]
      },
      "properties": {
        "id": "osm-way-686103744",
        "name": "Gaurikund Kedarnath Trek",
        "kind": "bridge",
        "population": null,
        "status": "VERIFIED LIVE",
        "source": "OpenStreetMap"
      }
    },
    {
      "type": "Feature",
      "geometry": {
        "type": "LineString",
        "coordinates": [
          [
            79.0382662,
            30.6704299
          ],
          [
            79.0383114,
            30.6704819
          ]
        ]
      },
      "properties": {
        "id": "osm-way-686103753",
        "name": "Gaurikund Kedarnath Trek",
        "kind": "bridge",
        "population": null,
        "status": "VERIFIED LIVE",
        "source": "OpenStreetMap"
      }
    },
    {
      "type": "Feature",
      "geometry": {
        "type": "LineString",
        "coordinates": [
          [
            79.0284643,
            30.6562583
          ],
          [
            79.0283422,
            30.6562053
          ]
        ]
      },
      "properties": {
        "id": "osm-way-686103756",
        "name": "Unnamed bridge",
        "kind": "bridge",
        "population": null,
        "status": "VERIFIED LIVE",
        "source": "OpenStreetMap"
      }
    },
    {
      "type": "Feature",
      "geometry": {
        "type": "LineString",
        "coordinates": [
          [
            79.0329388,
            30.6607285
          ],
          [
            79.0329951,
            30.6607653
          ]
        ]
      },
      "properties": {
        "id": "osm-way-686103760",
        "name": "Gaurikund Kedarnath Trek",
        "kind": "bridge",
        "population": null,
        "status": "VERIFIED LIVE",
        "source": "OpenStreetMap"
      }
    },
    {
      "type": "Feature",
      "geometry": {
        "type": "LineString",
        "coordinates": [
          [
            79.028157,
            30.6563297
          ],
          [
            79.028247,
            30.656451
          ]
        ]
      },
      "properties": {
        "id": "osm-way-686103763",
        "name": "Gaurikund Kedarnath Trek",
        "kind": "bridge",
        "population": null,
        "status": "VERIFIED LIVE",
        "source": "OpenStreetMap"
      }
    },
    {
      "type": "Feature",
      "geometry": {
        "type": "LineString",
        "coordinates": [
          [
            78.980674,
            30.6501552
          ],
          [
            78.9803629,
            30.650131
          ]
        ]
      },
      "properties": {
        "id": "osm-way-686174812",
        "name": "Unnamed bridge",
        "kind": "bridge",
        "population": null,
        "status": "VERIFIED LIVE",
        "source": "OpenStreetMap"
      }
    },
    {
      "type": "Feature",
      "geometry": {
        "type": "LineString",
        "coordinates": [
          [
            78.9174438,
            30.4217474
          ],
          [
            78.9175337,
            30.4217227
          ]
        ]
      },
      "properties": {
        "id": "osm-way-862786417",
        "name": "Unnamed bridge",
        "kind": "bridge",
        "population": null,
        "status": "VERIFIED LIVE",
        "source": "OpenStreetMap"
      }
    },
    {
      "type": "Feature",
      "geometry": {
        "type": "LineString",
        "coordinates": [
          [
            78.9187409,
            30.465133
          ],
          [
            78.9191094,
            30.4648728
          ]
        ]
      },
      "properties": {
        "id": "osm-way-862786419",
        "name": "Unnamed bridge",
        "kind": "bridge",
        "population": null,
        "status": "VERIFIED LIVE",
        "source": "OpenStreetMap"
      }
    },
    {
      "type": "Feature",
      "geometry": {
        "type": "LineString",
        "coordinates": [
          [
            78.973278,
            30.3517362
          ],
          [
            78.9730382,
            30.3521351
          ]
        ]
      },
      "properties": {
        "id": "osm-way-862786422",
        "name": "Unnamed bridge",
        "kind": "bridge",
        "population": null,
        "status": "VERIFIED LIVE",
        "source": "OpenStreetMap"
      }
    },
    {
      "type": "Feature",
      "geometry": {
        "type": "LineString",
        "coordinates": [
          [
            78.8391483,
            30.4039526
          ],
          [
            78.839097,
            30.4040175
          ]
        ]
      },
      "properties": {
        "id": "osm-way-862786424",
        "name": "Unnamed bridge",
        "kind": "bridge",
        "population": null,
        "status": "VERIFIED LIVE",
        "source": "OpenStreetMap"
      }
    },
    {
      "type": "Feature",
      "geometry": {
        "type": "LineString",
        "coordinates": [
          [
            78.8604165,
            30.4044895
          ],
          [
            78.8602671,
            30.4042116
          ]
        ]
      },
      "properties": {
        "id": "osm-way-862786426",
        "name": "Unnamed bridge",
        "kind": "bridge",
        "population": null,
        "status": "VERIFIED LIVE",
        "source": "OpenStreetMap"
      }
    },
    {
      "type": "Feature",
      "geometry": {
        "type": "LineString",
        "coordinates": [
          [
            79.0850934,
            30.4901718
          ],
          [
            79.085281,
            30.4906734
          ]
        ]
      },
      "properties": {
        "id": "osm-way-913515359",
        "name": "Unnamed bridge",
        "kind": "bridge",
        "population": null,
        "status": "VERIFIED LIVE",
        "source": "OpenStreetMap"
      }
    },
    {
      "type": "Feature",
      "geometry": {
        "type": "LineString",
        "coordinates": [
          [
            79.0647336,
            30.4784129
          ],
          [
            79.0646466,
            30.478377
          ]
        ]
      },
      "properties": {
        "id": "osm-way-913515363",
        "name": "Unnamed bridge",
        "kind": "bridge",
        "population": null,
        "status": "VERIFIED LIVE",
        "source": "OpenStreetMap"
      }
    },
    {
      "type": "Feature",
      "geometry": {
        "type": "LineString",
        "coordinates": [
          [
            78.8931655,
            30.4386055
          ],
          [
            78.8932591,
            30.4386328
          ],
          [
            78.8934234,
            30.4386808
          ]
        ]
      },
      "properties": {
        "id": "osm-way-922701479",
        "name": "Unnamed bridge",
        "kind": "bridge",
        "population": null,
        "status": "VERIFIED LIVE",
        "source": "OpenStreetMap"
      }
    },
    {
      "type": "Feature",
      "geometry": {
        "type": "LineString",
        "coordinates": [
          [
            78.8977785,
            30.4680466
          ],
          [
            78.8978004,
            30.4680947
          ]
        ]
      },
      "properties": {
        "id": "osm-way-922701482",
        "name": "Unnamed bridge",
        "kind": "bridge",
        "population": null,
        "status": "VERIFIED LIVE",
        "source": "OpenStreetMap"
      }
    },
    {
      "type": "Feature",
      "geometry": {
        "type": "LineString",
        "coordinates": [
          [
            78.914124,
            30.464063
          ],
          [
            78.9141413,
            30.4643459
          ]
        ]
      },
      "properties": {
        "id": "osm-way-922701486",
        "name": "Unnamed bridge",
        "kind": "bridge",
        "population": null,
        "status": "VERIFIED LIVE",
        "source": "OpenStreetMap"
      }
    },
    {
      "type": "Feature",
      "geometry": {
        "type": "LineString",
        "coordinates": [
          [
            79.0416688,
            30.4003048
          ],
          [
            79.0417349,
            30.4009028
          ]
        ]
      },
      "properties": {
        "id": "osm-way-975136763",
        "name": "Unnamed bridge",
        "kind": "bridge",
        "population": null,
        "status": "VERIFIED LIVE",
        "source": "OpenStreetMap"
      }
    },
    {
      "type": "Feature",
      "geometry": {
        "type": "LineString",
        "coordinates": [
          [
            79.0388723,
            30.5760267
          ],
          [
            79.0389338,
            30.5759654
          ]
        ]
      },
      "properties": {
        "id": "osm-way-1037465934",
        "name": "Phata to Dhargaon",
        "kind": "bridge",
        "population": null,
        "status": "VERIFIED LIVE",
        "source": "OpenStreetMap"
      }
    },
    {
      "type": "Feature",
      "geometry": {
        "type": "LineString",
        "coordinates": [
          [
            78.9168142,
            30.4937197
          ],
          [
            78.9169246,
            30.4937107
          ],
          [
            78.9170667,
            30.4937049
          ],
          [
            78.917225,
            30.4936882
          ]
        ]
      },
      "properties": {
        "id": "osm-way-1040068850",
        "name": "Unnamed bridge",
        "kind": "bridge",
        "population": null,
        "status": "VERIFIED LIVE",
        "source": "OpenStreetMap"
      }
    },
    {
      "type": "Feature",
      "geometry": {
        "type": "LineString",
        "coordinates": [
          [
            79.1111346,
            30.4915213
          ],
          [
            79.1110913,
            30.4915713
          ]
        ]
      },
      "properties": {
        "id": "osm-way-1044253532",
        "name": "Unnamed bridge",
        "kind": "bridge",
        "population": null,
        "status": "VERIFIED LIVE",
        "source": "OpenStreetMap"
      }
    },
    {
      "type": "Feature",
      "geometry": {
        "type": "LineString",
        "coordinates": [
          [
            79.1268594,
            30.4224707
          ],
          [
            79.1268784,
            30.4220812
          ]
        ]
      },
      "properties": {
        "id": "osm-way-1046311061",
        "name": "Unnamed bridge",
        "kind": "bridge",
        "population": null,
        "status": "VERIFIED LIVE",
        "source": "OpenStreetMap"
      }
    },
    {
      "type": "Feature",
      "geometry": {
        "type": "LineString",
        "coordinates": [
          [
            79.139902,
            30.484778
          ],
          [
            79.1397304,
            30.4846393
          ]
        ]
      },
      "properties": {
        "id": "osm-way-1056309239",
        "name": "Unnamed bridge",
        "kind": "bridge",
        "population": null,
        "status": "VERIFIED LIVE",
        "source": "OpenStreetMap"
      }
    },
    {
      "type": "Feature",
      "geometry": {
        "type": "LineString",
        "coordinates": [
          [
            79.0750999,
            30.3779911
          ],
          [
            79.0750124,
            30.377957
          ]
        ]
      },
      "properties": {
        "id": "osm-way-1065903502",
        "name": "Unnamed bridge",
        "kind": "bridge",
        "population": null,
        "status": "VERIFIED LIVE",
        "source": "OpenStreetMap"
      }
    },
    {
      "type": "Feature",
      "geometry": {
        "type": "LineString",
        "coordinates": [
          [
            79.0741967,
            30.388659
          ],
          [
            79.0743381,
            30.3887223
          ]
        ]
      },
      "properties": {
        "id": "osm-way-1065903506",
        "name": "Unnamed bridge",
        "kind": "bridge",
        "population": null,
        "status": "VERIFIED LIVE",
        "source": "OpenStreetMap"
      }
    },
    {
      "type": "Feature",
      "geometry": {
        "type": "LineString",
        "coordinates": [
          [
            79.0447052,
            30.3818264
          ],
          [
            79.0448926,
            30.381819
          ]
        ]
      },
      "properties": {
        "id": "osm-way-1069560063",
        "name": "Unnamed bridge",
        "kind": "bridge",
        "population": null,
        "status": "VERIFIED LIVE",
        "source": "OpenStreetMap"
      }
    },
    {
      "type": "Feature",
      "geometry": {
        "type": "LineString",
        "coordinates": [
          [
            78.9996892,
            30.6239767
          ],
          [
            79.0000797,
            30.6239177
          ]
        ]
      },
      "properties": {
        "id": "osm-way-1074704909",
        "name": "Unnamed bridge",
        "kind": "bridge",
        "population": null,
        "status": "VERIFIED LIVE",
        "source": "OpenStreetMap"
      }
    },
    {
      "type": "Feature",
      "geometry": {
        "type": "LineString",
        "coordinates": [
          [
            78.9754317,
            30.4872371
          ],
          [
            78.9753877,
            30.4871208
          ]
        ]
      },
      "properties": {
        "id": "osm-way-1076350090",
        "name": "Unnamed bridge",
        "kind": "bridge",
        "population": null,
        "status": "VERIFIED LIVE",
        "source": "OpenStreetMap"
      }
    },
    {
      "type": "Feature",
      "geometry": {
        "type": "LineString",
        "coordinates": [
          [
            79.0210454,
            30.4362325
          ],
          [
            79.0211018,
            30.4361744
          ]
        ]
      },
      "properties": {
        "id": "osm-way-1076350099",
        "name": "Unnamed bridge",
        "kind": "bridge",
        "population": null,
        "status": "VERIFIED LIVE",
        "source": "OpenStreetMap"
      }
    },
    {
      "type": "Feature",
      "geometry": {
        "type": "LineString",
        "coordinates": [
          [
            78.9681476,
            30.4206914
          ],
          [
            78.9682244,
            30.4207002
          ]
        ]
      },
      "properties": {
        "id": "osm-way-1078493446",
        "name": "Unnamed bridge",
        "kind": "bridge",
        "population": null,
        "status": "VERIFIED LIVE",
        "source": "OpenStreetMap"
      }
    },
    {
      "type": "Feature",
      "geometry": {
        "type": "LineString",
        "coordinates": [
          [
            78.9800401,
            30.423448
          ],
          [
            78.980114,
            30.4234429
          ]
        ]
      },
      "properties": {
        "id": "osm-way-1078493448",
        "name": "Unnamed bridge",
        "kind": "bridge",
        "population": null,
        "status": "VERIFIED LIVE",
        "source": "OpenStreetMap"
      }
    },
    {
      "type": "Feature",
      "geometry": {
        "type": "LineString",
        "coordinates": [
          [
            78.9681432,
            30.4173815
          ],
          [
            78.9680716,
            30.4174339
          ]
        ]
      },
      "properties": {
        "id": "osm-way-1078493451",
        "name": "Unnamed bridge",
        "kind": "bridge",
        "population": null,
        "status": "VERIFIED LIVE",
        "source": "OpenStreetMap"
      }
    },
    {
      "type": "Feature",
      "geometry": {
        "type": "LineString",
        "coordinates": [
          [
            78.8775632,
            30.3874245
          ],
          [
            78.87743,
            30.3874505
          ]
        ]
      },
      "properties": {
        "id": "osm-way-1078493458",
        "name": "Unnamed bridge",
        "kind": "bridge",
        "population": null,
        "status": "VERIFIED LIVE",
        "source": "OpenStreetMap"
      }
    },
    {
      "type": "Feature",
      "geometry": {
        "type": "LineString",
        "coordinates": [
          [
            78.9921469,
            30.4071777
          ],
          [
            78.992502,
            30.4071698
          ]
        ]
      },
      "properties": {
        "id": "osm-way-1078493462",
        "name": "Unnamed bridge",
        "kind": "bridge",
        "population": null,
        "status": "VERIFIED LIVE",
        "source": "OpenStreetMap"
      }
    },
    {
      "type": "Feature",
      "geometry": {
        "type": "LineString",
        "coordinates": [
          [
            78.9713208,
            30.4225408
          ],
          [
            78.9713749,
            30.4226087
          ]
        ]
      },
      "properties": {
        "id": "osm-way-1078493464",
        "name": "Unnamed bridge",
        "kind": "bridge",
        "population": null,
        "status": "VERIFIED LIVE",
        "source": "OpenStreetMap"
      }
    },
    {
      "type": "Feature",
      "geometry": {
        "type": "LineString",
        "coordinates": [
          [
            79.0574278,
            30.4140154
          ],
          [
            79.0573516,
            30.4139779
          ]
        ]
      },
      "properties": {
        "id": "osm-way-1078509343",
        "name": "Unnamed bridge",
        "kind": "bridge",
        "population": null,
        "status": "VERIFIED LIVE",
        "source": "OpenStreetMap"
      }
    },
    {
      "type": "Feature",
      "geometry": {
        "type": "LineString",
        "coordinates": [
          [
            79.067078,
            30.4297985
          ],
          [
            79.0670451,
            30.4297213
          ]
        ]
      },
      "properties": {
        "id": "osm-way-1078509347",
        "name": "Unnamed bridge",
        "kind": "bridge",
        "population": null,
        "status": "VERIFIED LIVE",
        "source": "OpenStreetMap"
      }
    },
    {
      "type": "Feature",
      "geometry": {
        "type": "LineString",
        "coordinates": [
          [
            79.0693552,
            30.4303395
          ],
          [
            79.0688443,
            30.4307151
          ]
        ]
      },
      "properties": {
        "id": "osm-way-1078509348",
        "name": "Unnamed bridge",
        "kind": "bridge",
        "population": null,
        "status": "VERIFIED LIVE",
        "source": "OpenStreetMap"
      }
    },
    {
      "type": "Feature",
      "geometry": {
        "type": "LineString",
        "coordinates": [
          [
            79.0523345,
            30.442625
          ],
          [
            79.052298,
            30.4427329
          ]
        ]
      },
      "properties": {
        "id": "osm-way-1078509357",
        "name": "Unnamed bridge",
        "kind": "bridge",
        "population": null,
        "status": "VERIFIED LIVE",
        "source": "OpenStreetMap"
      }
    },
    {
      "type": "Feature",
      "geometry": {
        "type": "LineString",
        "coordinates": [
          [
            79.0546003,
            30.4339275
          ],
          [
            79.0545041,
            30.4338885
          ]
        ]
      },
      "properties": {
        "id": "osm-way-1078509359",
        "name": "Unnamed bridge",
        "kind": "bridge",
        "population": null,
        "status": "VERIFIED LIVE",
        "source": "OpenStreetMap"
      }
    },
    {
      "type": "Feature",
      "geometry": {
        "type": "LineString",
        "coordinates": [
          [
            79.0578001,
            30.4429648
          ],
          [
            79.0578867,
            30.4429086
          ]
        ]
      },
      "properties": {
        "id": "osm-way-1078509361",
        "name": "Unnamed bridge",
        "kind": "bridge",
        "population": null,
        "status": "VERIFIED LIVE",
        "source": "OpenStreetMap"
      }
    },
    {
      "type": "Feature",
      "geometry": {
        "type": "LineString",
        "coordinates": [
          [
            79.0908122,
            30.5283919
          ],
          [
            79.091405,
            30.5281862
          ]
        ]
      },
      "properties": {
        "id": "osm-way-1078509368",
        "name": "Unnamed bridge",
        "kind": "bridge",
        "population": null,
        "status": "VERIFIED LIVE",
        "source": "OpenStreetMap"
      }
    },
    {
      "type": "Feature",
      "geometry": {
        "type": "LineString",
        "coordinates": [
          [
            79.1493101,
            30.5129672
          ],
          [
            79.1492216,
            30.5129683
          ],
          [
            79.1489875,
            30.5129567
          ]
        ]
      },
      "properties": {
        "id": "osm-way-1078509371",
        "name": "Unnamed bridge",
        "kind": "bridge",
        "population": null,
        "status": "VERIFIED LIVE",
        "source": "OpenStreetMap"
      }
    },
    {
      "type": "Feature",
      "geometry": {
        "type": "LineString",
        "coordinates": [
          [
            79.0839533,
            30.5094002
          ],
          [
            79.08376,
            30.50975
          ]
        ]
      },
      "properties": {
        "id": "osm-way-1078509373",
        "name": "Unnamed bridge",
        "kind": "bridge",
        "population": null,
        "status": "VERIFIED LIVE",
        "source": "OpenStreetMap"
      }
    },
    {
      "type": "Feature",
      "geometry": {
        "type": "LineString",
        "coordinates": [
          [
            79.1517535,
            30.5163775
          ],
          [
            79.1516106,
            30.5164398
          ]
        ]
      },
      "properties": {
        "id": "osm-way-1078509375",
        "name": "Unnamed bridge",
        "kind": "bridge",
        "population": null,
        "status": "VERIFIED LIVE",
        "source": "OpenStreetMap"
      }
    },
    {
      "type": "Feature",
      "geometry": {
        "type": "LineString",
        "coordinates": [
          [
            79.1770156,
            30.501195
          ],
          [
            79.1769818,
            30.5013895
          ]
        ]
      },
      "properties": {
        "id": "osm-way-1078509377",
        "name": "Unnamed bridge",
        "kind": "bridge",
        "population": null,
        "status": "VERIFIED LIVE",
        "source": "OpenStreetMap"
      }
    },
    {
      "type": "Feature",
      "geometry": {
        "type": "LineString",
        "coordinates": [
          [
            79.1627886,
            30.5074601
          ],
          [
            79.1628298,
            30.5078896
          ]
        ]
      },
      "properties": {
        "id": "osm-way-1078509379",
        "name": "Unnamed bridge",
        "kind": "bridge",
        "population": null,
        "status": "VERIFIED LIVE",
        "source": "OpenStreetMap"
      }
    },
    {
      "type": "Feature",
      "geometry": {
        "type": "LineString",
        "coordinates": [
          [
            78.9560686,
            30.3405282
          ],
          [
            78.9560588,
            30.3404634
          ]
        ]
      },
      "properties": {
        "id": "osm-way-1080064221",
        "name": "Unnamed bridge",
        "kind": "bridge",
        "population": null,
        "status": "VERIFIED LIVE",
        "source": "OpenStreetMap"
      }
    },
    {
      "type": "Feature",
      "geometry": {
        "type": "LineString",
        "coordinates": [
          [
            78.9518867,
            30.3194886
          ],
          [
            78.951928,
            30.3194136
          ]
        ]
      },
      "properties": {
        "id": "osm-way-1080067829",
        "name": "Unnamed bridge",
        "kind": "bridge",
        "population": null,
        "status": "VERIFIED LIVE",
        "source": "OpenStreetMap"
      }
    },
    {
      "type": "Feature",
      "geometry": {
        "type": "LineString",
        "coordinates": [
          [
            79.187479,
            30.607426
          ],
          [
            79.188033,
            30.6072529
          ]
        ]
      },
      "properties": {
        "id": "osm-way-1098680971",
        "name": "Panpatia Col",
        "kind": "bridge",
        "population": null,
        "status": "VERIFIED LIVE",
        "source": "OpenStreetMap"
      }
    },
    {
      "type": "Feature",
      "geometry": {
        "type": "LineString",
        "coordinates": [
          [
            79.1300659,
            30.5648117
          ],
          [
            79.1302278,
            30.5638688
          ]
        ]
      },
      "properties": {
        "id": "osm-way-1098680976",
        "name": "Unnamed bridge",
        "kind": "bridge",
        "population": null,
        "status": "VERIFIED LIVE",
        "source": "OpenStreetMap"
      }
    },
    {
      "type": "Feature",
      "geometry": {
        "type": "LineString",
        "coordinates": [
          [
            79.1340023,
            30.5484338
          ],
          [
            79.1345374,
            30.5481362
          ]
        ]
      },
      "properties": {
        "id": "osm-way-1098680978",
        "name": "Unnamed bridge",
        "kind": "bridge",
        "population": null,
        "status": "VERIFIED LIVE",
        "source": "OpenStreetMap"
      }
    },
    {
      "type": "Feature",
      "geometry": {
        "type": "LineString",
        "coordinates": [
          [
            79.1701071,
            30.4681438
          ],
          [
            79.1701071,
            30.46807
          ]
        ]
      },
      "properties": {
        "id": "osm-way-1098680992",
        "name": "Unnamed bridge",
        "kind": "bridge",
        "population": null,
        "status": "VERIFIED LIVE",
        "source": "OpenStreetMap"
      }
    },
    {
      "type": "Feature",
      "geometry": {
        "type": "LineString",
        "coordinates": [
          [
            79.0775916,
            30.6022086
          ],
          [
            79.0778423,
            30.6024291
          ]
        ]
      },
      "properties": {
        "id": "osm-way-1098681001",
        "name": "Unnamed bridge",
        "kind": "bridge",
        "population": null,
        "status": "VERIFIED LIVE",
        "source": "OpenStreetMap"
      }
    },
    {
      "type": "Feature",
      "geometry": {
        "type": "LineString",
        "coordinates": [
          [
            79.0826024,
            30.5664766
          ],
          [
            79.0822218,
            30.5665883
          ]
        ]
      },
      "properties": {
        "id": "osm-way-1098681003",
        "name": "Unnamed bridge",
        "kind": "bridge",
        "population": null,
        "status": "VERIFIED LIVE",
        "source": "OpenStreetMap"
      }
    },
    {
      "type": "Feature",
      "geometry": {
        "type": "LineString",
        "coordinates": [
          [
            79.0052195,
            30.6373676
          ],
          [
            79.0051459,
            30.6373492
          ]
        ]
      },
      "properties": {
        "id": "osm-way-1164068086",
        "name": "Unnamed bridge",
        "kind": "bridge",
        "population": null,
        "status": "VERIFIED LIVE",
        "source": "OpenStreetMap"
      }
    },
    {
      "type": "Feature",
      "geometry": {
        "type": "LineString",
        "coordinates": [
          [
            78.9852909,
            30.4831393
          ],
          [
            78.9854313,
            30.4831639
          ],
          [
            78.9856854,
            30.4831606
          ]
        ]
      },
      "properties": {
        "id": "osm-way-1215611551",
        "name": "Unnamed bridge",
        "kind": "bridge",
        "population": null,
        "status": "VERIFIED LIVE",
        "source": "OpenStreetMap"
      }
    },
    {
      "type": "Feature",
      "geometry": {
        "type": "LineString",
        "coordinates": [
          [
            78.9849548,
            30.4849999
          ],
          [
            78.9850232,
            30.4850045
          ],
          [
            78.9852492,
            30.4847231
          ]
        ]
      },
      "properties": {
        "id": "osm-way-1215611571",
        "name": "Unnamed bridge",
        "kind": "bridge",
        "population": null,
        "status": "VERIFIED LIVE",
        "source": "OpenStreetMap"
      }
    },
    {
      "type": "Feature",
      "geometry": {
        "type": "LineString",
        "coordinates": [
          [
            79.0529563,
            30.4084724
          ],
          [
            79.0530027,
            30.4084019
          ]
        ]
      },
      "properties": {
        "id": "osm-way-1251276542",
        "name": "Unnamed bridge",
        "kind": "bridge",
        "population": null,
        "status": "VERIFIED LIVE",
        "source": "OpenStreetMap"
      }
    },
    {
      "type": "Feature",
      "geometry": {
        "type": "LineString",
        "coordinates": [
          [
            78.92397,
            30.3656854
          ],
          [
            78.9242924,
            30.3655337
          ]
        ]
      },
      "properties": {
        "id": "osm-way-1251276548",
        "name": "Unnamed bridge",
        "kind": "bridge",
        "population": null,
        "status": "VERIFIED LIVE",
        "source": "OpenStreetMap"
      }
    },
    {
      "type": "Feature",
      "geometry": {
        "type": "LineString",
        "coordinates": [
          [
            78.9815991,
            30.3672655
          ],
          [
            78.9816786,
            30.3673088
          ]
        ]
      },
      "properties": {
        "id": "osm-way-1251276555",
        "name": "Unnamed bridge",
        "kind": "bridge",
        "population": null,
        "status": "VERIFIED LIVE",
        "source": "OpenStreetMap"
      }
    },
    {
      "type": "Feature",
      "geometry": {
        "type": "LineString",
        "coordinates": [
          [
            78.9853691,
            30.368642
          ],
          [
            78.985408,
            30.3681926
          ]
        ]
      },
      "properties": {
        "id": "osm-way-1251276557",
        "name": "Unnamed bridge",
        "kind": "bridge",
        "population": null,
        "status": "VERIFIED LIVE",
        "source": "OpenStreetMap"
      }
    },
    {
      "type": "Feature",
      "geometry": {
        "type": "LineString",
        "coordinates": [
          [
            78.8772687,
            30.3885931
          ],
          [
            78.8770454,
            30.3886164
          ]
        ]
      },
      "properties": {
        "id": "osm-way-1251276574",
        "name": "Unnamed bridge",
        "kind": "bridge",
        "population": null,
        "status": "VERIFIED LIVE",
        "source": "OpenStreetMap"
      }
    },
    {
      "type": "Feature",
      "geometry": {
        "type": "LineString",
        "coordinates": [
          [
            78.8617457,
            30.3818864
          ],
          [
            78.8617648,
            30.381804
          ]
        ]
      },
      "properties": {
        "id": "osm-way-1251276576",
        "name": "Unnamed bridge",
        "kind": "bridge",
        "population": null,
        "status": "VERIFIED LIVE",
        "source": "OpenStreetMap"
      }
    },
    {
      "type": "Feature",
      "geometry": {
        "type": "LineString",
        "coordinates": [
          [
            78.9891873,
            30.3671491
          ],
          [
            78.9896477,
            30.3669288
          ]
        ]
      },
      "properties": {
        "id": "osm-way-1251276580",
        "name": "Unnamed bridge",
        "kind": "bridge",
        "population": null,
        "status": "VERIFIED LIVE",
        "source": "OpenStreetMap"
      }
    },
    {
      "type": "Feature",
      "geometry": {
        "type": "LineString",
        "coordinates": [
          [
            78.9691657,
            30.3361461
          ],
          [
            78.9692373,
            30.336567
          ]
        ]
      },
      "properties": {
        "id": "osm-way-1254105373",
        "name": "Unnamed bridge",
        "kind": "bridge",
        "population": null,
        "status": "VERIFIED LIVE",
        "source": "OpenStreetMap"
      }
    },
    {
      "type": "Feature",
      "geometry": {
        "type": "LineString",
        "coordinates": [
          [
            79.0905827,
            30.5209557
          ],
          [
            79.0903804,
            30.5206728
          ]
        ]
      },
      "properties": {
        "id": "osm-way-1280226524",
        "name": "Unnamed bridge",
        "kind": "bridge",
        "population": null,
        "status": "VERIFIED LIVE",
        "source": "OpenStreetMap"
      }
    },
    {
      "type": "Feature",
      "geometry": {
        "type": "LineString",
        "coordinates": [
          [
            79.0938925,
            30.5186084
          ],
          [
            79.0939623,
            30.5186626
          ]
        ]
      },
      "properties": {
        "id": "osm-way-1280226526",
        "name": "Unnamed bridge",
        "kind": "bridge",
        "population": null,
        "status": "VERIFIED LIVE",
        "source": "OpenStreetMap"
      }
    },
    {
      "type": "Feature",
      "geometry": {
        "type": "LineString",
        "coordinates": [
          [
            79.0949468,
            30.5194454
          ],
          [
            79.0950204,
            30.5195943
          ]
        ]
      },
      "properties": {
        "id": "osm-way-1280226529",
        "name": "Unnamed bridge",
        "kind": "bridge",
        "population": null,
        "status": "VERIFIED LIVE",
        "source": "OpenStreetMap"
      }
    },
    {
      "type": "Feature",
      "geometry": {
        "type": "LineString",
        "coordinates": [
          [
            79.0997223,
            30.5176582
          ],
          [
            79.0996389,
            30.5175561
          ]
        ]
      },
      "properties": {
        "id": "osm-way-1280226531",
        "name": "Unnamed bridge",
        "kind": "bridge",
        "population": null,
        "status": "VERIFIED LIVE",
        "source": "OpenStreetMap"
      }
    },
    {
      "type": "Feature",
      "geometry": {
        "type": "LineString",
        "coordinates": [
          [
            79.1004364,
            30.5172402
          ],
          [
            79.1003809,
            30.5171585
          ]
        ]
      },
      "properties": {
        "id": "osm-way-1280226533",
        "name": "Unnamed bridge",
        "kind": "bridge",
        "population": null,
        "status": "VERIFIED LIVE",
        "source": "OpenStreetMap"
      }
    },
    {
      "type": "Feature",
      "geometry": {
        "type": "LineString",
        "coordinates": [
          [
            79.0980283,
            30.5162211
          ],
          [
            79.0980494,
            30.5163076
          ]
        ]
      },
      "properties": {
        "id": "osm-way-1280226536",
        "name": "Unnamed bridge",
        "kind": "bridge",
        "population": null,
        "status": "VERIFIED LIVE",
        "source": "OpenStreetMap"
      }
    },
    {
      "type": "Feature",
      "geometry": {
        "type": "LineString",
        "coordinates": [
          [
            79.09567,
            30.519338
          ],
          [
            79.0956353,
            30.5192619
          ]
        ]
      },
      "properties": {
        "id": "osm-way-1280226539",
        "name": "Unnamed bridge",
        "kind": "bridge",
        "population": null,
        "status": "VERIFIED LIVE",
        "source": "OpenStreetMap"
      }
    },
    {
      "type": "Feature",
      "geometry": {
        "type": "LineString",
        "coordinates": [
          [
            79.0959242,
            30.5175883
          ],
          [
            79.0958323,
            30.5175482
          ]
        ]
      },
      "properties": {
        "id": "osm-way-1280226542",
        "name": "Unnamed bridge",
        "kind": "bridge",
        "population": null,
        "status": "VERIFIED LIVE",
        "source": "OpenStreetMap"
      }
    },
    {
      "type": "Feature",
      "geometry": {
        "type": "LineString",
        "coordinates": [
          [
            79.0983472,
            30.5183959
          ],
          [
            79.0983307,
            30.518316
          ]
        ]
      },
      "properties": {
        "id": "osm-way-1280226546",
        "name": "Unnamed bridge",
        "kind": "bridge",
        "population": null,
        "status": "VERIFIED LIVE",
        "source": "OpenStreetMap"
      }
    },
    {
      "type": "Feature",
      "geometry": {
        "type": "LineString",
        "coordinates": [
          [
            79.0971479,
            30.5182117
          ],
          [
            79.0971543,
            30.5181307
          ]
        ]
      },
      "properties": {
        "id": "osm-way-1280226549",
        "name": "Unnamed bridge",
        "kind": "bridge",
        "population": null,
        "status": "VERIFIED LIVE",
        "source": "OpenStreetMap"
      }
    },
    {
      "type": "Feature",
      "geometry": {
        "type": "LineString",
        "coordinates": [
          [
            79.0985203,
            30.5182954
          ],
          [
            79.0985153,
            30.5183762
          ]
        ]
      },
      "properties": {
        "id": "osm-way-1280226550",
        "name": "Unnamed bridge",
        "kind": "bridge",
        "population": null,
        "status": "VERIFIED LIVE",
        "source": "OpenStreetMap"
      }
    },
    {
      "type": "Feature",
      "geometry": {
        "type": "LineString",
        "coordinates": [
          [
            79.0797381,
            30.5545651
          ],
          [
            79.0791739,
            30.5544838
          ]
        ]
      },
      "properties": {
        "id": "osm-way-1280226566",
        "name": "Unnamed bridge",
        "kind": "bridge",
        "population": null,
        "status": "VERIFIED LIVE",
        "source": "OpenStreetMap"
      }
    },
    {
      "type": "Feature",
      "geometry": {
        "type": "LineString",
        "coordinates": [
          [
            79.0784649,
            30.5462027
          ],
          [
            79.0785476,
            30.5461585
          ]
        ]
      },
      "properties": {
        "id": "osm-way-1280226570",
        "name": "Unnamed bridge",
        "kind": "bridge",
        "population": null,
        "status": "VERIFIED LIVE",
        "source": "OpenStreetMap"
      }
    },
    {
      "type": "Feature",
      "geometry": {
        "type": "LineString",
        "coordinates": [
          [
            79.0783653,
            30.5431875
          ],
          [
            79.0783653,
            30.5431055
          ]
        ]
      },
      "properties": {
        "id": "osm-way-1280226574",
        "name": "Unnamed bridge",
        "kind": "bridge",
        "population": null,
        "status": "VERIFIED LIVE",
        "source": "OpenStreetMap"
      }
    },
    {
      "type": "Feature",
      "geometry": {
        "type": "LineString",
        "coordinates": [
          [
            79.085231,
            30.5617137
          ],
          [
            79.0848276,
            30.5619595
          ]
        ]
      },
      "properties": {
        "id": "osm-way-1280226582",
        "name": "Unnamed bridge",
        "kind": "bridge",
        "population": null,
        "status": "VERIFIED LIVE",
        "source": "OpenStreetMap"
      }
    },
    {
      "type": "Feature",
      "geometry": {
        "type": "LineString",
        "coordinates": [
          [
            78.8486133,
            30.4123125
          ],
          [
            78.8484687,
            30.4121122
          ]
        ]
      },
      "properties": {
        "id": "osm-way-1280241088",
        "name": "Unnamed bridge",
        "kind": "bridge",
        "population": null,
        "status": "VERIFIED LIVE",
        "source": "OpenStreetMap"
      }
    },
    {
      "type": "Feature",
      "geometry": {
        "type": "LineString",
        "coordinates": [
          [
            78.8624268,
            30.3997944
          ],
          [
            78.8623305,
            30.3998054
          ]
        ]
      },
      "properties": {
        "id": "osm-way-1280241091",
        "name": "Unnamed bridge",
        "kind": "bridge",
        "population": null,
        "status": "VERIFIED LIVE",
        "source": "OpenStreetMap"
      }
    },
    {
      "type": "Feature",
      "geometry": {
        "type": "LineString",
        "coordinates": [
          [
            78.8611795,
            30.4030747
          ],
          [
            78.8612883,
            30.4030796
          ]
        ]
      },
      "properties": {
        "id": "osm-way-1280241094",
        "name": "Unnamed bridge",
        "kind": "bridge",
        "population": null,
        "status": "VERIFIED LIVE",
        "source": "OpenStreetMap"
      }
    },
    {
      "type": "Feature",
      "geometry": {
        "type": "LineString",
        "coordinates": [
          [
            78.8689307,
            30.4012058
          ],
          [
            78.8689006,
            30.4012857
          ]
        ]
      },
      "properties": {
        "id": "osm-way-1280241103",
        "name": "Unnamed bridge",
        "kind": "bridge",
        "population": null,
        "status": "VERIFIED LIVE",
        "source": "OpenStreetMap"
      }
    },
    {
      "type": "Feature",
      "geometry": {
        "type": "LineString",
        "coordinates": [
          [
            79.0890768,
            30.3660553
          ],
          [
            79.0891975,
            30.3660461
          ]
        ]
      },
      "properties": {
        "id": "osm-way-1339360622",
        "name": "Unnamed bridge",
        "kind": "bridge",
        "population": null,
        "status": "VERIFIED LIVE",
        "source": "OpenStreetMap"
      }
    },
    {
      "type": "Feature",
      "geometry": {
        "type": "LineString",
        "coordinates": [
          [
            79.0636343,
            30.7375935
          ],
          [
            79.0636597,
            30.7375157
          ]
        ]
      },
      "properties": {
        "id": "osm-way-1339485309",
        "name": "Unnamed bridge",
        "kind": "bridge",
        "population": null,
        "status": "VERIFIED LIVE",
        "source": "OpenStreetMap"
      }
    },
    {
      "type": "Feature",
      "geometry": {
        "type": "LineString",
        "coordinates": [
          [
            79.0675518,
            30.715481
          ],
          [
            79.0676462,
            30.7154928
          ]
        ]
      },
      "properties": {
        "id": "osm-way-1339485313",
        "name": "Unnamed bridge",
        "kind": "bridge",
        "population": null,
        "status": "VERIFIED LIVE",
        "source": "OpenStreetMap"
      }
    },
    {
      "type": "Feature",
      "geometry": {
        "type": "LineString",
        "coordinates": [
          [
            79.0648112,
            30.7109703
          ],
          [
            79.0648854,
            30.7110221
          ]
        ]
      },
      "properties": {
        "id": "osm-way-1339485316",
        "name": "Unnamed bridge",
        "kind": "bridge",
        "population": null,
        "status": "VERIFIED LIVE",
        "source": "OpenStreetMap"
      }
    },
    {
      "type": "Feature",
      "geometry": {
        "type": "LineString",
        "coordinates": [
          [
            79.0663045,
            30.713544
          ],
          [
            79.0663973,
            30.7135321
          ]
        ]
      },
      "properties": {
        "id": "osm-way-1339485318",
        "name": "Unnamed bridge",
        "kind": "bridge",
        "population": null,
        "status": "VERIFIED LIVE",
        "source": "OpenStreetMap"
      }
    },
    {
      "type": "Feature",
      "geometry": {
        "type": "LineString",
        "coordinates": [
          [
            79.05457,
            30.5110515
          ],
          [
            79.0544449,
            30.5109924
          ],
          [
            79.0543319,
            30.5109298
          ]
        ]
      },
      "properties": {
        "id": "osm-way-1339591559",
        "name": "Unnamed bridge",
        "kind": "bridge",
        "population": null,
        "status": "VERIFIED LIVE",
        "source": "OpenStreetMap"
      }
    },
    {
      "type": "Feature",
      "geometry": {
        "type": "LineString",
        "coordinates": [
          [
            79.0651651,
            30.5157606
          ],
          [
            79.0650954,
            30.5155763
          ]
        ]
      },
      "properties": {
        "id": "osm-way-1339591692",
        "name": "Unnamed bridge",
        "kind": "bridge",
        "population": null,
        "status": "VERIFIED LIVE",
        "source": "OpenStreetMap"
      }
    },
    {
      "type": "Feature",
      "geometry": {
        "type": "LineString",
        "coordinates": [
          [
            79.068323,
            30.7332278
          ],
          [
            79.0684104,
            30.7332313
          ]
        ]
      },
      "properties": {
        "id": "osm-way-1339817378",
        "name": "Unnamed bridge",
        "kind": "bridge",
        "population": null,
        "status": "VERIFIED LIVE",
        "source": "OpenStreetMap"
      }
    },
    {
      "type": "Feature",
      "geometry": {
        "type": "LineString",
        "coordinates": [
          [
            79.0654372,
            30.7330366
          ],
          [
            79.0654428,
            30.7329577
          ]
        ]
      },
      "properties": {
        "id": "osm-way-1340251928",
        "name": "Chorabari Tal Road",
        "kind": "bridge",
        "population": null,
        "status": "VERIFIED LIVE",
        "source": "OpenStreetMap"
      }
    },
    {
      "type": "Feature",
      "geometry": {
        "type": "LineString",
        "coordinates": [
          [
            78.8914271,
            30.3743189
          ],
          [
            78.8915026,
            30.3743007
          ]
        ]
      },
      "properties": {
        "id": "osm-way-1354963548",
        "name": "Unnamed bridge",
        "kind": "bridge",
        "population": null,
        "status": "VERIFIED LIVE",
        "source": "OpenStreetMap"
      }
    },
    {
      "type": "Feature",
      "geometry": {
        "type": "LineString",
        "coordinates": [
          [
            79.0580562,
            30.3595092
          ],
          [
            79.0581586,
            30.3595845
          ]
        ]
      },
      "properties": {
        "id": "osm-way-1390759366",
        "name": "Unnamed bridge",
        "kind": "bridge",
        "population": null,
        "status": "VERIFIED LIVE",
        "source": "OpenStreetMap"
      }
    },
    {
      "type": "Feature",
      "geometry": {
        "type": "LineString",
        "coordinates": [
          [
            79.069085,
            30.3531298
          ],
          [
            79.0692462,
            30.3530463
          ]
        ]
      },
      "properties": {
        "id": "osm-way-1390763425",
        "name": "Unnamed bridge",
        "kind": "bridge",
        "population": null,
        "status": "VERIFIED LIVE",
        "source": "OpenStreetMap"
      }
    },
    {
      "type": "Feature",
      "geometry": {
        "type": "LineString",
        "coordinates": [
          [
            79.0657238,
            30.7334788
          ],
          [
            79.0655409,
            30.7333949
          ]
        ]
      },
      "properties": {
        "id": "osm-way-1500249238",
        "name": "Unnamed bridge",
        "kind": "bridge",
        "population": null,
        "status": "VERIFIED LIVE",
        "source": "OpenStreetMap"
      }
    },
    {
      "type": "Feature",
      "geometry": {
        "type": "LineString",
        "coordinates": [
          [
            79.0682123,
            30.7355022
          ],
          [
            79.0682921,
            30.7354955
          ]
        ]
      },
      "properties": {
        "id": "osm-way-1500249239",
        "name": "Bhairavnath  Temple Road",
        "kind": "bridge",
        "population": null,
        "status": "VERIFIED LIVE",
        "source": "OpenStreetMap"
      }
    },
    {
      "type": "Feature",
      "geometry": {
        "type": "LineString",
        "coordinates": [
          [
            79.0684424,
            30.7322516
          ],
          [
            79.0684221,
            30.7323305
          ]
        ]
      },
      "properties": {
        "id": "osm-way-1500249242",
        "name": "Unnamed bridge",
        "kind": "bridge",
        "population": null,
        "status": "VERIFIED LIVE",
        "source": "OpenStreetMap"
      }
    },
    {
      "type": "Feature",
      "geometry": {
        "type": "LineString",
        "coordinates": [
          [
            79.0681536,
            30.73029
          ],
          [
            79.0681377,
            30.7303706
          ]
        ]
      },
      "properties": {
        "id": "osm-way-1500249244",
        "name": "Gaurikund Kedarnath Trek",
        "kind": "bridge",
        "population": null,
        "status": "VERIFIED LIVE",
        "source": "OpenStreetMap"
      }
    },
    {
      "type": "Feature",
      "geometry": {
        "type": "LineString",
        "coordinates": [
          [
            79.0658146,
            30.7325067
          ],
          [
            79.0659417,
            30.7326535
          ]
        ]
      },
      "properties": {
        "id": "osm-way-1500249246",
        "name": "Unnamed bridge",
        "kind": "bridge",
        "population": null,
        "status": "VERIFIED LIVE",
        "source": "OpenStreetMap"
      }
    },
    {
      "type": "Feature",
      "geometry": {
        "type": "LineString",
        "coordinates": [
          [
            78.8508041,
            30.4093559
          ],
          [
            78.8510165,
            30.4093565
          ]
        ]
      },
      "properties": {
        "id": "osm-road-44818165",
        "name": "Mapped road segment",
        "kind": "road",
        "population": null,
        "status": "VERIFIED LIVE",
        "source": "OpenStreetMap"
      }
    },
    {
      "type": "Feature",
      "geometry": {
        "type": "LineString",
        "coordinates": [
          [
            78.9733771,
            30.3437024
          ],
          [
            78.9737888,
            30.343282
          ]
        ]
      },
      "properties": {
        "id": "osm-road-44818175",
        "name": "Mapped road segment",
        "kind": "road",
        "population": null,
        "status": "VERIFIED LIVE",
        "source": "OpenStreetMap"
      }
    },
    {
      "type": "Feature",
      "geometry": {
        "type": "LineString",
        "coordinates": [
          [
            79.04899,
            30.55296
          ],
          [
            79.04891,
            30.55326
          ]
        ]
      },
      "properties": {
        "id": "osm-road-44818246",
        "name": "Mapped road segment",
        "kind": "road",
        "population": null,
        "status": "VERIFIED LIVE",
        "source": "OpenStreetMap"
      }
    },
    {
      "type": "Feature",
      "geometry": {
        "type": "LineString",
        "coordinates": [
          [
            79.0878596,
            30.5036242
          ],
          [
            79.0874624,
            30.5038782
          ]
        ]
      },
      "properties": {
        "id": "osm-road-91936084",
        "name": "Mapped road segment",
        "kind": "road",
        "population": null,
        "status": "VERIFIED LIVE",
        "source": "OpenStreetMap"
      }
    },
    {
      "type": "Feature",
      "geometry": {
        "type": "LineString",
        "coordinates": [
          [
            79.0535444,
            30.6938805
          ],
          [
            79.0536681,
            30.6939523
          ]
        ]
      },
      "properties": {
        "id": "osm-road-226742075",
        "name": "Mapped road segment",
        "kind": "road",
        "population": null,
        "status": "VERIFIED LIVE",
        "source": "OpenStreetMap"
      }
    },
    {
      "type": "Feature",
      "geometry": {
        "type": "LineString",
        "coordinates": [
          [
            78.9998221,
            30.6354756
          ],
          [
            78.9997354,
            30.6351651
          ]
        ]
      },
      "properties": {
        "id": "osm-road-226839275",
        "name": "Mapped road segment",
        "kind": "road",
        "population": null,
        "status": "VERIFIED LIVE",
        "source": "OpenStreetMap"
      }
    },
    {
      "type": "Feature",
      "geometry": {
        "type": "LineString",
        "coordinates": [
          [
            79.0468594,
            30.6855696
          ],
          [
            79.0469519,
            30.6856224
          ]
        ]
      },
      "properties": {
        "id": "osm-road-226853105",
        "name": "Mapped road segment",
        "kind": "road",
        "population": null,
        "status": "VERIFIED LIVE",
        "source": "OpenStreetMap"
      }
    },
    {
      "type": "Feature",
      "geometry": {
        "type": "LineString",
        "coordinates": [
          [
            79.0630997,
            30.7400989
          ],
          [
            79.0631042,
            30.7398949
          ]
        ]
      },
      "properties": {
        "id": "osm-road-226871056",
        "name": "Mapped road segment",
        "kind": "road",
        "population": null,
        "status": "VERIFIED LIVE",
        "source": "OpenStreetMap"
      }
    },
    {
      "type": "Feature",
      "geometry": {
        "type": "LineString",
        "coordinates": [
          [
            79.0612911,
            30.5098392
          ],
          [
            79.0612824,
            30.5099805
          ]
        ]
      },
      "properties": {
        "id": "osm-road-227255171",
        "name": "Mapped road segment",
        "kind": "road",
        "population": null,
        "status": "VERIFIED LIVE",
        "source": "OpenStreetMap"
      }
    },
    {
      "type": "Feature",
      "geometry": {
        "type": "LineString",
        "coordinates": [
          [
            79.0600182,
            30.5093944
          ],
          [
            79.0601249,
            30.5091267
          ]
        ]
      },
      "properties": {
        "id": "osm-road-227255173",
        "name": "Mapped road segment",
        "kind": "road",
        "population": null,
        "status": "VERIFIED LIVE",
        "source": "OpenStreetMap"
      }
    },
    {
      "type": "Feature",
      "geometry": {
        "type": "LineString",
        "coordinates": [
          [
            79.0879792,
            30.5053822
          ],
          [
            79.0881672,
            30.5055725
          ]
        ]
      },
      "properties": {
        "id": "osm-road-227255175",
        "name": "Mapped road segment",
        "kind": "road",
        "population": null,
        "status": "VERIFIED LIVE",
        "source": "OpenStreetMap"
      }
    },
    {
      "type": "Feature",
      "geometry": {
        "type": "LineString",
        "coordinates": [
          [
            79.0674498,
            30.7139228
          ],
          [
            79.0675387,
            30.7139272
          ]
        ]
      },
      "properties": {
        "id": "osm-road-227358802",
        "name": "Mapped road segment",
        "kind": "road",
        "population": null,
        "status": "VERIFIED LIVE",
        "source": "OpenStreetMap"
      }
    },
    {
      "type": "Feature",
      "geometry": {
        "type": "LineString",
        "coordinates": [
          [
            79.0676143,
            30.7141581
          ],
          [
            79.0675193,
            30.7141635
          ]
        ]
      },
      "properties": {
        "id": "osm-road-227358810",
        "name": "Mapped road segment",
        "kind": "road",
        "population": null,
        "status": "VERIFIED LIVE",
        "source": "OpenStreetMap"
      }
    },
    {
      "type": "Feature",
      "geometry": {
        "type": "LineString",
        "coordinates": [
          [
            79.0672242,
            30.7257827
          ],
          [
            79.0671553,
            30.7259204
          ]
        ]
      },
      "properties": {
        "id": "osm-road-227365255",
        "name": "Mapped road segment",
        "kind": "road",
        "population": null,
        "status": "VERIFIED LIVE",
        "source": "OpenStreetMap"
      }
    },
    {
      "type": "Feature",
      "geometry": {
        "type": "LineString",
        "coordinates": [
          [
            79.0891671,
            30.4273862
          ],
          [
            79.0896488,
            30.4275763
          ]
        ]
      },
      "properties": {
        "id": "osm-road-227477544",
        "name": "Mapped road segment",
        "kind": "road",
        "population": null,
        "status": "VERIFIED LIVE",
        "source": "OpenStreetMap"
      }
    },
    {
      "type": "Feature",
      "geometry": {
        "type": "LineString",
        "coordinates": [
          [
            79.1273954,
            30.4097433
          ],
          [
            79.1272575,
            30.4097846
          ]
        ]
      },
      "properties": {
        "id": "osm-road-227477545",
        "name": "Mapped road segment",
        "kind": "road",
        "population": null,
        "status": "VERIFIED LIVE",
        "source": "OpenStreetMap"
      }
    },
    {
      "type": "Feature",
      "geometry": {
        "type": "LineString",
        "coordinates": [
          [
            79.069303,
            30.4250135
          ],
          [
            79.0693159,
            30.4253088
          ]
        ]
      },
      "properties": {
        "id": "osm-road-229336906",
        "name": "Mapped road segment",
        "kind": "road",
        "population": null,
        "status": "VERIFIED LIVE",
        "source": "OpenStreetMap"
      }
    },
    {
      "type": "Feature",
      "geometry": {
        "type": "LineString",
        "coordinates": [
          [
            79.0463926,
            30.4175233
          ],
          [
            79.046374,
            30.4177161
          ]
        ]
      },
      "properties": {
        "id": "osm-road-229340490",
        "name": "Mapped road segment",
        "kind": "road",
        "population": null,
        "status": "VERIFIED LIVE",
        "source": "OpenStreetMap"
      }
    },
    {
      "type": "Feature",
      "geometry": {
        "type": "LineString",
        "coordinates": [
          [
            79.0749852,
            30.4550635
          ],
          [
            79.07451,
            30.4556312
          ]
        ]
      },
      "properties": {
        "id": "osm-road-232060822",
        "name": "Mapped road segment",
        "kind": "road",
        "population": null,
        "status": "VERIFIED LIVE",
        "source": "OpenStreetMap"
      }
    },
    {
      "type": "Feature",
      "geometry": {
        "type": "LineString",
        "coordinates": [
          [
            79.0222722,
            30.4757342
          ],
          [
            79.0222413,
            30.4754646
          ]
        ]
      },
      "properties": {
        "id": "osm-road-232175053",
        "name": "Mapped road segment",
        "kind": "road",
        "population": null,
        "status": "VERIFIED LIVE",
        "source": "OpenStreetMap"
      }
    },
    {
      "type": "Feature",
      "geometry": {
        "type": "LineString",
        "coordinates": [
          [
            79.0417479,
            30.46907
          ],
          [
            79.0416025,
            30.4695567
          ]
        ]
      },
      "properties": {
        "id": "osm-road-232175054",
        "name": "Mapped road segment",
        "kind": "road",
        "population": null,
        "status": "VERIFIED LIVE",
        "source": "OpenStreetMap"
      }
    },
    {
      "type": "Feature",
      "geometry": {
        "type": "LineString",
        "coordinates": [
          [
            78.9950377,
            30.3789965
          ],
          [
            78.99529,
            30.3790186
          ]
        ]
      },
      "properties": {
        "id": "osm-road-233231720",
        "name": "Mapped road segment",
        "kind": "road",
        "population": null,
        "status": "VERIFIED LIVE",
        "source": "OpenStreetMap"
      }
    },
    {
      "type": "Feature",
      "geometry": {
        "type": "LineString",
        "coordinates": [
          [
            79.0126076,
            30.4349491
          ],
          [
            79.012777,
            30.4351003
          ],
          [
            79.0129857,
            30.4352281
          ]
        ]
      },
      "properties": {
        "id": "osm-road-233231722",
        "name": "Mapped road segment",
        "kind": "road",
        "population": null,
        "status": "VERIFIED LIVE",
        "source": "OpenStreetMap"
      }
    },
    {
      "type": "Feature",
      "geometry": {
        "type": "LineString",
        "coordinates": [
          [
            78.8886857,
            30.375165
          ],
          [
            78.8886036,
            30.3749265
          ]
        ]
      },
      "properties": {
        "id": "osm-road-484337942",
        "name": "Mapped road segment",
        "kind": "road",
        "population": null,
        "status": "VERIFIED LIVE",
        "source": "OpenStreetMap"
      }
    },
    {
      "type": "Feature",
      "geometry": {
        "type": "LineString",
        "coordinates": [
          [
            78.8737068,
            30.4105561
          ],
          [
            78.8739052,
            30.4107243
          ]
        ]
      },
      "properties": {
        "id": "osm-road-484338361",
        "name": "Mapped road segment",
        "kind": "road",
        "population": null,
        "status": "VERIFIED LIVE",
        "source": "OpenStreetMap"
      }
    },
    {
      "type": "Feature",
      "geometry": {
        "type": "LineString",
        "coordinates": [
          [
            79.0823138,
            30.4680987
          ],
          [
            79.0820226,
            30.4683961
          ]
        ]
      },
      "properties": {
        "id": "osm-road-636382106",
        "name": "Mapped road segment",
        "kind": "road",
        "population": null,
        "status": "VERIFIED LIVE",
        "source": "OpenStreetMap"
      }
    },
    {
      "type": "Feature",
      "geometry": {
        "type": "LineString",
        "coordinates": [
          [
            79.015308,
            30.3854514
          ],
          [
            79.0155441,
            30.3855347
          ]
        ]
      },
      "properties": {
        "id": "osm-road-636382108",
        "name": "Mapped road segment",
        "kind": "road",
        "population": null,
        "status": "VERIFIED LIVE",
        "source": "OpenStreetMap"
      }
    },
    {
      "type": "Feature",
      "geometry": {
        "type": "LineString",
        "coordinates": [
          [
            79.0672249,
            30.731987
          ],
          [
            79.0670773,
            30.7322106
          ]
        ]
      },
      "properties": {
        "id": "osm-road-642353691",
        "name": "Gaurikund Kedarnath Trek",
        "kind": "road",
        "population": null,
        "status": "VERIFIED LIVE",
        "source": "OpenStreetMap"
      }
    },
    {
      "type": "Feature",
      "geometry": {
        "type": "LineString",
        "coordinates": [
          [
            79.0545434,
            30.694314
          ],
          [
            79.0546963,
            30.6941733
          ]
        ]
      },
      "properties": {
        "id": "osm-road-642396261",
        "name": "Gaurikund Kedarnath Trek",
        "kind": "road",
        "population": null,
        "status": "VERIFIED LIVE",
        "source": "OpenStreetMap"
      }
    },
    {
      "type": "Feature",
      "geometry": {
        "type": "LineString",
        "coordinates": [
          [
            79.0945398,
            30.5390088
          ],
          [
            79.0945083,
            30.5395088
          ]
        ]
      },
      "properties": {
        "id": "osm-road-652936270",
        "name": "Mapped road segment",
        "kind": "road",
        "population": null,
        "status": "VERIFIED LIVE",
        "source": "OpenStreetMap"
      }
    },
    {
      "type": "Feature",
      "geometry": {
        "type": "LineString",
        "coordinates": [
          [
            79.0954202,
            30.5365888
          ],
          [
            79.0951467,
            30.536635
          ]
        ]
      },
      "properties": {
        "id": "osm-road-652940359",
        "name": "Mapped road segment",
        "kind": "road",
        "population": null,
        "status": "VERIFIED LIVE",
        "source": "OpenStreetMap"
      }
    },
    {
      "type": "Feature",
      "geometry": {
        "type": "LineString",
        "coordinates": [
          [
            79.035218,
            30.5914151
          ],
          [
            79.0352851,
            30.5909556
          ]
        ]
      },
      "properties": {
        "id": "osm-road-652940360",
        "name": "Mapped road segment",
        "kind": "road",
        "population": null,
        "status": "VERIFIED LIVE",
        "source": "OpenStreetMap"
      }
    },
    {
      "type": "Feature",
      "geometry": {
        "type": "LineString",
        "coordinates": [
          [
            79.079017,
            30.5933251
          ],
          [
            79.0789072,
            30.5932808
          ]
        ]
      },
      "properties": {
        "id": "osm-road-652942221",
        "name": "Mapped road segment",
        "kind": "road",
        "population": null,
        "status": "VERIFIED LIVE",
        "source": "OpenStreetMap"
      }
    },
    {
      "type": "Feature",
      "geometry": {
        "type": "LineString",
        "coordinates": [
          [
            79.1647205,
            30.5432627
          ],
          [
            79.1645488,
            30.5431264
          ]
        ]
      },
      "properties": {
        "id": "osm-road-654639056",
        "name": "Mapped road segment",
        "kind": "road",
        "population": null,
        "status": "VERIFIED LIVE",
        "source": "OpenStreetMap"
      }
    },
    {
      "type": "Feature",
      "geometry": {
        "type": "LineString",
        "coordinates": [
          [
            78.895075,
            30.4679561
          ],
          [
            78.8950857,
            30.468289
          ]
        ]
      },
      "properties": {
        "id": "osm-road-684802373",
        "name": "Mapped road segment",
        "kind": "road",
        "population": null,
        "status": "VERIFIED LIVE",
        "source": "OpenStreetMap"
      }
    },
    {
      "type": "Feature",
      "geometry": {
        "type": "LineString",
        "coordinates": [
          [
            79.0992813,
            30.5370693
          ],
          [
            79.0983519,
            30.5370185
          ],
          [
            79.0980756,
            30.5369353
          ]
        ]
      },
      "properties": {
        "id": "osm-road-684812586",
        "name": "Mapped road segment",
        "kind": "road",
        "population": null,
        "status": "VERIFIED LIVE",
        "source": "OpenStreetMap"
      }
    },
    {
      "type": "Feature",
      "geometry": {
        "type": "LineString",
        "coordinates": [
          [
            79.0171852,
            30.6052382
          ],
          [
            79.0173713,
            30.6051843
          ]
        ]
      },
      "properties": {
        "id": "osm-road-686083252",
        "name": "Mapped road segment",
        "kind": "road",
        "population": null,
        "status": "VERIFIED LIVE",
        "source": "OpenStreetMap"
      }
    },
    {
      "type": "Feature",
      "geometry": {
        "type": "LineString",
        "coordinates": [
          [
            79.019981,
            30.5945241
          ],
          [
            79.0201145,
            30.5942804
          ]
        ]
      },
      "properties": {
        "id": "osm-road-686083253",
        "name": "Mapped road segment",
        "kind": "road",
        "population": null,
        "status": "VERIFIED LIVE",
        "source": "OpenStreetMap"
      }
    },
    {
      "type": "Feature",
      "geometry": {
        "type": "LineString",
        "coordinates": [
          [
            79.0229601,
            30.582418
          ],
          [
            79.0232367,
            30.58228
          ]
        ]
      },
      "properties": {
        "id": "osm-road-686083254",
        "name": "Mapped road segment",
        "kind": "road",
        "population": null,
        "status": "VERIFIED LIVE",
        "source": "OpenStreetMap"
      }
    },
    {
      "type": "Feature",
      "geometry": {
        "type": "LineString",
        "coordinates": [
          [
            79.0402412,
            30.5766775
          ],
          [
            79.0402818,
            30.5765927
          ]
        ]
      },
      "properties": {
        "id": "osm-road-686083259",
        "name": "Mapped road segment",
        "kind": "road",
        "population": null,
        "status": "VERIFIED LIVE",
        "source": "OpenStreetMap"
      }
    },
    {
      "type": "Feature",
      "geometry": {
        "type": "LineString",
        "coordinates": [
          [
            79.0341961,
            30.5745356
          ],
          [
            79.0341961,
            30.5744548
          ]
        ]
      },
      "properties": {
        "id": "osm-road-686083263",
        "name": "Mapped road segment",
        "kind": "road",
        "population": null,
        "status": "VERIFIED LIVE",
        "source": "OpenStreetMap"
      }
    },
    {
      "type": "Feature",
      "geometry": {
        "type": "LineString",
        "coordinates": [
          [
            79.0321094,
            30.573023
          ],
          [
            79.0319189,
            30.5731362
          ]
        ]
      },
      "properties": {
        "id": "osm-road-686083265",
        "name": "Mapped road segment",
        "kind": "road",
        "population": null,
        "status": "VERIFIED LIVE",
        "source": "OpenStreetMap"
      }
    },
    {
      "type": "Feature",
      "geometry": {
        "type": "LineString",
        "coordinates": [
          [
            79.0653051,
            30.7058006
          ],
          [
            79.0652474,
            30.7058623
          ]
        ]
      },
      "properties": {
        "id": "osm-road-686103734",
        "name": "Gaurikund Kedarnath Trek",
        "kind": "road",
        "population": null,
        "status": "VERIFIED LIVE",
        "source": "OpenStreetMap"
      }
    },
    {
      "type": "Feature",
      "geometry": {
        "type": "LineString",
        "coordinates": [
          [
            79.0411678,
            30.6759743
          ],
          [
            79.0412155,
            30.6760499
          ]
        ]
      },
      "properties": {
        "id": "osm-road-686103744",
        "name": "Gaurikund Kedarnath Trek",
        "kind": "road",
        "population": null,
        "status": "VERIFIED LIVE",
        "source": "OpenStreetMap"
      }
    },
    {
      "type": "Feature",
      "geometry": {
        "type": "LineString",
        "coordinates": [
          [
            79.0382662,
            30.6704299
          ],
          [
            79.0383114,
            30.6704819
          ]
        ]
      },
      "properties": {
        "id": "osm-road-686103753",
        "name": "Gaurikund Kedarnath Trek",
        "kind": "road",
        "population": null,
        "status": "VERIFIED LIVE",
        "source": "OpenStreetMap"
      }
    },
    {
      "type": "Feature",
      "geometry": {
        "type": "LineString",
        "coordinates": [
          [
            79.0284643,
            30.6562583
          ],
          [
            79.0283422,
            30.6562053
          ]
        ]
      },
      "properties": {
        "id": "osm-road-686103756",
        "name": "Mapped road segment",
        "kind": "road",
        "population": null,
        "status": "VERIFIED LIVE",
        "source": "OpenStreetMap"
      }
    },
    {
      "type": "Feature",
      "geometry": {
        "type": "LineString",
        "coordinates": [
          [
            79.0329388,
            30.6607285
          ],
          [
            79.0329951,
            30.6607653
          ]
        ]
      },
      "properties": {
        "id": "osm-road-686103760",
        "name": "Gaurikund Kedarnath Trek",
        "kind": "road",
        "population": null,
        "status": "VERIFIED LIVE",
        "source": "OpenStreetMap"
      }
    },
    {
      "type": "Feature",
      "geometry": {
        "type": "LineString",
        "coordinates": [
          [
            79.028157,
            30.6563297
          ],
          [
            79.028247,
            30.656451
          ]
        ]
      },
      "properties": {
        "id": "osm-road-686103763",
        "name": "Gaurikund Kedarnath Trek",
        "kind": "road",
        "population": null,
        "status": "VERIFIED LIVE",
        "source": "OpenStreetMap"
      }
    },
    {
      "type": "Feature",
      "geometry": {
        "type": "LineString",
        "coordinates": [
          [
            78.980674,
            30.6501552
          ],
          [
            78.9803629,
            30.650131
          ]
        ]
      },
      "properties": {
        "id": "osm-road-686174812",
        "name": "Mapped road segment",
        "kind": "road",
        "population": null,
        "status": "VERIFIED LIVE",
        "source": "OpenStreetMap"
      }
    },
    {
      "type": "Feature",
      "geometry": {
        "type": "LineString",
        "coordinates": [
          [
            78.9174438,
            30.4217474
          ],
          [
            78.9175337,
            30.4217227
          ]
        ]
      },
      "properties": {
        "id": "osm-road-862786417",
        "name": "Mapped road segment",
        "kind": "road",
        "population": null,
        "status": "VERIFIED LIVE",
        "source": "OpenStreetMap"
      }
    },
    {
      "type": "Feature",
      "geometry": {
        "type": "LineString",
        "coordinates": [
          [
            78.9187409,
            30.465133
          ],
          [
            78.9191094,
            30.4648728
          ]
        ]
      },
      "properties": {
        "id": "osm-road-862786419",
        "name": "Mapped road segment",
        "kind": "road",
        "population": null,
        "status": "VERIFIED LIVE",
        "source": "OpenStreetMap"
      }
    },
    {
      "type": "Feature",
      "geometry": {
        "type": "LineString",
        "coordinates": [
          [
            78.973278,
            30.3517362
          ],
          [
            78.9730382,
            30.3521351
          ]
        ]
      },
      "properties": {
        "id": "osm-road-862786422",
        "name": "Mapped road segment",
        "kind": "road",
        "population": null,
        "status": "VERIFIED LIVE",
        "source": "OpenStreetMap"
      }
    },
    {
      "type": "Feature",
      "geometry": {
        "type": "LineString",
        "coordinates": [
          [
            78.8391483,
            30.4039526
          ],
          [
            78.839097,
            30.4040175
          ]
        ]
      },
      "properties": {
        "id": "osm-road-862786424",
        "name": "Mapped road segment",
        "kind": "road",
        "population": null,
        "status": "VERIFIED LIVE",
        "source": "OpenStreetMap"
      }
    },
    {
      "type": "Feature",
      "geometry": {
        "type": "LineString",
        "coordinates": [
          [
            78.8604165,
            30.4044895
          ],
          [
            78.8602671,
            30.4042116
          ]
        ]
      },
      "properties": {
        "id": "osm-road-862786426",
        "name": "Mapped road segment",
        "kind": "road",
        "population": null,
        "status": "VERIFIED LIVE",
        "source": "OpenStreetMap"
      }
    },
    {
      "type": "Feature",
      "geometry": {
        "type": "LineString",
        "coordinates": [
          [
            79.0850934,
            30.4901718
          ],
          [
            79.085281,
            30.4906734
          ]
        ]
      },
      "properties": {
        "id": "osm-road-913515359",
        "name": "Mapped road segment",
        "kind": "road",
        "population": null,
        "status": "VERIFIED LIVE",
        "source": "OpenStreetMap"
      }
    },
    {
      "type": "Feature",
      "geometry": {
        "type": "LineString",
        "coordinates": [
          [
            79.0647336,
            30.4784129
          ],
          [
            79.0646466,
            30.478377
          ]
        ]
      },
      "properties": {
        "id": "osm-road-913515363",
        "name": "Mapped road segment",
        "kind": "road",
        "population": null,
        "status": "VERIFIED LIVE",
        "source": "OpenStreetMap"
      }
    },
    {
      "type": "Feature",
      "geometry": {
        "type": "LineString",
        "coordinates": [
          [
            78.8931655,
            30.4386055
          ],
          [
            78.8932591,
            30.4386328
          ],
          [
            78.8934234,
            30.4386808
          ]
        ]
      },
      "properties": {
        "id": "osm-road-922701479",
        "name": "Mapped road segment",
        "kind": "road",
        "population": null,
        "status": "VERIFIED LIVE",
        "source": "OpenStreetMap"
      }
    },
    {
      "type": "Feature",
      "geometry": {
        "type": "LineString",
        "coordinates": [
          [
            78.8977785,
            30.4680466
          ],
          [
            78.8978004,
            30.4680947
          ]
        ]
      },
      "properties": {
        "id": "osm-road-922701482",
        "name": "Mapped road segment",
        "kind": "road",
        "population": null,
        "status": "VERIFIED LIVE",
        "source": "OpenStreetMap"
      }
    },
    {
      "type": "Feature",
      "geometry": {
        "type": "LineString",
        "coordinates": [
          [
            78.914124,
            30.464063
          ],
          [
            78.9141413,
            30.4643459
          ]
        ]
      },
      "properties": {
        "id": "osm-road-922701486",
        "name": "Mapped road segment",
        "kind": "road",
        "population": null,
        "status": "VERIFIED LIVE",
        "source": "OpenStreetMap"
      }
    },
    {
      "type": "Feature",
      "geometry": {
        "type": "LineString",
        "coordinates": [
          [
            79.0416688,
            30.4003048
          ],
          [
            79.0417349,
            30.4009028
          ]
        ]
      },
      "properties": {
        "id": "osm-road-975136763",
        "name": "Mapped road segment",
        "kind": "road",
        "population": null,
        "status": "VERIFIED LIVE",
        "source": "OpenStreetMap"
      }
    },
    {
      "type": "Feature",
      "geometry": {
        "type": "LineString",
        "coordinates": [
          [
            79.0388723,
            30.5760267
          ],
          [
            79.0389338,
            30.5759654
          ]
        ]
      },
      "properties": {
        "id": "osm-road-1037465934",
        "name": "Phata to Dhargaon",
        "kind": "road",
        "population": null,
        "status": "VERIFIED LIVE",
        "source": "OpenStreetMap"
      }
    },
    {
      "type": "Feature",
      "geometry": {
        "type": "LineString",
        "coordinates": [
          [
            78.9168142,
            30.4937197
          ],
          [
            78.9169246,
            30.4937107
          ],
          [
            78.9170667,
            30.4937049
          ],
          [
            78.917225,
            30.4936882
          ]
        ]
      },
      "properties": {
        "id": "osm-road-1040068850",
        "name": "Mapped road segment",
        "kind": "road",
        "population": null,
        "status": "VERIFIED LIVE",
        "source": "OpenStreetMap"
      }
    },
    {
      "type": "Feature",
      "geometry": {
        "type": "LineString",
        "coordinates": [
          [
            79.1111346,
            30.4915213
          ],
          [
            79.1110913,
            30.4915713
          ]
        ]
      },
      "properties": {
        "id": "osm-road-1044253532",
        "name": "Mapped road segment",
        "kind": "road",
        "population": null,
        "status": "VERIFIED LIVE",
        "source": "OpenStreetMap"
      }
    },
    {
      "type": "Feature",
      "geometry": {
        "type": "LineString",
        "coordinates": [
          [
            79.1268594,
            30.4224707
          ],
          [
            79.1268784,
            30.4220812
          ]
        ]
      },
      "properties": {
        "id": "osm-road-1046311061",
        "name": "Mapped road segment",
        "kind": "road",
        "population": null,
        "status": "VERIFIED LIVE",
        "source": "OpenStreetMap"
      }
    },
    {
      "type": "Feature",
      "geometry": {
        "type": "LineString",
        "coordinates": [
          [
            79.139902,
            30.484778
          ],
          [
            79.1397304,
            30.4846393
          ]
        ]
      },
      "properties": {
        "id": "osm-road-1056309239",
        "name": "Mapped road segment",
        "kind": "road",
        "population": null,
        "status": "VERIFIED LIVE",
        "source": "OpenStreetMap"
      }
    },
    {
      "type": "Feature",
      "geometry": {
        "type": "LineString",
        "coordinates": [
          [
            79.0750999,
            30.3779911
          ],
          [
            79.0750124,
            30.377957
          ]
        ]
      },
      "properties": {
        "id": "osm-road-1065903502",
        "name": "Mapped road segment",
        "kind": "road",
        "population": null,
        "status": "VERIFIED LIVE",
        "source": "OpenStreetMap"
      }
    },
    {
      "type": "Feature",
      "geometry": {
        "type": "LineString",
        "coordinates": [
          [
            79.0741967,
            30.388659
          ],
          [
            79.0743381,
            30.3887223
          ]
        ]
      },
      "properties": {
        "id": "osm-road-1065903506",
        "name": "Mapped road segment",
        "kind": "road",
        "population": null,
        "status": "VERIFIED LIVE",
        "source": "OpenStreetMap"
      }
    },
    {
      "type": "Feature",
      "geometry": {
        "type": "LineString",
        "coordinates": [
          [
            79.0447052,
            30.3818264
          ],
          [
            79.0448926,
            30.381819
          ]
        ]
      },
      "properties": {
        "id": "osm-road-1069560063",
        "name": "Mapped road segment",
        "kind": "road",
        "population": null,
        "status": "VERIFIED LIVE",
        "source": "OpenStreetMap"
      }
    },
    {
      "type": "Feature",
      "geometry": {
        "type": "LineString",
        "coordinates": [
          [
            78.9996892,
            30.6239767
          ],
          [
            79.0000797,
            30.6239177
          ]
        ]
      },
      "properties": {
        "id": "osm-road-1074704909",
        "name": "Mapped road segment",
        "kind": "road",
        "population": null,
        "status": "VERIFIED LIVE",
        "source": "OpenStreetMap"
      }
    },
    {
      "type": "Feature",
      "geometry": {
        "type": "LineString",
        "coordinates": [
          [
            78.9754317,
            30.4872371
          ],
          [
            78.9753877,
            30.4871208
          ]
        ]
      },
      "properties": {
        "id": "osm-road-1076350090",
        "name": "Mapped road segment",
        "kind": "road",
        "population": null,
        "status": "VERIFIED LIVE",
        "source": "OpenStreetMap"
      }
    },
    {
      "type": "Feature",
      "geometry": {
        "type": "LineString",
        "coordinates": [
          [
            79.0210454,
            30.4362325
          ],
          [
            79.0211018,
            30.4361744
          ]
        ]
      },
      "properties": {
        "id": "osm-road-1076350099",
        "name": "Mapped road segment",
        "kind": "road",
        "population": null,
        "status": "VERIFIED LIVE",
        "source": "OpenStreetMap"
      }
    },
    {
      "type": "Feature",
      "geometry": {
        "type": "LineString",
        "coordinates": [
          [
            78.9681476,
            30.4206914
          ],
          [
            78.9682244,
            30.4207002
          ]
        ]
      },
      "properties": {
        "id": "osm-road-1078493446",
        "name": "Mapped road segment",
        "kind": "road",
        "population": null,
        "status": "VERIFIED LIVE",
        "source": "OpenStreetMap"
      }
    },
    {
      "type": "Feature",
      "geometry": {
        "type": "LineString",
        "coordinates": [
          [
            78.9800401,
            30.423448
          ],
          [
            78.980114,
            30.4234429
          ]
        ]
      },
      "properties": {
        "id": "osm-road-1078493448",
        "name": "Mapped road segment",
        "kind": "road",
        "population": null,
        "status": "VERIFIED LIVE",
        "source": "OpenStreetMap"
      }
    },
    {
      "type": "Feature",
      "geometry": {
        "type": "LineString",
        "coordinates": [
          [
            78.9681432,
            30.4173815
          ],
          [
            78.9680716,
            30.4174339
          ]
        ]
      },
      "properties": {
        "id": "osm-road-1078493451",
        "name": "Mapped road segment",
        "kind": "road",
        "population": null,
        "status": "VERIFIED LIVE",
        "source": "OpenStreetMap"
      }
    },
    {
      "type": "Feature",
      "geometry": {
        "type": "LineString",
        "coordinates": [
          [
            78.8775632,
            30.3874245
          ],
          [
            78.87743,
            30.3874505
          ]
        ]
      },
      "properties": {
        "id": "osm-road-1078493458",
        "name": "Mapped road segment",
        "kind": "road",
        "population": null,
        "status": "VERIFIED LIVE",
        "source": "OpenStreetMap"
      }
    },
    {
      "type": "Feature",
      "geometry": {
        "type": "LineString",
        "coordinates": [
          [
            78.9921469,
            30.4071777
          ],
          [
            78.992502,
            30.4071698
          ]
        ]
      },
      "properties": {
        "id": "osm-road-1078493462",
        "name": "Mapped road segment",
        "kind": "road",
        "population": null,
        "status": "VERIFIED LIVE",
        "source": "OpenStreetMap"
      }
    },
    {
      "type": "Feature",
      "geometry": {
        "type": "LineString",
        "coordinates": [
          [
            78.9713208,
            30.4225408
          ],
          [
            78.9713749,
            30.4226087
          ]
        ]
      },
      "properties": {
        "id": "osm-road-1078493464",
        "name": "Mapped road segment",
        "kind": "road",
        "population": null,
        "status": "VERIFIED LIVE",
        "source": "OpenStreetMap"
      }
    },
    {
      "type": "Feature",
      "geometry": {
        "type": "LineString",
        "coordinates": [
          [
            79.0574278,
            30.4140154
          ],
          [
            79.0573516,
            30.4139779
          ]
        ]
      },
      "properties": {
        "id": "osm-road-1078509343",
        "name": "Mapped road segment",
        "kind": "road",
        "population": null,
        "status": "VERIFIED LIVE",
        "source": "OpenStreetMap"
      }
    },
    {
      "type": "Feature",
      "geometry": {
        "type": "LineString",
        "coordinates": [
          [
            79.067078,
            30.4297985
          ],
          [
            79.0670451,
            30.4297213
          ]
        ]
      },
      "properties": {
        "id": "osm-road-1078509347",
        "name": "Mapped road segment",
        "kind": "road",
        "population": null,
        "status": "VERIFIED LIVE",
        "source": "OpenStreetMap"
      }
    },
    {
      "type": "Feature",
      "geometry": {
        "type": "LineString",
        "coordinates": [
          [
            79.0693552,
            30.4303395
          ],
          [
            79.0688443,
            30.4307151
          ]
        ]
      },
      "properties": {
        "id": "osm-road-1078509348",
        "name": "Mapped road segment",
        "kind": "road",
        "population": null,
        "status": "VERIFIED LIVE",
        "source": "OpenStreetMap"
      }
    },
    {
      "type": "Feature",
      "geometry": {
        "type": "LineString",
        "coordinates": [
          [
            79.0523345,
            30.442625
          ],
          [
            79.052298,
            30.4427329
          ]
        ]
      },
      "properties": {
        "id": "osm-road-1078509357",
        "name": "Mapped road segment",
        "kind": "road",
        "population": null,
        "status": "VERIFIED LIVE",
        "source": "OpenStreetMap"
      }
    },
    {
      "type": "Feature",
      "geometry": {
        "type": "LineString",
        "coordinates": [
          [
            79.0546003,
            30.4339275
          ],
          [
            79.0545041,
            30.4338885
          ]
        ]
      },
      "properties": {
        "id": "osm-road-1078509359",
        "name": "Mapped road segment",
        "kind": "road",
        "population": null,
        "status": "VERIFIED LIVE",
        "source": "OpenStreetMap"
      }
    },
    {
      "type": "Feature",
      "geometry": {
        "type": "LineString",
        "coordinates": [
          [
            79.0578001,
            30.4429648
          ],
          [
            79.0578867,
            30.4429086
          ]
        ]
      },
      "properties": {
        "id": "osm-road-1078509361",
        "name": "Mapped road segment",
        "kind": "road",
        "population": null,
        "status": "VERIFIED LIVE",
        "source": "OpenStreetMap"
      }
    },
    {
      "type": "Feature",
      "geometry": {
        "type": "LineString",
        "coordinates": [
          [
            79.0908122,
            30.5283919
          ],
          [
            79.091405,
            30.5281862
          ]
        ]
      },
      "properties": {
        "id": "osm-road-1078509368",
        "name": "Mapped road segment",
        "kind": "road",
        "population": null,
        "status": "VERIFIED LIVE",
        "source": "OpenStreetMap"
      }
    },
    {
      "type": "Feature",
      "geometry": {
        "type": "LineString",
        "coordinates": [
          [
            79.1493101,
            30.5129672
          ],
          [
            79.1492216,
            30.5129683
          ],
          [
            79.1489875,
            30.5129567
          ]
        ]
      },
      "properties": {
        "id": "osm-road-1078509371",
        "name": "Mapped road segment",
        "kind": "road",
        "population": null,
        "status": "VERIFIED LIVE",
        "source": "OpenStreetMap"
      }
    },
    {
      "type": "Feature",
      "geometry": {
        "type": "LineString",
        "coordinates": [
          [
            79.0839533,
            30.5094002
          ],
          [
            79.08376,
            30.50975
          ]
        ]
      },
      "properties": {
        "id": "osm-road-1078509373",
        "name": "Mapped road segment",
        "kind": "road",
        "population": null,
        "status": "VERIFIED LIVE",
        "source": "OpenStreetMap"
      }
    },
    {
      "type": "Feature",
      "geometry": {
        "type": "LineString",
        "coordinates": [
          [
            79.1517535,
            30.5163775
          ],
          [
            79.1516106,
            30.5164398
          ]
        ]
      },
      "properties": {
        "id": "osm-road-1078509375",
        "name": "Mapped road segment",
        "kind": "road",
        "population": null,
        "status": "VERIFIED LIVE",
        "source": "OpenStreetMap"
      }
    },
    {
      "type": "Feature",
      "geometry": {
        "type": "LineString",
        "coordinates": [
          [
            79.1770156,
            30.501195
          ],
          [
            79.1769818,
            30.5013895
          ]
        ]
      },
      "properties": {
        "id": "osm-road-1078509377",
        "name": "Mapped road segment",
        "kind": "road",
        "population": null,
        "status": "VERIFIED LIVE",
        "source": "OpenStreetMap"
      }
    },
    {
      "type": "Feature",
      "geometry": {
        "type": "LineString",
        "coordinates": [
          [
            79.1627886,
            30.5074601
          ],
          [
            79.1628298,
            30.5078896
          ]
        ]
      },
      "properties": {
        "id": "osm-road-1078509379",
        "name": "Mapped road segment",
        "kind": "road",
        "population": null,
        "status": "VERIFIED LIVE",
        "source": "OpenStreetMap"
      }
    },
    {
      "type": "Feature",
      "geometry": {
        "type": "LineString",
        "coordinates": [
          [
            78.9560686,
            30.3405282
          ],
          [
            78.9560588,
            30.3404634
          ]
        ]
      },
      "properties": {
        "id": "osm-road-1080064221",
        "name": "Mapped road segment",
        "kind": "road",
        "population": null,
        "status": "VERIFIED LIVE",
        "source": "OpenStreetMap"
      }
    },
    {
      "type": "Feature",
      "geometry": {
        "type": "LineString",
        "coordinates": [
          [
            78.9518867,
            30.3194886
          ],
          [
            78.951928,
            30.3194136
          ]
        ]
      },
      "properties": {
        "id": "osm-road-1080067829",
        "name": "Mapped road segment",
        "kind": "road",
        "population": null,
        "status": "VERIFIED LIVE",
        "source": "OpenStreetMap"
      }
    },
    {
      "type": "Feature",
      "geometry": {
        "type": "LineString",
        "coordinates": [
          [
            79.187479,
            30.607426
          ],
          [
            79.188033,
            30.6072529
          ]
        ]
      },
      "properties": {
        "id": "osm-road-1098680971",
        "name": "Panpatia Col",
        "kind": "road",
        "population": null,
        "status": "VERIFIED LIVE",
        "source": "OpenStreetMap"
      }
    },
    {
      "type": "Feature",
      "geometry": {
        "type": "LineString",
        "coordinates": [
          [
            79.1300659,
            30.5648117
          ],
          [
            79.1302278,
            30.5638688
          ]
        ]
      },
      "properties": {
        "id": "osm-road-1098680976",
        "name": "Mapped road segment",
        "kind": "road",
        "population": null,
        "status": "VERIFIED LIVE",
        "source": "OpenStreetMap"
      }
    },
    {
      "type": "Feature",
      "geometry": {
        "type": "LineString",
        "coordinates": [
          [
            79.1340023,
            30.5484338
          ],
          [
            79.1345374,
            30.5481362
          ]
        ]
      },
      "properties": {
        "id": "osm-road-1098680978",
        "name": "Mapped road segment",
        "kind": "road",
        "population": null,
        "status": "VERIFIED LIVE",
        "source": "OpenStreetMap"
      }
    },
    {
      "type": "Feature",
      "geometry": {
        "type": "LineString",
        "coordinates": [
          [
            79.1701071,
            30.4681438
          ],
          [
            79.1701071,
            30.46807
          ]
        ]
      },
      "properties": {
        "id": "osm-road-1098680992",
        "name": "Mapped road segment",
        "kind": "road",
        "population": null,
        "status": "VERIFIED LIVE",
        "source": "OpenStreetMap"
      }
    },
    {
      "type": "Feature",
      "geometry": {
        "type": "LineString",
        "coordinates": [
          [
            79.0775916,
            30.6022086
          ],
          [
            79.0778423,
            30.6024291
          ]
        ]
      },
      "properties": {
        "id": "osm-road-1098681001",
        "name": "Mapped road segment",
        "kind": "road",
        "population": null,
        "status": "VERIFIED LIVE",
        "source": "OpenStreetMap"
      }
    },
    {
      "type": "Feature",
      "geometry": {
        "type": "LineString",
        "coordinates": [
          [
            79.0826024,
            30.5664766
          ],
          [
            79.0822218,
            30.5665883
          ]
        ]
      },
      "properties": {
        "id": "osm-road-1098681003",
        "name": "Mapped road segment",
        "kind": "road",
        "population": null,
        "status": "VERIFIED LIVE",
        "source": "OpenStreetMap"
      }
    },
    {
      "type": "Feature",
      "geometry": {
        "type": "LineString",
        "coordinates": [
          [
            79.0052195,
            30.6373676
          ],
          [
            79.0051459,
            30.6373492
          ]
        ]
      },
      "properties": {
        "id": "osm-road-1164068086",
        "name": "Mapped road segment",
        "kind": "road",
        "population": null,
        "status": "VERIFIED LIVE",
        "source": "OpenStreetMap"
      }
    },
    {
      "type": "Feature",
      "geometry": {
        "type": "LineString",
        "coordinates": [
          [
            78.9852909,
            30.4831393
          ],
          [
            78.9854313,
            30.4831639
          ],
          [
            78.9856854,
            30.4831606
          ]
        ]
      },
      "properties": {
        "id": "osm-road-1215611551",
        "name": "Mapped road segment",
        "kind": "road",
        "population": null,
        "status": "VERIFIED LIVE",
        "source": "OpenStreetMap"
      }
    },
    {
      "type": "Feature",
      "geometry": {
        "type": "LineString",
        "coordinates": [
          [
            78.9849548,
            30.4849999
          ],
          [
            78.9850232,
            30.4850045
          ],
          [
            78.9852492,
            30.4847231
          ]
        ]
      },
      "properties": {
        "id": "osm-road-1215611571",
        "name": "Mapped road segment",
        "kind": "road",
        "population": null,
        "status": "VERIFIED LIVE",
        "source": "OpenStreetMap"
      }
    },
    {
      "type": "Feature",
      "geometry": {
        "type": "LineString",
        "coordinates": [
          [
            79.0529563,
            30.4084724
          ],
          [
            79.0530027,
            30.4084019
          ]
        ]
      },
      "properties": {
        "id": "osm-road-1251276542",
        "name": "Mapped road segment",
        "kind": "road",
        "population": null,
        "status": "VERIFIED LIVE",
        "source": "OpenStreetMap"
      }
    },
    {
      "type": "Feature",
      "geometry": {
        "type": "LineString",
        "coordinates": [
          [
            78.92397,
            30.3656854
          ],
          [
            78.9242924,
            30.3655337
          ]
        ]
      },
      "properties": {
        "id": "osm-road-1251276548",
        "name": "Mapped road segment",
        "kind": "road",
        "population": null,
        "status": "VERIFIED LIVE",
        "source": "OpenStreetMap"
      }
    },
    {
      "type": "Feature",
      "geometry": {
        "type": "LineString",
        "coordinates": [
          [
            78.9815991,
            30.3672655
          ],
          [
            78.9816786,
            30.3673088
          ]
        ]
      },
      "properties": {
        "id": "osm-road-1251276555",
        "name": "Mapped road segment",
        "kind": "road",
        "population": null,
        "status": "VERIFIED LIVE",
        "source": "OpenStreetMap"
      }
    },
    {
      "type": "Feature",
      "geometry": {
        "type": "LineString",
        "coordinates": [
          [
            78.9853691,
            30.368642
          ],
          [
            78.985408,
            30.3681926
          ]
        ]
      },
      "properties": {
        "id": "osm-road-1251276557",
        "name": "Mapped road segment",
        "kind": "road",
        "population": null,
        "status": "VERIFIED LIVE",
        "source": "OpenStreetMap"
      }
    },
    {
      "type": "Feature",
      "geometry": {
        "type": "LineString",
        "coordinates": [
          [
            78.8772687,
            30.3885931
          ],
          [
            78.8770454,
            30.3886164
          ]
        ]
      },
      "properties": {
        "id": "osm-road-1251276574",
        "name": "Mapped road segment",
        "kind": "road",
        "population": null,
        "status": "VERIFIED LIVE",
        "source": "OpenStreetMap"
      }
    },
    {
      "type": "Feature",
      "geometry": {
        "type": "LineString",
        "coordinates": [
          [
            78.8617457,
            30.3818864
          ],
          [
            78.8617648,
            30.381804
          ]
        ]
      },
      "properties": {
        "id": "osm-road-1251276576",
        "name": "Mapped road segment",
        "kind": "road",
        "population": null,
        "status": "VERIFIED LIVE",
        "source": "OpenStreetMap"
      }
    },
    {
      "type": "Feature",
      "geometry": {
        "type": "LineString",
        "coordinates": [
          [
            78.9891873,
            30.3671491
          ],
          [
            78.9896477,
            30.3669288
          ]
        ]
      },
      "properties": {
        "id": "osm-road-1251276580",
        "name": "Mapped road segment",
        "kind": "road",
        "population": null,
        "status": "VERIFIED LIVE",
        "source": "OpenStreetMap"
      }
    },
    {
      "type": "Feature",
      "geometry": {
        "type": "LineString",
        "coordinates": [
          [
            78.9691657,
            30.3361461
          ],
          [
            78.9692373,
            30.336567
          ]
        ]
      },
      "properties": {
        "id": "osm-road-1254105373",
        "name": "Mapped road segment",
        "kind": "road",
        "population": null,
        "status": "VERIFIED LIVE",
        "source": "OpenStreetMap"
      }
    },
    {
      "type": "Feature",
      "geometry": {
        "type": "LineString",
        "coordinates": [
          [
            79.0905827,
            30.5209557
          ],
          [
            79.0903804,
            30.5206728
          ]
        ]
      },
      "properties": {
        "id": "osm-road-1280226524",
        "name": "Mapped road segment",
        "kind": "road",
        "population": null,
        "status": "VERIFIED LIVE",
        "source": "OpenStreetMap"
      }
    },
    {
      "type": "Feature",
      "geometry": {
        "type": "LineString",
        "coordinates": [
          [
            79.0938925,
            30.5186084
          ],
          [
            79.0939623,
            30.5186626
          ]
        ]
      },
      "properties": {
        "id": "osm-road-1280226526",
        "name": "Mapped road segment",
        "kind": "road",
        "population": null,
        "status": "VERIFIED LIVE",
        "source": "OpenStreetMap"
      }
    },
    {
      "type": "Feature",
      "geometry": {
        "type": "LineString",
        "coordinates": [
          [
            79.0949468,
            30.5194454
          ],
          [
            79.0950204,
            30.5195943
          ]
        ]
      },
      "properties": {
        "id": "osm-road-1280226529",
        "name": "Mapped road segment",
        "kind": "road",
        "population": null,
        "status": "VERIFIED LIVE",
        "source": "OpenStreetMap"
      }
    },
    {
      "type": "Feature",
      "geometry": {
        "type": "LineString",
        "coordinates": [
          [
            79.0997223,
            30.5176582
          ],
          [
            79.0996389,
            30.5175561
          ]
        ]
      },
      "properties": {
        "id": "osm-road-1280226531",
        "name": "Mapped road segment",
        "kind": "road",
        "population": null,
        "status": "VERIFIED LIVE",
        "source": "OpenStreetMap"
      }
    },
    {
      "type": "Feature",
      "geometry": {
        "type": "LineString",
        "coordinates": [
          [
            79.1004364,
            30.5172402
          ],
          [
            79.1003809,
            30.5171585
          ]
        ]
      },
      "properties": {
        "id": "osm-road-1280226533",
        "name": "Mapped road segment",
        "kind": "road",
        "population": null,
        "status": "VERIFIED LIVE",
        "source": "OpenStreetMap"
      }
    },
    {
      "type": "Feature",
      "geometry": {
        "type": "LineString",
        "coordinates": [
          [
            79.0980283,
            30.5162211
          ],
          [
            79.0980494,
            30.5163076
          ]
        ]
      },
      "properties": {
        "id": "osm-road-1280226536",
        "name": "Mapped road segment",
        "kind": "road",
        "population": null,
        "status": "VERIFIED LIVE",
        "source": "OpenStreetMap"
      }
    },
    {
      "type": "Feature",
      "geometry": {
        "type": "LineString",
        "coordinates": [
          [
            79.09567,
            30.519338
          ],
          [
            79.0956353,
            30.5192619
          ]
        ]
      },
      "properties": {
        "id": "osm-road-1280226539",
        "name": "Mapped road segment",
        "kind": "road",
        "population": null,
        "status": "VERIFIED LIVE",
        "source": "OpenStreetMap"
      }
    },
    {
      "type": "Feature",
      "geometry": {
        "type": "LineString",
        "coordinates": [
          [
            79.0959242,
            30.5175883
          ],
          [
            79.0958323,
            30.5175482
          ]
        ]
      },
      "properties": {
        "id": "osm-road-1280226542",
        "name": "Mapped road segment",
        "kind": "road",
        "population": null,
        "status": "VERIFIED LIVE",
        "source": "OpenStreetMap"
      }
    },
    {
      "type": "Feature",
      "geometry": {
        "type": "LineString",
        "coordinates": [
          [
            79.0983472,
            30.5183959
          ],
          [
            79.0983307,
            30.518316
          ]
        ]
      },
      "properties": {
        "id": "osm-road-1280226546",
        "name": "Mapped road segment",
        "kind": "road",
        "population": null,
        "status": "VERIFIED LIVE",
        "source": "OpenStreetMap"
      }
    },
    {
      "type": "Feature",
      "geometry": {
        "type": "LineString",
        "coordinates": [
          [
            79.0971479,
            30.5182117
          ],
          [
            79.0971543,
            30.5181307
          ]
        ]
      },
      "properties": {
        "id": "osm-road-1280226549",
        "name": "Mapped road segment",
        "kind": "road",
        "population": null,
        "status": "VERIFIED LIVE",
        "source": "OpenStreetMap"
      }
    },
    {
      "type": "Feature",
      "geometry": {
        "type": "LineString",
        "coordinates": [
          [
            79.0985203,
            30.5182954
          ],
          [
            79.0985153,
            30.5183762
          ]
        ]
      },
      "properties": {
        "id": "osm-road-1280226550",
        "name": "Mapped road segment",
        "kind": "road",
        "population": null,
        "status": "VERIFIED LIVE",
        "source": "OpenStreetMap"
      }
    },
    {
      "type": "Feature",
      "geometry": {
        "type": "LineString",
        "coordinates": [
          [
            79.0797381,
            30.5545651
          ],
          [
            79.0791739,
            30.5544838
          ]
        ]
      },
      "properties": {
        "id": "osm-road-1280226566",
        "name": "Mapped road segment",
        "kind": "road",
        "population": null,
        "status": "VERIFIED LIVE",
        "source": "OpenStreetMap"
      }
    },
    {
      "type": "Feature",
      "geometry": {
        "type": "LineString",
        "coordinates": [
          [
            79.0784649,
            30.5462027
          ],
          [
            79.0785476,
            30.5461585
          ]
        ]
      },
      "properties": {
        "id": "osm-road-1280226570",
        "name": "Mapped road segment",
        "kind": "road",
        "population": null,
        "status": "VERIFIED LIVE",
        "source": "OpenStreetMap"
      }
    },
    {
      "type": "Feature",
      "geometry": {
        "type": "LineString",
        "coordinates": [
          [
            79.0783653,
            30.5431875
          ],
          [
            79.0783653,
            30.5431055
          ]
        ]
      },
      "properties": {
        "id": "osm-road-1280226574",
        "name": "Mapped road segment",
        "kind": "road",
        "population": null,
        "status": "VERIFIED LIVE",
        "source": "OpenStreetMap"
      }
    },
    {
      "type": "Feature",
      "geometry": {
        "type": "LineString",
        "coordinates": [
          [
            79.085231,
            30.5617137
          ],
          [
            79.0848276,
            30.5619595
          ]
        ]
      },
      "properties": {
        "id": "osm-road-1280226582",
        "name": "Mapped road segment",
        "kind": "road",
        "population": null,
        "status": "VERIFIED LIVE",
        "source": "OpenStreetMap"
      }
    },
    {
      "type": "Feature",
      "geometry": {
        "type": "LineString",
        "coordinates": [
          [
            78.8486133,
            30.4123125
          ],
          [
            78.8484687,
            30.4121122
          ]
        ]
      },
      "properties": {
        "id": "osm-road-1280241088",
        "name": "Mapped road segment",
        "kind": "road",
        "population": null,
        "status": "VERIFIED LIVE",
        "source": "OpenStreetMap"
      }
    },
    {
      "type": "Feature",
      "geometry": {
        "type": "LineString",
        "coordinates": [
          [
            78.8624268,
            30.3997944
          ],
          [
            78.8623305,
            30.3998054
          ]
        ]
      },
      "properties": {
        "id": "osm-road-1280241091",
        "name": "Mapped road segment",
        "kind": "road",
        "population": null,
        "status": "VERIFIED LIVE",
        "source": "OpenStreetMap"
      }
    },
    {
      "type": "Feature",
      "geometry": {
        "type": "LineString",
        "coordinates": [
          [
            78.8611795,
            30.4030747
          ],
          [
            78.8612883,
            30.4030796
          ]
        ]
      },
      "properties": {
        "id": "osm-road-1280241094",
        "name": "Mapped road segment",
        "kind": "road",
        "population": null,
        "status": "VERIFIED LIVE",
        "source": "OpenStreetMap"
      }
    },
    {
      "type": "Feature",
      "geometry": {
        "type": "LineString",
        "coordinates": [
          [
            78.8689307,
            30.4012058
          ],
          [
            78.8689006,
            30.4012857
          ]
        ]
      },
      "properties": {
        "id": "osm-road-1280241103",
        "name": "Mapped road segment",
        "kind": "road",
        "population": null,
        "status": "VERIFIED LIVE",
        "source": "OpenStreetMap"
      }
    },
    {
      "type": "Feature",
      "geometry": {
        "type": "LineString",
        "coordinates": [
          [
            79.0890768,
            30.3660553
          ],
          [
            79.0891975,
            30.3660461
          ]
        ]
      },
      "properties": {
        "id": "osm-road-1339360622",
        "name": "Mapped road segment",
        "kind": "road",
        "population": null,
        "status": "VERIFIED LIVE",
        "source": "OpenStreetMap"
      }
    },
    {
      "type": "Feature",
      "geometry": {
        "type": "LineString",
        "coordinates": [
          [
            79.0636343,
            30.7375935
          ],
          [
            79.0636597,
            30.7375157
          ]
        ]
      },
      "properties": {
        "id": "osm-road-1339485309",
        "name": "Mapped road segment",
        "kind": "road",
        "population": null,
        "status": "VERIFIED LIVE",
        "source": "OpenStreetMap"
      }
    },
    {
      "type": "Feature",
      "geometry": {
        "type": "LineString",
        "coordinates": [
          [
            79.0675518,
            30.715481
          ],
          [
            79.0676462,
            30.7154928
          ]
        ]
      },
      "properties": {
        "id": "osm-road-1339485313",
        "name": "Mapped road segment",
        "kind": "road",
        "population": null,
        "status": "VERIFIED LIVE",
        "source": "OpenStreetMap"
      }
    },
    {
      "type": "Feature",
      "geometry": {
        "type": "LineString",
        "coordinates": [
          [
            79.0648112,
            30.7109703
          ],
          [
            79.0648854,
            30.7110221
          ]
        ]
      },
      "properties": {
        "id": "osm-road-1339485316",
        "name": "Mapped road segment",
        "kind": "road",
        "population": null,
        "status": "VERIFIED LIVE",
        "source": "OpenStreetMap"
      }
    },
    {
      "type": "Feature",
      "geometry": {
        "type": "LineString",
        "coordinates": [
          [
            79.0663045,
            30.713544
          ],
          [
            79.0663973,
            30.7135321
          ]
        ]
      },
      "properties": {
        "id": "osm-road-1339485318",
        "name": "Mapped road segment",
        "kind": "road",
        "population": null,
        "status": "VERIFIED LIVE",
        "source": "OpenStreetMap"
      }
    },
    {
      "type": "Feature",
      "geometry": {
        "type": "LineString",
        "coordinates": [
          [
            79.05457,
            30.5110515
          ],
          [
            79.0544449,
            30.5109924
          ],
          [
            79.0543319,
            30.5109298
          ]
        ]
      },
      "properties": {
        "id": "osm-road-1339591559",
        "name": "Mapped road segment",
        "kind": "road",
        "population": null,
        "status": "VERIFIED LIVE",
        "source": "OpenStreetMap"
      }
    },
    {
      "type": "Feature",
      "geometry": {
        "type": "LineString",
        "coordinates": [
          [
            79.0651651,
            30.5157606
          ],
          [
            79.0650954,
            30.5155763
          ]
        ]
      },
      "properties": {
        "id": "osm-road-1339591692",
        "name": "Mapped road segment",
        "kind": "road",
        "population": null,
        "status": "VERIFIED LIVE",
        "source": "OpenStreetMap"
      }
    },
    {
      "type": "Feature",
      "geometry": {
        "type": "LineString",
        "coordinates": [
          [
            79.068323,
            30.7332278
          ],
          [
            79.0684104,
            30.7332313
          ]
        ]
      },
      "properties": {
        "id": "osm-road-1339817378",
        "name": "Mapped road segment",
        "kind": "road",
        "population": null,
        "status": "VERIFIED LIVE",
        "source": "OpenStreetMap"
      }
    },
    {
      "type": "Feature",
      "geometry": {
        "type": "LineString",
        "coordinates": [
          [
            79.0654372,
            30.7330366
          ],
          [
            79.0654428,
            30.7329577
          ]
        ]
      },
      "properties": {
        "id": "osm-road-1340251928",
        "name": "Chorabari Tal Road",
        "kind": "road",
        "population": null,
        "status": "VERIFIED LIVE",
        "source": "OpenStreetMap"
      }
    },
    {
      "type": "Feature",
      "geometry": {
        "type": "LineString",
        "coordinates": [
          [
            78.8914271,
            30.3743189
          ],
          [
            78.8915026,
            30.3743007
          ]
        ]
      },
      "properties": {
        "id": "osm-road-1354963548",
        "name": "Mapped road segment",
        "kind": "road",
        "population": null,
        "status": "VERIFIED LIVE",
        "source": "OpenStreetMap"
      }
    },
    {
      "type": "Feature",
      "geometry": {
        "type": "LineString",
        "coordinates": [
          [
            79.0580562,
            30.3595092
          ],
          [
            79.0581586,
            30.3595845
          ]
        ]
      },
      "properties": {
        "id": "osm-road-1390759366",
        "name": "Mapped road segment",
        "kind": "road",
        "population": null,
        "status": "VERIFIED LIVE",
        "source": "OpenStreetMap"
      }
    },
    {
      "type": "Feature",
      "geometry": {
        "type": "LineString",
        "coordinates": [
          [
            79.069085,
            30.3531298
          ],
          [
            79.0692462,
            30.3530463
          ]
        ]
      },
      "properties": {
        "id": "osm-road-1390763425",
        "name": "Mapped road segment",
        "kind": "road",
        "population": null,
        "status": "VERIFIED LIVE",
        "source": "OpenStreetMap"
      }
    },
    {
      "type": "Feature",
      "geometry": {
        "type": "LineString",
        "coordinates": [
          [
            79.0657238,
            30.7334788
          ],
          [
            79.0655409,
            30.7333949
          ]
        ]
      },
      "properties": {
        "id": "osm-road-1500249238",
        "name": "Mapped road segment",
        "kind": "road",
        "population": null,
        "status": "VERIFIED LIVE",
        "source": "OpenStreetMap"
      }
    },
    {
      "type": "Feature",
      "geometry": {
        "type": "LineString",
        "coordinates": [
          [
            79.0682123,
            30.7355022
          ],
          [
            79.0682921,
            30.7354955
          ]
        ]
      },
      "properties": {
        "id": "osm-road-1500249239",
        "name": "Bhairavnath  Temple Road",
        "kind": "road",
        "population": null,
        "status": "VERIFIED LIVE",
        "source": "OpenStreetMap"
      }
    },
    {
      "type": "Feature",
      "geometry": {
        "type": "LineString",
        "coordinates": [
          [
            79.0684424,
            30.7322516
          ],
          [
            79.0684221,
            30.7323305
          ]
        ]
      },
      "properties": {
        "id": "osm-road-1500249242",
        "name": "Mapped road segment",
        "kind": "road",
        "population": null,
        "status": "VERIFIED LIVE",
        "source": "OpenStreetMap"
      }
    },
    {
      "type": "Feature",
      "geometry": {
        "type": "LineString",
        "coordinates": [
          [
            79.0681536,
            30.73029
          ],
          [
            79.0681377,
            30.7303706
          ]
        ]
      },
      "properties": {
        "id": "osm-road-1500249244",
        "name": "Gaurikund Kedarnath Trek",
        "kind": "road",
        "population": null,
        "status": "VERIFIED LIVE",
        "source": "OpenStreetMap"
      }
    },
    {
      "type": "Feature",
      "geometry": {
        "type": "LineString",
        "coordinates": [
          [
            79.0658146,
            30.7325067
          ],
          [
            79.0659417,
            30.7326535
          ]
        ]
      },
      "properties": {
        "id": "osm-road-1500249246",
        "name": "Mapped road segment",
        "kind": "road",
        "population": null,
        "status": "VERIFIED LIVE",
        "source": "OpenStreetMap"
      }
    }
  ]
}