{
  "type": "FeatureCollection",
  "features": [
    {
      "type": "Feature",
      "properties": {
        "source": "OSM"
      },
      "geometry": {
        "type": "LineString",
        "coordinates": [
          [
            79.0952907,
            30.5359137
          ],
          [
            79.0948926,
            30.5356214
          ],
          [
            79.0947912,
            30.5354053
          ],
          [
            79.0947479,
            30.5349685
          ],
          [
            79.0948221,
            30.5346169
          ],
          [
            79.0948406,
            30.5342653
          ],
          [
            79.0946242,
            30.5338019
          ],
          [
            79.094451,
            30.5331466
          ],
          [
            79.0943087,
            30.5323901
          ],
          [
            79.0941912,
            30.5319533
          ],
          [
            79.0939191,
            30.5316017
          ],
          [
            79.0935418,
            30.5314579
          ],
          [
            79.0932635,
            30.5314579
          ],
          [
            79.0929233,
            30.5315964
          ],
          [
            79.0926017,
            30.5319373
          ],
          [
            79.0921811,
            30.5322729
          ],
          [
            79.09181,
            30.5324114
          ],
          [
            79.0914513,
            30.5323795
          ],
          [
            79.091105,
            30.532193
          ],
          [
            79.0907586,
            30.5317882
          ],
          [
            79.0905483,
            30.531346
          ],
          [
            79.0904123,
            30.530776
          ],
          [
            79.090437,
            30.5301686
          ],
          [
            79.0906287,
            30.5295986
          ],
          [
            79.0908699,
            30.5293375
          ],
          [
            79.0911235,
            30.5291884
          ],
          [
            79.0913091,
            30.5289433
          ],
          [
            79.0913709,
            30.5286396
          ],
          [
            79.0912967,
            30.5282081
          ],
          [
            79.0911297,
            30.5279151
          ],
          [
            79.0911606,
            30.5273877
          ],
          [
            79.0911421,
            30.5269668
          ],
          [
            79.0910307,
            30.526482
          ],
          [
            79.0907091,
            30.5260877
          ],
          [
            79.0903195,
            30.5258906
          ],
          [
            79.089936,
            30.525832
          ],
          [
            79.0894598,
            30.5257201
          ],
          [
            79.0892928,
            30.525491
          ],
          [
            79.0892804,
            30.5251181
          ],
          [
            79.0893546,
            30.5246493
          ],
          [
            79.0892866,
            30.5240898
          ],
          [
            79.0889588,
            30.5233493
          ],
          [
            79.0887362,
            30.5227792
          ],
          [
            79.0883094,
            30.5220866
          ],
          [
            79.0879569,
            30.521703
          ],
          [
            79.0871961,
            30.5212181
          ],
          [
            79.0867817,
            30.5209038
          ],
          [
            79.0866333,
            30.5206161
          ],
          [
            79.0865838,
            30.5203017
          ],
          [
            79.0866457,
            30.5199234
          ],
          [
            79.0866609,
            30.5198749
          ],
          [
            79.0867941,
            30.5194493
          ],
          [
            79.0867941,
            30.5189111
          ],
          [
            79.086522,
            30.5181865
          ],
          [
            79.0862684,
            30.5175684
          ],
          [
            79.0860705,
            30.5168651
          ],
          [
            79.0859962,
            30.5162258
          ],
          [
            79.0860272,
            30.5155064
          ],
          [
            79.0862127,
            30.5143982
          ],
          [
            79.0864849,
            30.5134497
          ],
          [
            79.0869302,
            30.5125066
          ],
          [
            79.0871405,
            30.5120164
          ],
          [
            79.0871343,
            30.5116541
          ],
          [
            79.0870168,
            30.511329
          ],
          [
            79.0867261,
            30.5110626
          ],
          [
            79.0863426,
            30.5107908
          ],
          [
            79.0861138,
            30.5104925
          ],
          [
            79.0856004,
            30.51029
          ],
          [
            79.0851304,
            30.5099436
          ],
          [
            79.0849572,
            30.5096239
          ],
          [
            79.084869,
            30.5092697
          ],
          [
            79.0849324,
            30.508798
          ],
          [
            79.0852726,
            30.5083504
          ],
          [
            79.0857983,
            30.5078122
          ],
          [
            79.0860643,
            30.5073965
          ],
          [
            79.0865034,
            30.5071354
          ],
          [
            79.0867755,
            30.506901
          ],
          [
            79.0868312,
            30.5065546
          ],
          [
            79.0871095,
            30.5062988
          ],
          [
            79.0876291,
            30.5059738
          ],
          [
            79.0882908,
            30.5052544
          ],
          [
            79.0885525,
            30.5049352
          ],
          [
            79.0885568,
            30.5045923
          ],
          [
            79.0882988,
            30.5042795
          ],
          [
            79.087997,
            30.5040685
          ],
          [
            79.0878352,
            30.50385
          ],
          [
            79.087704,
            30.503492
          ],
          [
            79.0878046,
            30.5031152
          ],
          [
            79.0880145,
            30.5027459
          ],
          [
            79.0881151,
            30.5023653
          ],
          [
            79.0883786,
            30.5020407
          ],
          [
            79.0888424,
            30.5016516
          ],
          [
            79.0889352,
            30.501204
          ],
          [
            79.0888857,
            30.5004846
          ],
          [
            79.0887002,
            30.4999304
          ],
          [
            79.0884714,
            30.499488
          ],
          [
            79.087958,
            30.4989178
          ],
          [
            79.0875931,
            30.4986247
          ],
          [
            79.0873766,
            30.4983423
          ],
          [
            79.0873148,
            30.4979266
          ],
          [
            79.0871787,
            30.4974843
          ],
          [
            79.0869189,
            30.496962
          ],
          [
            79.0868173,
            30.496564
          ],
          [
            79.0867891,
            30.4963598
          ],
          [
            79.0868571,
            30.4958002
          ],
          [
            79.0870983,
            30.4952566
          ],
          [
            79.087457,
            30.4947024
          ],
          [
            79.0875684,
            30.4943027
          ],
          [
            79.0875127,
            30.4938923
          ],
          [
            79.0872653,
            30.4936845
          ],
          [
            79.0868447,
            30.4935779
          ],
          [
            79.0860902,
            30.4935299
          ],
          [
            79.0855397,
            30.4933487
          ],
          [
            79.0849212,
            30.4931995
          ],
          [
            79.0842656,
            30.4928744
          ],
          [
            79.0839007,
            30.4925386
          ],
          [
            79.0837708,
            30.4922242
          ],
          [
            79.0837028,
            30.491542
          ],
          [
            79.0838141,
            30.4907639
          ],
          [
            79.0840986,
            30.4903589
          ],
          [
            79.0842218,
            30.4901228
          ],
          [
            79.0844017,
            30.4897779
          ],
          [
            79.0846429,
            30.4889998
          ],
          [
            79.0848037,
            30.488259
          ],
          [
            79.0847419,
            30.4876354
          ],
          [
            79.0844326,
            30.487209
          ],
          [
            79.0841852,
            30.4867347
          ],
          [
            79.0841419,
            30.486239
          ],
          [
            79.0842347,
            30.4856794
          ],
          [
            79.0845316,
            30.4851517
          ],
          [
            79.0849583,
            30.4847413
          ],
          [
            79.0852985,
            30.4843735
          ],
          [
            79.0854469,
            30.4838139
          ],
          [
            79.0853109,
            30.483121
          ],
          [
            79.0849707,
            30.4818578
          ],
          [
            79.0844759,
            30.48044
          ],
          [
            79.0837708,
            30.4789901
          ],
          [
            79.0834121,
            30.4785477
          ],
          [
            79.082973,
            30.4782919
          ],
          [
            79.0825215,
            30.4781746
          ],
          [
            79.0821071,
            30.4781906
          ],
          [
            79.0818102,
            30.4783239
          ],
          [
            79.081668,
            30.4785691
          ],
          [
            79.0814701,
            30.4787716
          ],
          [
            79.0811917,
            30.4787769
          ],
          [
            79.0808516,
            30.4785371
          ],
          [
            79.0805918,
            30.4776736
          ],
          [
            79.0806227,
            30.4771245
          ],
          [
            79.0808392,
            30.4764796
          ],
          [
            79.0819727,
            30.475742
          ],
          [
            79.0823337,
            30.4754648
          ],
          [
            79.0821145,
            30.4745606
          ],
          [
            79.0819773,
            30.4741821
          ],
          [
            79.0817237,
            30.4739674
          ],
          [
            79.0814032,
            30.47368
          ],
          [
            79.0811113,
            30.473191
          ],
          [
            79.0801651,
            30.4726203
          ],
          [
            79.0795522,
            30.4721779
          ],
          [
            79.0790602,
            30.4719889
          ],
          [
            79.0783483,
            30.4717917
          ],
          [
            79.0776653,
            30.471582
          ],
          [
            79.0767378,
            30.4714728
          ],
          [
            79.0761219,
            30.4712188
          ],
          [
            79.075314,
            30.4709581
          ],
          [
            79.0749265,
            30.4703974
          ],
          [
            79.0745615,
            30.4700616
          ],
          [
            79.0744811,
            30.4697631
          ],
          [
            79.0745244,
            30.4693046
          ],
          [
            79.0744604,
            30.4687983
          ],
          [
            79.0743117,
            30.4684402
          ],
          [
            79.0742593,
            30.468067
          ],
          [
            79.0741615,
            30.4674952
          ],
          [
            79.0740372,
            30.4664752
          ],
          [
            79.0741487,
            30.4657755
          ],
          [
            79.0749764,
            30.4651306
          ],
          [
            79.0757246,
            30.46428
          ],
          [
            79.0757882,
            30.4635528
          ],
          [
            79.0755336,
            30.4628256
          ],
          [
            79.0752311,
            30.4623453
          ],
          [
            79.0748968,
            30.4620572
          ],
          [
            79.0743078,
            30.4618651
          ],
          [
            79.0739258,
            30.461769
          ],
          [
            79.0737348,
            30.4613986
          ],
          [
            79.0741805,
            30.4606439
          ],
          [
            79.0750719,
            30.4597246
          ],
          [
            79.076027,
            30.4587778
          ],
          [
            79.0762129,
            30.4586289
          ],
          [
            79.0764727,
            30.458421
          ],
          [
            79.076616,
            30.4580643
          ],
          [
            79.0766319,
            30.4574605
          ],
          [
            79.0764409,
            30.4565137
          ],
          [
            79.076218,
            30.455663
          ],
          [
            79.0758678,
            30.455265
          ],
          [
            79.0754221,
            30.4551415
          ],
          [
            79.0749605,
            30.4552376
          ],
          [
            79.0741168,
            30.4553337
          ],
          [
            79.0731299,
            30.4552513
          ],
          [
            79.0722544,
            30.4548946
          ],
          [
            79.0717768,
            30.4542908
          ],
          [
            79.0717609,
            30.4534949
          ],
          [
            79.0718723,
            30.4527402
          ],
          [
            79.0722225,
            30.4523285
          ],
          [
            79.0726643,
            30.4520353
          ],
          [
            79.0733527,
            30.4518894
          ],
          [
            79.0743556,
            30.4516973
          ],
          [
            79.0751993,
            30.451313
          ],
          [
            79.0756131,
            30.450819
          ],
          [
            79.0758997,
            30.4502564
          ],
          [
            79.0759156,
            30.4497761
          ],
          [
            79.0758641,
            30.4493923
          ],
          [
            79.0756654,
            30.4489157
          ],
          [
            79.0751038,
            30.4484862
          ],
          [
            79.0744989,
            30.4478961
          ],
          [
            79.0744352,
            30.4471276
          ],
          [
            79.0745785,
            30.4463591
          ],
          [
            79.0748331,
            30.4455357
          ],
          [
            79.0748809,
            30.4449868
          ],
          [
            79.0745466,
            30.4441359
          ],
          [
            79.0742283,
            30.4433537
          ],
          [
            79.0742919,
            30.4428184
          ],
          [
            79.0745148,
            30.4420636
          ],
          [
            79.0745215,
            30.4416467
          ],
          [
            79.0745307,
            30.4410755
          ],
          [
            79.0743238,
            30.4402795
          ],
          [
            79.0738144,
            30.4395521
          ],
          [
            79.0735278,
            30.4393325
          ],
          [
            79.0731617,
            30.4387424
          ],
          [
            79.0730503,
            30.4382483
          ],
          [
            79.072907,
            30.437617
          ],
          [
            79.0726683,
            30.4369308
          ],
          [
            79.0722385,
            30.4362994
          ],
          [
            79.0714266,
            30.4358328
          ],
          [
            79.0706307,
            30.4356544
          ],
          [
            79.0704556,
            30.4353387
          ],
          [
            79.0704079,
            30.4345701
          ],
          [
            79.070583,
            30.4339251
          ],
          [
            79.0704875,
            30.433129
          ],
          [
            79.0700258,
            30.4320173
          ],
          [
            79.0693095,
            30.4306585
          ],
          [
            79.0685932,
            30.4297663
          ],
          [
            79.0681907,
            30.4290077
          ],
          [
            79.0679087,
            30.4284761
          ],
          [
            79.0674789,
            30.4279408
          ],
          [
            79.067256,
            30.4274192
          ],
          [
            79.0671765,
            30.4269388
          ],
          [
            79.0673834,
            30.4258682
          ],
          [
            79.0673675,
            30.4255662
          ],
          [
            79.0672869,
            30.4253808
          ],
          [
            79.0671765,
            30.425127
          ],
          [
            79.0671924,
            30.4242073
          ],
          [
            79.0671446,
            30.4232876
          ],
          [
            79.0669058,
            30.4222993
          ],
          [
            79.0667307,
            30.4215306
          ],
          [
            79.0665875,
            30.4210502
          ],
          [
            79.0663328,
            30.4206247
          ],
          [
            79.0657279,
            30.4200756
          ],
          [
            79.0646932,
            30.4196775
          ],
          [
            79.0641679,
            30.4194304
          ],
          [
            79.0634834,
            30.4187715
          ],
          [
            79.0630218,
            30.4179479
          ],
          [
            79.0627989,
            30.4172341
          ],
          [
            79.0624328,
            30.4165065
          ],
          [
            79.0615891,
            30.4152024
          ],
          [
            79.0609206,
            30.4142003
          ],
          [
            79.0603157,
            30.4130334
          ],
          [
            79.0596153,
            30.4117293
          ],
          [
            79.0592325,
            30.4107391
          ],
          [
            79.0591536,
            30.4105349
          ],
          [
            79.0586283,
            30.4099309
          ],
          [
            79.0581667,
            30.4095876
          ],
          [
            79.0572275,
            30.4093405
          ],
          [
            79.0564794,
            30.4094915
          ],
          [
            79.0555243,
            30.4102054
          ],
          [
            79.0548557,
            30.4108095
          ],
          [
            79.0546819,
            30.4108545
          ],
          [
            79.054219,
            30.4109742
          ],
          [
            79.0541223,
            30.411004
          ],
          [
            79.0533275,
            30.4112488
          ],
          [
            79.0531846,
            30.4113158
          ],
          [
            79.0525953,
            30.411592
          ],
          [
            79.0522385,
            30.4116604
          ],
          [
            79.0520222,
            30.4117018
          ],
          [
            79.0516408,
            30.4115653
          ],
          [
            79.0513119,
            30.4114475
          ],
          [
            79.0511786,
            30.4113998
          ],
          [
            79.0500805,
            30.4111404
          ],
          [
            79.0497618,
            30.4103427
          ],
          [
            79.0484247,
            30.4096014
          ],
          [
            79.0474378,
            30.4090797
          ],
          [
            79.0469284,
            30.4083384
          ],
          [
            79.0465145,
            30.4075558
          ],
          [
            79.04583,
            30.4066909
          ],
          [
            79.0443178,
            30.4049885
          ],
          [
            79.0438721,
            30.4043295
          ],
          [
            79.0434264,
            30.4034783
          ],
          [
            79.0432513,
            30.4022839
          ],
          [
            79.043108,
            30.4014052
          ],
          [
            79.0426305,
            30.4008697
          ],
          [
            79.042137,
            30.4006501
          ],
          [
            79.0413888,
            30.4005814
          ],
          [
            79.0402586,
            30.400499
          ],
          [
            79.0390807,
            30.4007873
          ],
          [
            79.0380301,
            30.4012404
          ],
          [
            79.0371864,
            30.4013777
          ],
          [
            79.0363268,
            30.4012267
          ],
          [
            79.0358652,
            30.4009796
          ],
          [
            79.0357219,
            30.4006912
          ],
          [
            79.035706,
            30.4001146
          ],
          [
            79.0355627,
            30.3997988
          ],
          [
            79.0352284,
            30.3995105
          ],
          [
            79.0344325,
            30.3989476
          ],
          [
            79.0338117,
            30.3983572
          ],
          [
            79.0332705,
            30.397602
          ],
          [
            79.0330795,
            30.3968469
          ],
          [
            79.0330317,
            30.3963251
          ],
          [
            79.0328248,
            30.395721
          ],
          [
            79.0324905,
            30.3951992
          ],
          [
            79.0320289,
            30.3948285
          ],
          [
            79.031233,
            30.3946088
          ],
          [
            79.0305453,
            30.3944297
          ],
          [
            79.0303893,
            30.3943891
          ],
          [
            79.0298799,
            30.3942793
          ],
          [
            79.029275,
            30.3941283
          ],
          [
            79.0284473,
            30.3937163
          ],
          [
            79.0272534,
            30.3931946
          ],
          [
            79.0266007,
            30.3927277
          ],
          [
            79.0261232,
            30.3925904
          ],
          [
            79.0251044,
            30.392508
          ],
          [
            79.0241334,
            30.3925218
          ],
          [
            79.0234489,
            30.3926316
          ],
          [
            79.0227963,
            30.3926865
          ],
          [
            79.0223028,
            30.3925355
          ],
          [
            79.0209582,
            30.3919258
          ],
          [
            79.019896,
            30.3913382
          ],
          [
            79.0192952,
            30.3910004
          ],
          [
            79.018233,
            30.3902415
          ],
          [
            79.0176215,
            30.3898158
          ],
          [
            79.0172593,
            30.389478
          ],
          [
            79.0168168,
            30.3885803
          ],
          [
            79.0163662,
            30.3879509
          ],
          [
            79.0159907,
            30.3868959
          ],
          [
            79.0155616,
            30.3863868
          ],
          [
            79.0150765,
            30.3860432
          ],
          [
            79.0142826,
            30.3856928
          ],
          [
            79.0095407,
            30.3841196
          ],
          [
            79.008466,
            30.3831918
          ],
          [
            79.007725,
            30.3815637
          ],
          [
            79.0072125,
            30.3812382
          ],
          [
            79.004087,
            30.3806991
          ],
          [
            78.9996977,
            30.3779066
          ],
          [
            78.9985805,
            30.376893
          ],
          [
            78.9976825,
            30.3756442
          ],
          [
            78.9971267,
            30.3746021
          ],
          [
            78.9966578,
            30.373526
          ],
          [
            78.9954831,
            30.3718767
          ],
          [
            78.995099,
            30.3700017
          ],
          [
            78.9950561,
            30.3688446
          ],
          [
            78.994643,
            30.3680254
          ],
          [
            78.9941066,
            30.367794
          ],
          [
            78.9932,
            30.3676968
          ],
          [
            78.9922719,
            30.3677708
          ],
          [
            78.9910381,
            30.3676135
          ],
          [
            78.9905231,
            30.36747
          ],
          [
            78.9898901,
            30.3675857
          ],
          [
            78.9895551,
            30.3678418
          ],
          [
            78.9881977,
            30.3688793
          ],
          [
            78.9878007,
            30.3689164
          ],
          [
            78.9873769,
            30.368833
          ],
          [
            78.9865669,
            30.3685507
          ],
          [
            78.9853813,
            30.3684165
          ],
          [
            78.9847215,
            30.3684535
          ],
          [
            78.9837828,
            30.3685507
          ],
          [
            78.9833429,
            30.3684628
          ],
          [
            78.9830961,
            30.3683471
          ],
          [
            78.9828493,
            30.3680601
          ],
          [
            78.9826509,
            30.3674954
          ],
          [
            78.9825704,
            30.3667456
          ],
          [
            78.982388,
            30.3664633
          ],
          [
            78.9822265,
            30.3663463
          ],
          [
            78.9819535,
            30.3661486
          ],
          [
            78.9802744,
            30.3656348
          ],
          [
            78.9798184,
            30.3653571
          ],
          [
            78.9795395,
            30.3650053
          ],
          [
            78.9794537,
            30.364598
          ],
          [
            78.9790621,
            30.3632233
          ],
          [
            78.9787402,
            30.3612098
          ],
          [
            78.978295,
            30.3596083
          ],
          [
            78.9775815,
            30.3587427
          ],
          [
            78.9759024,
            30.3574698
          ],
          [
            78.9746954,
            30.3564699
          ],
          [
            78.9745613,
            30.3559283
          ],
          [
            78.9745613,
            30.3548266
          ],
          [
            78.9746847,
            30.3536277
          ],
          [
            78.9751031,
            30.3529241
          ],
          [
            78.9751669,
            30.3527075
          ],
          [
            78.9755269,
            30.3514844
          ],
          [
            78.9754464,
            30.3500818
          ],
          [
            78.9755162,
            30.3484106
          ],
          [
            78.9755323,
            30.3465774
          ],
          [
            78.9750495,
            30.3454061
          ],
          [
            78.9741644,
            30.3439062
          ],
          [
            78.9738264,
            30.3435497
          ],
          [
            78.9731719,
            30.3432395
          ],
          [
            78.9720615,
            30.3430775
          ],
          [
            78.9707043,
            30.3426886
          ],
          [
            78.9696797,
            30.3421886
          ],
          [
            78.9681562,
            30.3418784
          ],
          [
            78.9677968,
            30.3415775
          ],
          [
            78.9675232,
            30.3410404
          ],
          [
            78.9671799,
            30.339295
          ],
          [
            78.9671756,
            30.3388845
          ],
          [
            78.9671691,
            30.3382533
          ],
          [
            78.9672213,
            30.3381438
          ],
          [
            78.9678155,
            30.3368991
          ],
          [
            78.9683551,
            30.3361043
          ],
          [
            78.9686202,
            30.3357138
          ],
          [
            78.9688079,
            30.3350795
          ],
          [
            78.9686792,
            30.3341998
          ],
          [
            78.9679389,
            30.3330747
          ],
          [
            78.9673649,
            30.3318339
          ],
          [
            78.9672147,
            30.3311162
          ],
          [
            78.9674025,
            30.330343
          ],
          [
            78.9679228,
            30.3294401
          ],
          [
            78.9681267,
            30.3282872
          ],
          [
            78.9682554,
            30.3267267
          ],
          [
            78.9681857,
            30.3255043
          ],
          [
            78.9677672,
            30.324518
          ],
          [
            78.9669864,
            30.3236196
          ],
          [
            78.9666729,
            30.3231243
          ],
          [
            78.965938,
            30.3214619
          ],
          [
            78.9657717,
            30.320633
          ],
          [
            78.965777,
            30.3199523
          ],
          [
            78.9659165,
            30.3195494
          ],
          [
            78.9663993,
            30.3191697
          ],
          [
            78.9686631,
            30.3181046
          ],
          [
            78.9702134,
            30.3170071
          ],
          [
            78.9704655,
            30.3166367
          ],
          [
            78.9705085,
            30.3161227
          ],
          [
            78.9702993,
            30.3150112
          ],
          [
            78.9705085,
            30.3141684
          ],
          [
            78.9711522,
            30.312793
          ],
          [
            78.9713507,
            30.3118714
          ],
          [
            78.9717208,
            30.310797
          ],
          [
            78.972032,
            30.3104312
          ],
          [
            78.9725577,
            30.3100653
          ],
          [
            78.9731263,
            30.3100699
          ],
          [
            78.9738988,
            30.310408
          ],
          [
            78.9743118,
            30.3106766
          ],
          [
            78.9745371,
            30.3113065
          ],
          [
            78.9748912,
            30.3125105
          ],
          [
            78.9752506,
            30.3127513
          ],
          [
            78.9759802,
            30.3127699
          ],
          [
            78.9777987,
            30.312404
          ],
          [
            78.9788394,
            30.3122882
          ],
          [
            78.9794509,
            30.3119872
          ],
          [
            78.9797943,
            30.3114037
          ],
          [
            78.9795636,
            30.3109174
          ],
          [
            78.9794992,
            30.3096346
          ],
          [
            78.9797406,
            30.3086019
          ],
          [
            78.9797621,
            30.3066799
          ],
          [
            78.9797031,
            30.3057629
          ],
          [
            78.9797433,
            30.3053484
          ],
          [
            78.9803522,
            30.3046097
          ],
          [
            78.9807599,
            30.3044522
          ],
          [
            78.981307,
            30.3044013
          ],
          [
            78.9816825,
            30.3041975
          ],
          [
            78.9818596,
            30.303915
          ],
          [
            78.9818059,
            30.3035352
          ],
          [
            78.9813714,
            30.3032897
          ],
          [
            78.9796226,
            30.3029516
          ],
          [
            78.9786195,
            30.3024746
          ],
          [
            78.97822227982365,
            30.302259797918964
          ]
        ]
      }
    },
    {
      "type": "Feature",
      "properties": {
        "source": "OSM"
      },
      "geometry": {
        "type": "LineString",
        "coordinates": [
          [
            79.0635211,
            30.7436617
          ],
          [
            79.0634639,
            30.7423333
          ],
          [
            79.0638646,
            30.7412877
          ],
          [
            79.0643655,
            30.7403651
          ],
          [
            79.0644823,
            30.7399274
          ],
          [
            79.0649764,
            30.7387789
          ],
          [
            79.0656546,
            30.7379042
          ],
          [
            79.0659848,
            30.7374652
          ],
          [
            79.0661404,
            30.7368806
          ],
          [
            79.0659534,
            30.7366738
          ],
          [
            79.065613,
            30.7365288
          ],
          [
            79.0653955,
            30.7362155
          ],
          [
            79.065324,
            30.7359894
          ],
          [
            79.065225,
            30.7357737
          ],
          [
            79.0652702,
            30.7352147
          ],
          [
            79.0653121,
            30.7344559
          ],
          [
            79.0653734,
            30.7342069
          ],
          [
            79.0655213,
            30.7335546
          ],
          [
            79.0657723,
            30.7330699
          ],
          [
            79.0658559,
            30.7328594
          ],
          [
            79.0659386,
            30.7324897
          ],
          [
            79.0660888,
            30.7323082
          ],
          [
            79.0662834,
            30.7319064
          ],
          [
            79.0664612,
            30.7315676
          ],
          [
            79.0666936,
            30.7310327
          ],
          [
            79.0668034,
            30.7305344
          ],
          [
            79.067007,
            30.7299875
          ],
          [
            79.0669106,
            30.7296642
          ],
          [
            79.0669414,
            30.7295586
          ],
          [
            79.0669903,
            30.7293911
          ],
          [
            79.0670552,
            30.7288767
          ],
          [
            79.0675754,
            30.7285659
          ],
          [
            79.0676049,
            30.7278239
          ],
          [
            79.0675663,
            30.7271855
          ],
          [
            79.0676628,
            30.7265887
          ],
          [
            79.0680775,
            30.7262073
          ],
          [
            79.068145,
            30.726025
          ],
          [
            79.0680968,
            30.7257182
          ],
          [
            79.0680912,
            30.7255703
          ],
          [
            79.0680775,
            30.7252042
          ],
          [
            79.0682028,
            30.7243835
          ],
          [
            79.0683089,
            30.7238944
          ],
          [
            79.06828,
            30.7234799
          ],
          [
            79.0683481,
            30.7232287
          ],
          [
            79.0681546,
            30.7226923
          ],
          [
            79.069119,
            30.7208187
          ],
          [
            79.0692829,
            30.7200063
          ],
          [
            79.0697265,
            30.7190114
          ],
          [
            79.0697773,
            30.7181664
          ],
          [
            79.0698326,
            30.7170797
          ],
          [
            79.0702666,
            30.7164827
          ],
          [
            79.0704788,
            30.7158112
          ],
          [
            79.0704119,
            30.7149877
          ],
          [
            79.0700159,
            30.7139043
          ],
          [
            79.0696204,
            30.7132257
          ],
          [
            79.0691383,
            30.7127933
          ],
          [
            79.0687335,
            30.7124621
          ],
          [
            79.0685215,
            30.7119825
          ],
          [
            79.0679025,
            30.7114689
          ],
          [
            79.0676724,
            30.7109361
          ],
          [
            79.066872,
            30.7104712
          ],
          [
            79.0666678,
            30.7103363
          ],
          [
            79.0655399,
            30.7093535
          ],
          [
            79.0654474,
            30.7092729
          ],
          [
            79.0650493,
            30.7089544
          ],
          [
            79.0647748,
            30.7087331
          ],
          [
            79.0645864,
            30.7085813
          ],
          [
            79.0643901,
            30.7082506
          ],
          [
            79.0637667,
            30.7075863
          ],
          [
            79.0630724,
            30.7063592
          ],
          [
            79.0628375,
            30.7060084
          ],
          [
            79.0627045,
            30.7055877
          ],
          [
            79.062542,
            30.705273
          ],
          [
            79.0621303,
            30.7044648
          ],
          [
            79.0617883,
            30.7037067
          ],
          [
            79.0618409,
            30.7031557
          ],
          [
            79.0618958,
            30.7024869
          ],
          [
            79.0613654,
            30.7021884
          ],
          [
            79.0612212,
            30.7017128
          ],
          [
            79.0608157,
            30.7010524
          ],
          [
            79.0605571,
            30.7007495
          ],
          [
            79.0602564,
            30.7003973
          ],
          [
            79.0601706,
            30.7001376
          ],
          [
            79.0598661,
            30.6999885
          ],
          [
            79.05964,
            30.6995959
          ],
          [
            79.0592934,
            30.6991293
          ],
          [
            79.0586945,
            30.6983642
          ],
          [
            79.0580673,
            30.6980008
          ],
          [
            79.0572379,
            30.6971716
          ],
          [
            79.0571064,
            30.6963718
          ],
          [
            79.0565266,
            30.6953161
          ],
          [
            79.0561771,
            30.6950736
          ],
          [
            79.0555592,
            30.6946106
          ],
          [
            79.0552256,
            30.6943773
          ],
          [
            79.0547229,
            30.6943051
          ],
          [
            79.0542061,
            30.6937053
          ],
          [
            79.0541652,
            30.6936359
          ],
          [
            79.0539184,
            30.6936175
          ],
          [
            79.0537662,
            30.6935643
          ],
          [
            79.0535432,
            30.6934113
          ],
          [
            79.0534929,
            30.6933767
          ],
          [
            79.0533901,
            30.6932492
          ],
          [
            79.053149,
            30.6927268
          ],
          [
            79.0529457,
            30.6925842
          ],
          [
            79.0525835,
            30.6924755
          ],
          [
            79.0523219,
            30.6922937
          ],
          [
            79.0520853,
            30.6921691
          ],
          [
            79.0515702,
            30.6914893
          ],
          [
            79.051333,
            30.6913192
          ],
          [
            79.0510664,
            30.6906879
          ],
          [
            79.0506273,
            30.6902385
          ],
          [
            79.0506318,
            30.6896374
          ],
          [
            79.050436,
            30.6894866
          ],
          [
            79.0503085,
            30.6892093
          ],
          [
            79.0503014,
            30.6887745
          ],
          [
            79.0500641,
            30.6880657
          ],
          [
            79.0487981,
            30.6872399
          ],
          [
            79.0485848,
            30.6862649
          ],
          [
            79.0484139,
            30.6858435
          ],
          [
            79.0486658,
            30.6851801
          ],
          [
            79.0486613,
            30.6848234
          ],
          [
            79.0485356,
            30.6846107
          ],
          [
            79.0484052,
            30.6844165
          ],
          [
            79.0483516,
            30.6842042
          ],
          [
            79.0482443,
            30.6841028
          ],
          [
            79.0481853,
            30.6838121
          ],
          [
            79.0480832,
            30.68367
          ],
          [
            79.0476216,
            30.6830277
          ],
          [
            79.0457309,
            30.6803966
          ],
          [
            79.0454366,
            30.6798078
          ],
          [
            79.0449148,
            30.6784973
          ],
          [
            79.043433,
            30.6755478
          ],
          [
            79.0427304,
            30.6735217
          ],
          [
            79.0408336,
            30.671329
          ],
          [
            79.0402472,
            30.6706217
          ],
          [
            79.0399679,
            30.6701158
          ],
          [
            79.0396598,
            30.6690391
          ],
          [
            79.0385104,
            30.6672703
          ],
          [
            79.0385306,
            30.6663998
          ],
          [
            79.0380452,
            30.665332
          ],
          [
            79.037447,
            30.6647986
          ],
          [
            79.0371049,
            30.6639618
          ],
          [
            79.0342498,
            30.6611994
          ],
          [
            79.0337241,
            30.6605811
          ],
          [
            79.0337064,
            30.6604867
          ],
          [
            79.03359,
            30.6598658
          ],
          [
            79.0324071,
            30.6583938
          ],
          [
            79.0316346,
            30.6577293
          ],
          [
            79.0313221,
            30.6572293
          ],
          [
            79.0309533,
            30.6568225
          ],
          [
            79.0305135,
            30.6564395
          ],
          [
            79.029851,
            30.6562111
          ],
          [
            79.0293467,
            30.6562583
          ],
          [
            79.0290825,
            30.6562255
          ],
          [
            79.0287566,
            30.6561695
          ],
          [
            79.0285957,
            30.656045
          ],
          [
            79.0283992,
            30.6558474
          ],
          [
            79.0284967,
            30.6554015
          ],
          [
            79.0284144,
            30.6551933
          ],
          [
            79.0276807,
            30.6534121
          ],
          [
            79.0273828,
            30.6532627
          ],
          [
            79.0266139,
            30.6530459
          ],
          [
            79.026165,
            30.6528335
          ],
          [
            79.0259451,
            30.6526673
          ],
          [
            79.0259049,
            30.6523951
          ],
          [
            79.0256956,
            30.652312
          ],
          [
            79.0250975,
            30.6522474
          ],
          [
            79.0248841,
            30.6520088
          ],
          [
            79.025111,
            30.6515874
          ],
          [
            79.0253442,
            30.651239
          ],
          [
            79.0256431,
            30.6509551
          ],
          [
            79.0260368,
            30.6507622
          ],
          [
            79.0255111,
            30.6504471
          ],
          [
            79.0252013,
            30.6501178
          ],
          [
            79.024832,
            30.6494784
          ],
          [
            79.0243384,
            30.6488185
          ],
          [
            79.0242526,
            30.6483754
          ],
          [
            79.0243068,
            30.6480769
          ],
          [
            79.0242355,
            30.6476568
          ],
          [
            79.0241131,
            30.6474339
          ],
          [
            79.0237657,
            30.6472154
          ],
          [
            79.0233138,
            30.647314
          ],
          [
            79.0224931,
            30.6471847
          ],
          [
            79.0222195,
            30.6468432
          ],
          [
            79.021561,
            30.6465966
          ],
          [
            79.020828,
            30.6466166
          ],
          [
            79.0201628,
            30.6464874
          ],
          [
            79.0199965,
            30.6462566
          ],
          [
            79.0198892,
            30.6455874
          ],
          [
            79.0196371,
            30.6453428
          ],
          [
            79.0183187,
            30.6449305
          ],
          [
            79.0172017,
            30.6437229
          ],
          [
            79.0161695,
            30.6429444
          ],
          [
            79.0154958,
            30.6426106
          ],
          [
            79.0152597,
            30.642306
          ],
          [
            79.0151739,
            30.6416737
          ],
          [
            79.013971,
            30.6404813
          ],
          [
            79.01254,
            30.6391213
          ],
          [
            79.0106047,
            30.6380443
          ],
          [
            79.0096807,
            30.6372197
          ],
          [
            79.0084862,
            30.6366567
          ],
          [
            79.0071002,
            30.6367069
          ],
          [
            79.0057406,
            30.636849
          ],
          [
            79.00539,
            30.6368149
          ],
          [
            79.0050313,
            30.6367339
          ],
          [
            79.0044107,
            30.6365937
          ],
          [
            79.0036149,
            30.6359719
          ],
          [
            79.0031398,
            30.6356443
          ],
          [
            79.0024013,
            30.6353389
          ],
          [
            79.0010439,
            30.6351679
          ],
          [
            79.0004714,
            30.6348282
          ]
        ]
      }
    },
    {
      "type": "Feature",
      "properties": {
        "source": "OSM"
      },
      "geometry": {
        "type": "LineString",
        "coordinates": [
          [
            79.1690468,
            30.7228765
          ],
          [
            79.1681058,
            30.7226298
          ],
          [
            79.1675799,
            30.7223997
          ],
          [
            79.1669801,
            30.7218841
          ],
          [
            79.1664145,
            30.7208676
          ],
          [
            79.1647351,
            30.7196301
          ],
          [
            79.163604,
            30.7185399
          ],
          [
            79.1621302,
            30.7174644
          ],
          [
            79.161479,
            30.7169782
          ],
          [
            79.1610849,
            30.7165215
          ],
          [
            79.1610335,
            30.7154607
          ],
          [
            79.1611192,
            30.7144883
          ],
          [
            79.1610335,
            30.7134717
          ],
          [
            79.1598853,
            30.7118805
          ],
          [
            79.1594569,
            30.7109228
          ],
          [
            79.1592512,
            30.7108344
          ],
          [
            79.1567663,
            30.7083002
          ],
          [
            79.1565939,
            30.7070614
          ],
          [
            79.1557038,
            30.7062079
          ],
          [
            79.1554747,
            30.7056444
          ],
          [
            79.1550117,
            30.7054255
          ],
          [
            79.1544481,
            30.7054279
          ],
          [
            79.1540138,
            30.7052286
          ],
          [
            79.1534417,
            30.7044693
          ],
          [
            79.1531706,
            30.7040969
          ],
          [
            79.1525615,
            30.7039812
          ],
          [
            79.1521994,
            30.7023357
          ],
          [
            79.151341,
            30.70154
          ],
          [
            79.1497572,
            30.7010726
          ],
          [
            79.1485298,
            30.7000596
          ],
          [
            79.1481292,
            30.6997246
          ],
          [
            79.1475637,
            30.6986931
          ],
          [
            79.146625,
            30.6983229
          ],
          [
            79.1458938,
            30.6976874
          ],
          [
            79.1447547,
            30.697156
          ],
          [
            79.1442458,
            30.6966767
          ],
          [
            79.1436035,
            30.6963016
          ],
          [
            79.1431431,
            30.6958952
          ],
          [
            79.1426462,
            30.6946552
          ],
          [
            79.1425038,
            30.6943916
          ],
          [
            79.1422463,
            30.6939154
          ],
          [
            79.1418828,
            30.6937278
          ],
          [
            79.1415677,
            30.6934777
          ],
          [
            79.1412163,
            30.6935194
          ],
          [
            79.1411073,
            30.6933527
          ],
          [
            79.1411921,
            30.6930714
          ],
          [
            79.140877,
            30.6925087
          ],
          [
            79.1407437,
            30.6920502
          ],
          [
            79.1408528,
            30.6916021
          ],
          [
            79.1405741,
            30.6911123
          ],
          [
            79.1395925,
            30.6902162
          ],
          [
            79.1392775,
            30.6897056
          ],
          [
            79.1385603,
            30.6888738
          ],
          [
            79.138149,
            30.6886748
          ],
          [
            79.1373093,
            30.6881701
          ],
          [
            79.1351695,
            30.687007
          ],
          [
            79.1347757,
            30.6866684
          ],
          [
            79.1346727,
            30.6849072
          ],
          [
            79.1347575,
            30.6837661
          ],
          [
            79.1346727,
            30.6833023
          ],
          [
            79.1342183,
            30.6829741
          ],
          [
            79.133418,
            30.6824621
          ],
          [
            79.1332126,
            30.682073
          ],
          [
            79.1333034,
            30.6816714
          ],
          [
            79.1333949,
            30.6812067
          ],
          [
            79.1325152,
            30.6804306
          ],
          [
            79.1322034,
            30.6795871
          ],
          [
            79.1314039,
            30.6789053
          ],
          [
            79.1308631,
            30.678721
          ],
          [
            79.1303801,
            30.6782714
          ],
          [
            79.1299699,
            30.6775165
          ],
          [
            79.1287369,
            30.6765454
          ],
          [
            79.128543,
            30.676191
          ],
          [
            79.1277796,
            30.6758471
          ],
          [
            79.1269684,
            30.6756139
          ],
          [
            79.1261315,
            30.6750603
          ],
          [
            79.1255327,
            30.6751288
          ],
          [
            79.1252102,
            30.6751921
          ],
          [
            79.1245866,
            30.6744881
          ],
          [
            79.1237283,
            30.674322
          ],
          [
            79.1233254,
            30.6745285
          ],
          [
            79.1229451,
            30.6745251
          ],
          [
            79.1225803,
            30.6743128
          ],
          [
            79.1222477,
            30.6742667
          ],
          [
            79.1217005,
            30.6745527
          ],
          [
            79.1210404,
            30.6744085
          ],
          [
            79.1191363,
            30.672901
          ],
          [
            79.1187072,
            30.6722273
          ],
          [
            79.1182366,
            30.672073
          ],
          [
            79.1177845,
            30.6722458
          ],
          [
            79.1173594,
            30.6721071
          ],
          [
            79.1171408,
            30.6718305
          ],
          [
            79.1172362,
            30.6704127
          ],
          [
            79.1164005,
            30.6693021
          ],
          [
            79.1158667,
            30.6688811
          ],
          [
            79.1156001,
            30.6681098
          ],
          [
            79.1154547,
            30.6671926
          ],
          [
            79.1150427,
            30.6662545
          ],
          [
            79.1138067,
            30.6658168
          ],
          [
            79.1120618,
            30.6658376
          ],
          [
            79.1111408,
            30.6650037
          ],
          [
            79.1110681,
            30.6637529
          ],
          [
            79.111262,
            30.6628148
          ],
          [
            79.1105834,
            30.6620018
          ],
          [
            79.1096624,
            30.6608343
          ],
          [
            79.1089838,
            30.6601464
          ],
          [
            79.1081515,
            30.6595305
          ],
          [
            79.1078818,
            30.6589106
          ],
          [
            79.108076,
            30.6580001
          ],
          [
            79.1085791,
            30.6568617
          ],
          [
            79.1082573,
            30.6561418
          ],
          [
            79.1071474,
            30.6557664
          ],
          [
            79.1072631,
            30.6548301
          ],
          [
            79.1067542,
            30.6542046
          ],
          [
            79.1062937,
            30.6529328
          ],
          [
            79.1059291,
            30.6526623
          ],
          [
            79.1058499,
            30.651957
          ],
          [
            79.1061437,
            30.6509548
          ],
          [
            79.1059613,
            30.650604
          ],
          [
            79.1053179,
            30.6505138
          ],
          [
            79.1043791,
            30.6507437
          ],
          [
            79.104064,
            30.6505769
          ],
          [
            79.1037732,
            30.6493259
          ],
          [
            79.1033612,
            30.6482
          ],
          [
            79.1030219,
            30.6475328
          ],
          [
            79.1028522,
            30.6461566
          ],
          [
            79.1024402,
            30.6449473
          ],
          [
            79.1017859,
            30.6426954
          ],
          [
            79.1017859,
            30.6409647
          ],
          [
            79.1017859,
            30.639234
          ],
          [
            79.1025987,
            30.6380559
          ],
          [
            79.103086,
            30.6379767
          ],
          [
            79.1033864,
            30.6375982
          ],
          [
            79.1031606,
            30.6365196
          ],
          [
            79.1028392,
            30.6358073
          ],
          [
            79.1028247,
            30.6351155
          ],
          [
            79.103197,
            30.6343457
          ],
          [
            79.1033,
            30.6340954
          ],
          [
            79.1032515,
            30.6336471
          ],
          [
            79.1032879,
            30.6331622
          ],
          [
            79.1034939,
            30.6324272
          ],
          [
            79.1034272,
            30.6315617
          ],
          [
            79.1034333,
            30.6310456
          ],
          [
            79.1019731,
            30.6291795
          ],
          [
            79.1014884,
            30.6279804
          ],
          [
            79.101029,
            30.6273537
          ],
          [
            79.1011218,
            30.6264645
          ],
          [
            79.1012285,
            30.6256391
          ],
          [
            79.1018438,
            30.6250108
          ],
          [
            79.102487,
            30.6245126
          ],
          [
            79.1026665,
            30.6235956
          ],
          [
            79.1020241,
            30.622053
          ],
          [
            79.101371,
            30.6209267
          ],
          [
            79.101343,
            30.6198572
          ],
          [
            79.1010521,
            30.6190021
          ],
          [
            79.1009552,
            30.6185537
          ],
          [
            79.1013309,
            30.6170729
          ],
          [
            79.101755,
            30.6161135
          ],
          [
            79.101549,
            30.615519
          ],
          [
            79.1013309,
            30.6151436
          ],
          [
            79.1001797,
            30.6143719
          ],
          [
            79.0997251,
            30.6140182
          ],
          [
            79.0992558,
            30.6133541
          ],
          [
            79.099803,
            30.6130955
          ],
          [
            79.0999906,
            30.6126169
          ],
          [
            79.0998233,
            30.6116658
          ],
          [
            79.0988252,
            30.6110425
          ],
          [
            79.0970224,
            30.6096979
          ],
          [
            79.096335,
            30.6099819
          ],
          [
            79.0958679,
            30.6098473
          ],
          [
            79.0948462,
            30.608571
          ],
          [
            79.0939153,
            30.6079931
          ],
          [
            79.0927676,
            30.6067272
          ],
          [
            79.092164,
            30.6067611
          ],
          [
            79.0917456,
            30.6065303
          ],
          [
            79.09173,
            30.6058102
          ],
          [
            79.0910402,
            30.6053065
          ],
          [
            79.089735,
            30.6041685
          ],
          [
            79.0888274,
            30.6040093
          ],
          [
            79.0880143,
            30.6033758
          ],
          [
            79.088267,
            30.6022592
          ],
          [
            79.0879476,
            30.6014883
          ],
          [
            79.0868025,
            30.6010812
          ],
          [
            79.0865314,
            30.600297
          ],
          [
            79.0867567,
            30.5996968
          ],
          [
            79.0860662,
            30.5984637
          ],
          [
            79.0859132,
            30.5981928
          ],
          [
            79.085201,
            30.5975081
          ],
          [
            79.0848899,
            30.5967601
          ],
          [
            79.0856087,
            30.5961044
          ],
          [
            79.0853834,
            30.5949408
          ],
          [
            79.0842569,
            30.5940911
          ],
          [
            79.0825975,
            30.5934153
          ],
          [
            79.0813708,
            30.5938048
          ],
          [
            79.0796841,
            30.5932496
          ]
        ]
      }
    },
    {
      "type": "Feature",
      "properties": {
        "source": "OSM"
      },
      "geometry": {
        "type": "LineString",
        "coordinates": [
          [
            79.2264676,
            30.6175091
          ],
          [
            79.2249548,
            30.6173613
          ],
          [
            79.2239571,
            30.6176106
          ],
          [
            79.2226589,
            30.617426
          ],
          [
            79.2218327,
            30.617112
          ],
          [
            79.2210603,
            30.6170843
          ],
          [
            79.220792,
            30.616872
          ],
          [
            79.2206955,
            30.6164011
          ],
          [
            79.2201054,
            30.6161703
          ],
          [
            79.2195153,
            30.6161795
          ],
          [
            79.219054,
            30.6160225
          ],
          [
            79.2184424,
            30.615607
          ],
          [
            79.2185068,
            30.61521
          ],
          [
            79.2127837,
            30.6126169
          ],
          [
            79.2071557,
            30.6122645
          ],
          [
            79.2065334,
            30.6113596
          ],
          [
            79.2053318,
            30.6111934
          ],
          [
            79.2047524,
            30.6103809
          ],
          [
            79.2032718,
            30.6099746
          ],
          [
            79.2030787,
            30.6092543
          ],
          [
            79.2017054,
            30.6087003
          ],
          [
            79.1995811,
            30.6093836
          ],
          [
            79.1993388,
            30.6093247
          ],
          [
            79.1985941,
            30.6091435
          ],
          [
            79.1981005,
            30.6083679
          ],
          [
            79.1973281,
            30.6051913
          ],
          [
            79.1954398,
            30.6042125
          ],
          [
            79.1913199,
            30.6049143
          ],
          [
            79.1908264,
            30.6061148
          ],
          [
            79.1892171,
            30.6065765
          ],
          [
            79.187687,
            30.6065462
          ]
        ]
      }
    },
    {
      "type": "Feature",
      "properties": {
        "source": "OSM"
      },
      "geometry": {
        "type": "LineString",
        "coordinates": [
          [
            79.1075921,
            30.7396467
          ],
          [
            79.1062769,
            30.736979
          ],
          [
            79.1043305,
            30.7349894
          ],
          [
            79.1029627,
            30.7329094
          ],
          [
            79.1020158,
            30.7285684
          ],
          [
            79.1002798,
            30.7221018
          ],
          [
            79.0990699,
            30.7173532
          ],
          [
            79.0990699,
            30.7141422
          ],
          [
            79.0967026,
            30.7094385
          ],
          [
            79.0954927,
            30.7038752
          ],
          [
            79.0934411,
            30.701297
          ],
          [
            79.0919155,
            30.6979497
          ],
          [
            79.0918103,
            30.6957332
          ],
          [
            79.0898113,
            30.6933357
          ],
          [
            79.0893378,
            30.6899881
          ],
          [
            79.0874966,
            30.6878619
          ],
          [
            79.0783432,
            30.6818449
          ],
          [
            79.0719253,
            30.6760086
          ],
          [
            79.0689267,
            30.6726152
          ],
          [
            79.0687689,
            30.6687239
          ],
          [
            79.073556,
            30.6629772
          ],
          [
            79.0776593,
            30.6584973
          ],
          [
            79.0788692,
            30.6531121
          ],
          [
            79.0795005,
            30.6432007
          ],
          [
            79.0783958,
            30.6380409
          ],
          [
            79.078238,
            30.6347367
          ],
          [
            79.0781327,
            30.6296218
          ],
          [
            79.0758707,
            30.623918
          ],
          [
            79.0752613,
            30.6192176
          ],
          [
            79.076898,
            30.6163045
          ],
          [
            79.0773582,
            30.615053
          ],
          [
            79.0768969,
            30.6144252
          ],
          [
            79.0766394,
            30.613391
          ],
          [
            79.0776985,
            30.6128347
          ],
          [
            79.0781093,
            30.6123292
          ],
          [
            79.077605,
            30.6108887
          ],
          [
            79.0773368,
            30.6105009
          ],
          [
            79.0764356,
            30.6107317
          ],
          [
            79.0757471,
            30.6093576
          ],
          [
            79.0761244,
            30.6076291
          ],
          [
            79.0767252,
            30.607306
          ],
          [
            79.076339,
            30.6054776
          ],
          [
            79.0762873,
            30.6033386
          ],
          [
            79.0781913,
            30.6020077
          ],
          [
            79.0783346,
            30.6015068
          ],
          [
            79.0790319,
            30.6012298
          ],
          [
            79.0798902,
            30.6001493
          ],
          [
            79.0812227,
            30.5997119
          ],
          [
            79.0818644,
            30.5994521
          ],
          [
            79.0821448,
            30.5976422
          ],
          [
            79.0808936,
            30.5955119
          ],
          [
            79.0797211,
            30.5948282
          ],
          [
            79.0797132,
            30.5941696
          ],
          [
            79.0796841,
            30.5932496
          ],
          [
            79.0791862,
            30.59305
          ],
          [
            79.078942,
            30.5929521
          ],
          [
            79.0785491,
            30.5927474
          ],
          [
            79.078407,
            30.5926227
          ],
          [
            79.0782809,
            30.5923133
          ],
          [
            79.0787154,
            30.5916991
          ],
          [
            79.0800154,
            30.5910656
          ],
          [
            79.0805813,
            30.5905956
          ],
          [
            79.0808206,
            30.5900267
          ],
          [
            79.0808085,
            30.589385
          ],
          [
            79.0792601,
            30.5878572
          ],
          [
            79.0789625,
            30.5867685
          ],
          [
            79.0798366,
            30.5840466
          ],
          [
            79.0812316,
            30.5827976
          ],
          [
            79.0821801,
            30.5812285
          ],
          [
            79.0815292,
            30.5799955
          ],
          [
            79.0808782,
            30.5794191
          ],
          [
            79.0808968,
            30.5787946
          ],
          [
            79.0838102,
            30.5784126
          ],
          [
            79.0825113,
            30.5772405
          ],
          [
            79.0827567,
            30.5752398
          ],
          [
            79.0833333,
            30.5735744
          ],
          [
            79.084319,
            30.5728218
          ],
          [
            79.0845608,
            30.5721012
          ],
          [
            79.0842446,
            30.5702916
          ],
          [
            79.0839842,
            30.5692507
          ],
          [
            79.0830729,
            30.5688984
          ],
          [
            79.0823103,
            30.5681938
          ],
          [
            79.0823103,
            30.5674732
          ],
          [
            79.0825521,
            30.5660319
          ],
          [
            79.0836484,
            30.5654183
          ],
          [
            79.083668,
            30.5654073
          ],
          [
            79.0849763,
            30.5646978
          ],
          [
            79.0848982,
            30.5644875
          ],
          [
            79.0843429,
            30.5642775
          ],
          [
            79.0840101,
            30.5640162
          ],
          [
            79.0840745,
            30.5632864
          ],
          [
            79.0845734,
            30.5626443
          ],
          [
            79.0851785,
            30.5623167
          ],
          [
            79.0852547,
            30.5621732
          ],
          [
            79.0852439,
            30.5618637
          ],
          [
            79.0850455,
            30.5617159
          ],
          [
            79.0844864,
            30.5615477
          ],
          [
            79.0839136,
            30.561448
          ],
          [
            79.083758,
            30.5613048
          ],
          [
            79.0838472,
            30.5608089
          ],
          [
            79.0843934,
            30.5600262
          ],
          [
            79.0854163,
            30.5596579
          ],
          [
            79.0861505,
            30.5594986
          ],
          [
            79.0860915,
            30.5592215
          ],
          [
            79.0854267,
            30.5589237
          ],
          [
            79.0848952,
            30.5588427
          ],
          [
            79.0846968,
            30.5586117
          ],
          [
            79.0848459,
            30.5577772
          ],
          [
            79.084892,
            30.5567793
          ],
          [
            79.0840146,
            30.5560032
          ],
          [
            79.0835112,
            30.5555029
          ],
          [
            79.0835005,
            30.5552211
          ],
          [
            79.0839618,
            30.5549023
          ],
          [
            79.0839459,
            30.5545977
          ],
          [
            79.0834077,
            30.5536839
          ],
          [
            79.0840236,
            30.5527197
          ],
          [
            79.0855765,
            30.5522091
          ],
          [
            79.0856895,
            30.551699
          ],
          [
            79.0844492,
            30.5507368
          ],
          [
            79.0835649,
            30.5503243
          ],
          [
            79.0830171,
            30.5496956
          ],
          [
            79.0824661,
            30.5480219
          ]
        ]
      }
    },
    {
      "type": "Feature",
      "properties": {
        "source": "OSM"
      },
      "geometry": {
        "type": "LineString",
        "coordinates": [
          [
            79.0761452,
            30.5575534
          ],
          [
            79.0759957,
            30.5558863
          ],
          [
            79.0761566,
            30.5548792
          ],
          [
            79.0769452,
            30.5543711
          ],
          [
            79.0776096,
            30.5544122
          ],
          [
            79.079353,
            30.5549942
          ],
          [
            79.0793923,
            30.5547809
          ],
          [
            79.0794752,
            30.554623
          ],
          [
            79.0794396,
            30.5541174
          ],
          [
            79.0794074,
            30.5537613
          ],
          [
            79.0798044,
            30.5528374
          ],
          [
            79.0802658,
            30.5526618
          ],
          [
            79.0806359,
            30.5526525
          ],
          [
            79.0808612,
            30.5526018
          ],
          [
            79.0810168,
            30.5524401
          ],
          [
            79.0809517,
            30.5520746
          ],
          [
            79.079901,
            30.5512667
          ],
          [
            79.079681,
            30.5508925
          ],
          [
            79.0796535,
            30.5505224
          ],
          [
            79.0797239,
            30.5501395
          ],
          [
            79.0800297,
            30.5499408
          ],
          [
            79.080711,
            30.5496683
          ],
          [
            79.0824661,
            30.5480219
          ],
          [
            79.0825178,
            30.5475947
          ],
          [
            79.0832915,
            30.5470333
          ],
          [
            79.0835434,
            30.5466469
          ],
          [
            79.0839412,
            30.545853
          ],
          [
            79.0841639,
            30.5457027
          ],
          [
            79.0846646,
            30.5454503
          ],
          [
            79.0859199,
            30.5453163
          ],
          [
            79.0865743,
            30.5449052
          ],
          [
            79.0871101,
            30.5447217
          ],
          [
            79.0878771,
            30.5447175
          ],
          [
            79.089539,
            30.5452981
          ],
          [
            79.0898949,
            30.5453302
          ],
          [
            79.0901685,
            30.5452378
          ],
          [
            79.0903079,
            30.5450576
          ],
          [
            79.0902758,
            30.5447065
          ],
          [
            79.0899613,
            30.5442329
          ],
          [
            79.0893111,
            30.5434051
          ],
          [
            79.0892512,
            30.543108
          ],
          [
            79.0893423,
            30.5427846
          ],
          [
            79.0895772,
            30.542497
          ],
          [
            79.0904421,
            30.5420592
          ],
          [
            79.0911903,
            30.5418211
          ],
          [
            79.09159,
            30.5417866
          ],
          [
            79.0917671,
            30.5416295
          ],
          [
            79.0918851,
            30.5412045
          ],
          [
            79.0918414,
            30.5394344
          ],
          [
            79.092325,
            30.5384785
          ],
          [
            79.0929258,
            30.5380997
          ],
          [
            79.0932369,
            30.5381274
          ],
          [
            79.0934811,
            30.5384474
          ],
          [
            79.0935311,
            30.5389825
          ],
          [
            79.0939236,
            30.5393009
          ],
          [
            79.0944056,
            30.539305
          ],
          [
            79.094916,
            30.5392178
          ],
          [
            79.0954375,
            30.5388002
          ],
          [
            79.0958313,
            30.538245
          ],
          [
            79.0960586,
            30.53773
          ],
          [
            79.0960211,
            30.5375221
          ],
          [
            79.0954452,
            30.537319
          ],
          [
            79.0952593,
            30.5368475
          ],
          [
            79.0952907,
            30.5359137
          ]
        ]
      }
    },
    {
      "type": "Feature",
      "properties": {
        "source": "OSM"
      },
      "geometry": {
        "type": "LineString",
        "coordinates": [
          [
            79.012766,
            30.4801209
          ],
          [
            79.013315,
            30.4795125
          ],
          [
            79.0139233,
            30.4788302
          ],
          [
            79.0145002,
            30.4785681
          ],
          [
            79.0150235,
            30.4785681
          ],
          [
            79.0154798,
            30.4783098
          ],
          [
            79.0158107,
            30.4779938
          ],
          [
            79.0162848,
            30.4777625
          ],
          [
            79.0167098,
            30.4776199
          ],
          [
            79.0172644,
            30.4773693
          ],
          [
            79.0176445,
            30.4770108
          ],
          [
            79.0178816,
            30.4766331
          ],
          [
            79.0182484,
            30.4764904
          ],
          [
            79.0187403,
            30.4765521
          ],
          [
            79.0191071,
            30.4765675
          ],
          [
            79.0194739,
            30.4763016
          ],
          [
            79.0197246,
            30.4759686
          ],
          [
            79.0204581,
            30.475587
          ],
          [
            79.0211737,
            30.4754559
          ],
          [
            79.0220101,
            30.4754906
          ],
          [
            79.0223707,
            30.4756452
          ],
          [
            79.0232178,
            30.4756487
          ],
          [
            79.0234459,
            30.47556
          ],
          [
            79.0236919,
            30.4752478
          ],
          [
            79.0241302,
            30.4749625
          ],
          [
            79.0247608,
            30.4748237
          ],
          [
            79.0253154,
            30.4747813
          ],
          [
            79.0254277,
            30.4747143
          ],
          [
            79.0257806,
            30.4745038
          ],
          [
            79.0265052,
            30.4744575
          ],
          [
            79.027677,
            30.4746156
          ],
          [
            79.0279767,
            30.4745732
          ],
          [
            79.0284597,
            30.4739256
          ],
          [
            79.0287818,
            30.4737213
          ],
          [
            79.0290322,
            30.473675
          ],
          [
            79.0294974,
            30.4737328
          ],
          [
            79.0299581,
            30.4737251
          ],
          [
            79.0300778,
            30.4737332
          ],
          [
            79.030468,
            30.4737598
          ],
          [
            79.0322123,
            30.47386
          ],
          [
            79.0328251,
            30.4740412
          ],
          [
            79.033165,
            30.4740682
          ],
          [
            79.0339209,
            30.4736133
          ],
          [
            79.0344889,
            30.4730929
          ],
          [
            79.0348333,
            30.4727768
          ],
          [
            79.0353164,
            30.4726111
          ],
          [
            79.0363093,
            30.4724415
          ],
          [
            79.0367297,
            30.4721523
          ],
          [
            79.0371681,
            30.4715857
          ],
          [
            79.0374632,
            30.4707607
          ],
          [
            79.0382817,
            30.470036
          ],
          [
            79.0388051,
            30.4700244
          ],
          [
            79.0392657,
            30.4699974
          ],
          [
            79.0395296,
            30.4697044
          ],
          [
            79.0398919,
            30.4691416
          ],
          [
            79.0402989,
            30.469238
          ],
          [
            79.0409922,
            30.4694076
          ],
          [
            79.0414171,
            30.4694115
          ],
          [
            79.0419046,
            30.4692341
          ],
          [
            79.0421506,
            30.4692187
          ],
          [
            79.0423564,
            30.4693614
          ],
          [
            79.042656,
            30.4697391
          ],
          [
            79.0428215,
            30.470302
          ],
          [
            79.0431033,
            30.4705757
          ],
          [
            79.043479,
            30.4707106
          ],
          [
            79.0439844,
            30.4705988
          ],
          [
            79.0448298,
            30.4696736
          ],
          [
            79.0449058,
            30.469238
          ],
          [
            79.0450668,
            30.4691185
          ],
          [
            79.0455096,
            30.4690452
          ],
          [
            79.0456572,
            30.4686366
          ],
          [
            79.0458227,
            30.4683976
          ],
          [
            79.0461492,
            30.4683128
          ],
          [
            79.0468872,
            30.4684978
          ],
          [
            79.0475223,
            30.4686674
          ],
          [
            79.0478443,
            30.4685325
          ],
          [
            79.0481038,
            30.4683668
          ],
          [
            79.0484079,
            30.4680005
          ],
          [
            79.0486763,
            30.4679041
          ],
          [
            79.0491683,
            30.4679234
          ],
          [
            79.049611,
            30.4679119
          ],
          [
            79.0501312,
            30.4677336
          ],
          [
            79.050613,
            30.4675106
          ],
          [
            79.0516867,
            30.4665406
          ],
          [
            79.0520748,
            30.4661782
          ],
          [
            79.052382,
            30.4660389
          ],
          [
            79.0527151,
            30.4662396
          ],
          [
            79.0535753,
            30.4664207
          ],
          [
            79.0538146,
            30.4664793
          ],
          [
            79.054083,
            30.4664152
          ],
          [
            79.0544872,
            30.4661002
          ],
          [
            79.0548559,
            30.4659552
          ],
          [
            79.0553183,
            30.4659051
          ],
          [
            79.0557064,
            30.4657629
          ],
          [
            79.0560136,
            30.4655539
          ],
          [
            79.056599,
            30.4654842
          ],
          [
            79.057139,
            30.4655622
          ],
          [
            79.0574915,
            30.465735
          ],
          [
            79.0577535,
            30.4656932
          ],
          [
            79.0581706,
            30.4655065
          ],
          [
            79.0586751,
            30.4654814
          ],
          [
            79.0591311,
            30.4653727
          ],
          [
            79.0593833,
            30.4654479
          ],
          [
            79.0598135,
            30.4656514
          ],
          [
            79.0601562,
            30.4656263
          ],
          [
            79.060554,
            30.4654675
          ],
          [
            79.0611135,
            30.4651943
          ],
          [
            79.0617214,
            30.4651302
          ],
          [
            79.0623391,
            30.4648152
          ],
          [
            79.0627143,
            30.4647065
          ],
          [
            79.0629956,
            30.4647176
          ],
          [
            79.0633481,
            30.4649518
          ],
          [
            79.0636877,
            30.4650549
          ],
          [
            79.0641436,
            30.4648793
          ],
          [
            79.0643894,
            30.4648124
          ],
          [
            79.0644056,
            30.4645309
          ],
          [
            79.0643474,
            30.4641434
          ],
          [
            79.0644929,
            30.4637615
          ],
          [
            79.0649392,
            30.4632152
          ],
          [
            79.0654307,
            30.4627553
          ],
          [
            79.0658673,
            30.462602
          ],
          [
            79.0662651,
            30.4625713
          ],
          [
            79.0668245,
            30.4621476
          ],
          [
            79.0672255,
            30.4619692
          ],
          [
            79.0676298,
            30.461933
          ],
          [
            79.0681925,
            30.4618577
          ],
          [
            79.0683897,
            30.4616905
          ],
          [
            79.0686129,
            30.4613922
          ],
          [
            79.0688522,
            30.4611971
          ],
          [
            79.06912,
            30.4608793
          ],
          [
            79.0697282,
            30.460489
          ],
          [
            79.0699615,
            30.4603235
          ],
          [
            79.0699798,
            30.4600041
          ],
          [
            79.07014,
            30.4596049
          ],
          [
            79.070292,
            30.4590725
          ],
          [
            79.0708353,
            30.4587854
          ],
          [
            79.0712169,
            30.4587965
          ],
          [
            79.0717279,
            30.4588021
          ],
          [
            79.072158,
            30.4587268
          ],
          [
            79.0723488,
            30.4585847
          ],
          [
            79.0727821,
            30.4579045
          ],
          [
            79.0729794,
            30.4575895
          ],
          [
            79.0732899,
            30.4573358
          ],
          [
            79.0735421,
            30.4570375
          ],
          [
            79.0737717,
            30.4569874
          ],
          [
            79.0740563,
            30.4570487
          ],
          [
            79.0748227,
            30.4576871
          ],
          [
            79.0756086,
            30.4583923
          ],
          [
            79.0762129,
            30.4586289
          ]
        ]
      }
    },
    {
      "type": "Feature",
      "properties": {
        "source": "OSM"
      },
      "geometry": {
        "type": "LineString",
        "coordinates": [
          [
            79.2185719,
            30.6744131
          ],
          [
            79.2180991,
            30.6735746
          ],
          [
            79.2169369,
            30.6729483
          ],
          [
            79.2160616,
            30.6729424
          ],
          [
            79.2157817,
            30.6727256
          ],
          [
            79.2156744,
            30.6721812
          ],
          [
            79.2148912,
            30.6717936
          ],
          [
            79.2128956,
            30.6690714
          ],
          [
            79.2120211,
            30.6689055
          ],
          [
            79.2112005,
            30.6672349
          ],
          [
            79.2099452,
            30.6667643
          ],
          [
            79.2096443,
            30.6664979
          ],
          [
            79.2097413,
            30.6658599
          ],
          [
            79.2084968,
            30.6651401
          ],
          [
            79.2079711,
            30.6646787
          ],
          [
            79.2081332,
            30.6639827
          ],
          [
            79.2061901,
            30.6631005
          ],
          [
            79.2049563,
            30.661587
          ],
          [
            79.2045486,
            30.6602673
          ],
          [
            79.2033684,
            30.6599627
          ],
          [
            79.2032232,
            30.6594559
          ],
          [
            79.2025101,
            30.6583661
          ],
          [
            79.2024028,
            30.6575724
          ],
          [
            79.2018127,
            30.6555604
          ],
          [
            79.2009355,
            30.6547003
          ],
          [
            79.2003214,
            30.6545359
          ],
          [
            79.2000788,
            30.6541693
          ],
          [
            79.1999459,
            30.6520531
          ],
          [
            79.199152,
            30.6494687
          ],
          [
            79.1991371,
            30.6471675
          ],
          [
            79.199736,
            30.6449579
          ],
          [
            79.2002034,
            30.6441336
          ],
          [
            79.1993451,
            30.6432475
          ],
          [
            79.1994032,
            30.642776
          ],
          [
            79.1984439,
            30.6416229
          ],
          [
            79.1962766,
            30.6408475
          ],
          [
            79.1958689,
            30.6390198
          ],
          [
            79.1935468,
            30.6376071
          ],
          [
            79.1933393,
            30.6372901
          ],
          [
            79.1925953,
            30.6361538
          ],
          [
            79.1925645,
            30.6350134
          ],
          [
            79.1920495,
            30.6346811
          ],
          [
            79.1920756,
            30.6341132
          ],
          [
            79.1924357,
            30.6332594
          ],
          [
            79.1912341,
            30.6320593
          ],
          [
            79.1907773,
            30.6313165
          ],
          [
            79.1906073,
            30.628437
          ],
          [
            79.1904682,
            30.626758
          ],
          [
            79.1920427,
            30.6223234
          ],
          [
            79.1924789,
            30.6208354
          ],
          [
            79.1922806,
            30.617524
          ],
          [
            79.1919422,
            30.6140374
          ],
          [
            79.1916711,
            30.6134275
          ],
          [
            79.1920778,
            30.6121072
          ],
          [
            79.1915292,
            30.6112796
          ],
          [
            79.1907728,
            30.6101315
          ],
          [
            79.1892887,
            30.609458
          ],
          [
            79.1883373,
            30.6082017
          ],
          [
            79.1878934,
            30.6076804
          ],
          [
            79.187687,
            30.6065462
          ]
        ]
      }
    },
    {
      "type": "Feature",
      "properties": {
        "source": "OSM"
      },
      "geometry": {
        "type": "LineString",
        "coordinates": [
          [
            79.187687,
            30.6065462
          ],
          [
            79.1861594,
            30.6059116
          ],
          [
            79.1820717,
            30.6025318
          ],
          [
            79.1809773,
            30.6012944
          ],
          [
            79.1779364,
            30.6009464
          ],
          [
            79.1762352,
            30.6013683
          ],
          [
            79.1747761,
            30.6008881
          ],
          [
            79.1736817,
            30.5996691
          ],
          [
            79.173553,
            30.598524
          ],
          [
            79.172759,
            30.5976374
          ],
          [
            79.1716862,
            30.5973604
          ],
          [
            79.1687679,
            30.5953471
          ],
          [
            79.1675663,
            30.5953286
          ],
          [
            79.1660642,
            30.5950701
          ],
          [
            79.1652488,
            30.5943497
          ],
          [
            79.1655493,
            30.5929644
          ],
          [
            79.1653561,
            30.592244
          ],
          [
            79.1634464,
            30.591653
          ],
          [
            79.1629026,
            30.5908312
          ],
          [
            79.1630173,
            30.5898705
          ],
          [
            79.1615152,
            30.5894733
          ],
          [
            79.1609466,
            30.5891963
          ],
          [
            79.1590261,
            30.5888453
          ],
          [
            79.1586613,
            30.5883281
          ],
          [
            79.1594982,
            30.5874969
          ],
          [
            79.158833,
            30.5871459
          ],
          [
            79.1575455,
            30.5872198
          ],
          [
            79.1552067,
            30.5860191
          ],
          [
            79.1549921,
            30.5853726
          ],
          [
            79.1551208,
            30.5845229
          ],
          [
            79.1544771,
            30.5840795
          ],
          [
            79.1529536,
            30.5844305
          ],
          [
            79.1517949,
            30.5840795
          ],
          [
            79.1505289,
            30.5831744
          ],
          [
            79.1501856,
            30.582066
          ],
          [
            79.1457009,
            30.5792211
          ],
          [
            79.1434049,
            30.5790548
          ],
          [
            79.1417742,
            30.5773922
          ],
          [
            79.139699,
            30.5762329
          ],
          [
            79.1395211,
            30.5754155
          ],
          [
            79.1373432,
            30.5749906
          ],
          [
            79.1365728,
            30.5742133
          ],
          [
            79.1365554,
            30.5739892
          ],
          [
            79.1364956,
            30.573217
          ],
          [
            79.136163,
            30.5729214
          ],
          [
            79.1351867,
            30.5725704
          ],
          [
            79.1346609,
            30.5721917
          ],
          [
            79.1344678,
            30.571388
          ],
          [
            79.1346824,
            30.5696791
          ],
          [
            79.1342425,
            30.5692264
          ],
          [
            79.1334496,
            30.5692548
          ],
          [
            79.132204,
            30.5692819
          ],
          [
            79.1315067,
            30.5686722
          ],
          [
            79.1301304,
            30.56842
          ],
          [
            79.1296506,
            30.5676468
          ],
          [
            79.1299724,
            30.5664736
          ],
          [
            79.1304874,
            30.5652726
          ],
          [
            79.1308991,
            30.5646473
          ],
          [
            79.1306698,
            30.5643303
          ],
          [
            79.1300583,
            30.5640255
          ],
          [
            79.1293287,
            30.5640901
          ],
          [
            79.1284811,
            30.5635081
          ],
          [
            79.1268384,
            30.5605947
          ],
          [
            79.1246402,
            30.5591568
          ],
          [
            79.1231167,
            30.5591383
          ],
          [
            79.1223442,
            30.5582145
          ],
          [
            79.1198449,
            30.556304
          ],
          [
            79.1178777,
            30.5526052
          ],
          [
            79.1169476,
            30.5521629
          ],
          [
            79.116894,
            30.5511558
          ],
          [
            79.1152096,
            30.5500933
          ],
          [
            79.1155236,
            30.5490108
          ],
          [
            79.1130241,
            30.5470839
          ],
          [
            79.1108586,
            30.5460861
          ],
          [
            79.1109224,
            30.544684
          ],
          [
            79.1099586,
            30.5441251
          ],
          [
            79.1084461,
            30.5430697
          ],
          [
            79.1081822,
            30.5424334
          ],
          [
            79.1074204,
            30.5423133
          ],
          [
            79.1064081,
            30.5428648
          ],
          [
            79.1051234,
            30.5429533
          ],
          [
            79.1043596,
            30.5426109
          ],
          [
            79.104073,
            30.5418051
          ],
          [
            79.1035505,
            30.5409418
          ],
          [
            79.1033971,
            30.540225
          ],
          [
            79.1030914,
            30.5399709
          ],
          [
            79.1025227,
            30.5400864
          ],
          [
            79.1018951,
            30.5401973
          ],
          [
            79.1013157,
            30.539957
          ],
          [
            79.1012364,
            30.5391065
          ],
          [
            79.1014337,
            30.5385478
          ],
          [
            79.101069,
            30.5381366
          ],
          [
            79.1001409,
            30.5380904
          ],
          [
            79.098765,
            30.5378497
          ],
          [
            79.0983546,
            30.5375452
          ],
          [
            79.0982634,
            30.5370739
          ],
          [
            79.0986979,
            30.5366442
          ],
          [
            79.0987776,
            30.5362437
          ],
          [
            79.0984619,
            30.535771
          ],
          [
            79.0974963,
            30.5357294
          ],
          [
            79.0966219,
            30.5357063
          ],
          [
            79.0952907,
            30.5359137
          ]
        ]
      }
    },
    {
      "type": "Feature",
      "properties": {
        "source": "OSM"
      },
      "geometry": {
        "type": "LineString",
        "coordinates": [
          [
            78.8733641,
            30.3969523
          ],
          [
            78.8731551,
            30.3964158
          ],
          [
            78.8732425,
            30.3961418
          ],
          [
            78.8735601,
            30.396087
          ],
          [
            78.8737109,
            30.3960254
          ],
          [
            78.8738856,
            30.3959706
          ],
          [
            78.8740047,
            30.3959295
          ],
          [
            78.8742032,
            30.395861
          ],
          [
            78.8751084,
            30.395683
          ],
          [
            78.8757437,
            30.3955391
          ],
          [
            78.8759342,
            30.3954158
          ],
          [
            78.8760057,
            30.3949159
          ],
          [
            78.8759819,
            30.394594
          ],
          [
            78.8758866,
            30.3943132
          ],
          [
            78.876101,
            30.3940666
          ],
          [
            78.8769585,
            30.3937584
          ],
          [
            78.8773476,
            30.3932995
          ],
          [
            78.8775938,
            30.3931762
          ],
          [
            78.8774508,
            30.3924982
          ],
          [
            78.8772126,
            30.3922036
          ],
          [
            78.8770856,
            30.3920324
          ],
          [
            78.8772444,
            30.3914365
          ],
          [
            78.8773714,
            30.3910256
          ],
          [
            78.8771491,
            30.3904571
          ],
          [
            78.8769188,
            30.3900598
          ],
          [
            78.8770379,
            30.3896352
          ],
          [
            78.8770856,
            30.3895393
          ],
          [
            78.8770141,
            30.3890667
          ],
          [
            78.8770459,
            30.3888064
          ],
          [
            78.877157,
            30.3886557
          ],
          [
            78.8772603,
            30.3883749
          ],
          [
            78.8772047,
            30.3881215
          ],
          [
            78.8774429,
            30.3877995
          ],
          [
            78.8775064,
            30.3876009
          ],
          [
            78.8773794,
            30.387094
          ],
          [
            78.8775541,
            30.3868132
          ],
          [
            78.8777684,
            30.3864502
          ],
          [
            78.8780781,
            30.3862652
          ],
          [
            78.8784116,
            30.3860598
          ],
          [
            78.8789277,
            30.385868
          ],
          [
            78.8791024,
            30.3857241
          ],
          [
            78.879285,
            30.38532
          ],
          [
            78.8795391,
            30.3847241
          ],
          [
            78.8797218,
            30.3843336
          ],
          [
            78.8799758,
            30.3839227
          ],
          [
            78.8800632,
            30.3835048
          ],
          [
            78.8799838,
            30.3832993
          ],
          [
            78.8801664,
            30.3830185
          ],
          [
            78.8804205,
            30.3829363
          ],
          [
            78.8808016,
            30.3828815
          ],
          [
            78.8813019,
            30.3824294
          ],
          [
            78.881556,
            30.3821349
          ],
          [
            78.8816751,
            30.3817376
          ],
          [
            78.8820086,
            30.3814704
          ],
          [
            78.8824294,
            30.3812855
          ],
          [
            78.8826835,
            30.3812855
          ],
          [
            78.8828979,
            30.3812649
          ],
          [
            78.8831281,
            30.3809498
          ],
          [
            78.883414,
            30.3806416
          ],
          [
            78.8835728,
            30.3801689
          ],
          [
            78.8834061,
            30.3799977
          ],
          [
            78.8833981,
            30.3792305
          ],
          [
            78.8833267,
            30.3789428
          ],
          [
            78.8834378,
            30.3786962
          ],
          [
            78.8835013,
            30.3784427
          ],
          [
            78.8833346,
            30.3780522
          ],
          [
            78.8832314,
            30.3777508
          ],
          [
            78.8832234,
            30.3772097
          ],
          [
            78.8835649,
            30.376922
          ],
          [
            78.883819,
            30.3768877
          ],
          [
            78.8842874,
            30.3767713
          ],
          [
            78.8846527,
            30.3766411
          ],
          [
            78.8844065,
            30.3761136
          ],
          [
            78.8844701,
            30.375915
          ],
          [
            78.8843986,
            30.3754149
          ],
          [
            78.8847877,
            30.3747504
          ],
          [
            78.8852085,
            30.3746888
          ],
          [
            78.8853435,
            30.3745792
          ],
          [
            78.8856849,
            30.3747162
          ],
          [
            78.8859549,
            30.3747915
          ],
          [
            78.8861613,
            30.3752162
          ],
          [
            78.8864075,
            30.3755177
          ],
          [
            78.8867569,
            30.375641
          ],
          [
            78.886868,
            30.3758191
          ],
          [
            78.8872412,
            30.3758944
          ],
          [
            78.8874159,
            30.3758876
          ],
          [
            78.8875509,
            30.375641
          ],
          [
            78.8877335,
            30.3753806
          ],
          [
            78.8879427,
            30.3751527
          ],
          [
            78.8881526,
            30.3750642
          ],
          [
            78.8889787,
            30.3750341
          ],
          [
            78.8893765,
            30.3752673
          ],
          [
            78.8896036,
            30.3754786
          ],
          [
            78.8899091,
            30.3757948
          ],
          [
            78.8903977,
            30.3759353
          ],
          [
            78.8908864,
            30.3760846
          ],
          [
            78.8912325,
            30.3761022
          ],
          [
            78.8914871,
            30.3759265
          ],
          [
            78.8919961,
            30.3757333
          ],
          [
            78.8923015,
            30.3752766
          ],
          [
            78.892363,
            30.3751837
          ],
          [
            78.8925458,
            30.3749077
          ],
          [
            78.8928411,
            30.3748023
          ],
          [
            78.8931261,
            30.3745564
          ],
          [
            78.8932687,
            30.3743456
          ],
          [
            78.8938795,
            30.3741172
          ],
          [
            78.8941646,
            30.373801
          ],
          [
            78.8945005,
            30.3734497
          ],
          [
            78.8948161,
            30.373274
          ],
          [
            78.894979,
            30.3728875
          ],
          [
            78.8952946,
            30.3726943
          ],
          [
            78.8954575,
            30.3724308
          ],
          [
            78.8959258,
            30.3721937
          ],
          [
            78.8961294,
            30.3720531
          ],
          [
            78.8965672,
            30.3717808
          ],
          [
            78.8971475,
            30.3713768
          ],
          [
            78.8976361,
            30.3712626
          ],
          [
            78.8982063,
            30.3714998
          ],
          [
            78.8987356,
            30.3715612
          ],
          [
            78.8988782,
            30.3707795
          ],
          [
            78.8992651,
            30.3707067
          ],
          [
            78.8996044,
            30.3707038
          ],
          [
            78.8997774,
            30.3706493
          ],
          [
            78.8999704,
            30.3707153
          ],
          [
            78.9000502,
            30.3708416
          ],
          [
            78.9000868,
            30.3710913
          ],
          [
            78.9001434,
            30.3713325
          ],
          [
            78.9001933,
            30.3715018
          ],
          [
            78.9002731,
            30.3716482
          ],
          [
            78.9006025,
            30.3717372
          ],
          [
            78.9006757,
            30.3718061
          ],
          [
            78.9009552,
            30.3717257
          ],
          [
            78.9012446,
            30.3714186
          ],
          [
            78.9014975,
            30.3711114
          ],
          [
            78.9017204,
            30.3707986
          ],
          [
            78.9018169,
            30.3701355
          ],
          [
            78.9018823,
            30.3693037
          ],
          [
            78.9020026,
            30.3689592
          ],
          [
            78.9023089,
            30.3686195
          ],
          [
            78.9022925,
            30.367973
          ],
          [
            78.9029433,
            30.3675907
          ],
          [
            78.9038348,
            30.3675955
          ],
          [
            78.9044912,
            30.36752
          ],
          [
            78.904967,
            30.3680721
          ],
          [
            78.9055139,
            30.368341
          ],
          [
            78.9060554,
            30.3684165
          ],
          [
            78.9066679,
            30.3679871
          ],
          [
            78.9077563,
            30.3677795
          ],
          [
            78.9081064,
            30.3678975
          ],
          [
            78.9084783,
            30.3685015
          ],
          [
            78.9086861,
            30.368695
          ],
          [
            78.9089432,
            30.3686336
          ],
          [
            78.909151,
            30.3681193
          ],
          [
            78.9095065,
            30.3678173
          ],
          [
            78.9101628,
            30.3674492
          ],
          [
            78.9107043,
            30.3672604
          ],
          [
            78.9113716,
            30.3672085
          ],
          [
            78.9118529,
            30.3670528
          ],
          [
            78.9122685,
            30.3667177
          ],
          [
            78.9123013,
            30.3660807
          ],
          [
            78.9119021,
            30.365538
          ],
          [
            78.9121482,
            30.3651699
          ],
          [
            78.9123068,
            30.3649859
          ],
          [
            78.9126842,
            30.3647263
          ],
          [
            78.9129084,
            30.3643488
          ],
          [
            78.9134225,
            30.363254
          ],
          [
            78.9137124,
            30.3628717
          ],
          [
            78.9142429,
            30.3625602
          ],
          [
            78.9148117,
            30.3623432
          ],
          [
            78.9151344,
            30.3624234
          ],
          [
            78.9155774,
            30.3623904
          ],
          [
            78.9159822,
            30.3624423
          ],
          [
            78.9174589,
            30.3621119
          ],
          [
            78.9179019,
            30.3621214
          ],
          [
            78.9182629,
            30.3618382
          ],
          [
            78.9182629,
            30.3610973
          ],
          [
            78.9183449,
            30.3607386
          ],
          [
            78.9187934,
            30.3601346
          ],
          [
            78.9193513,
            30.3599175
          ],
          [
            78.9198654,
            30.3599411
          ],
          [
            78.9202701,
            30.3598467
          ],
          [
            78.9208936,
            30.3600024
          ],
          [
            78.9215062,
            30.3603705
          ],
          [
            78.9215062,
            30.3607811
          ],
          [
            78.9213257,
            30.3612766
          ],
          [
            78.9214776,
            30.3616591
          ],
          [
            78.9228195,
            30.3619742
          ],
          [
            78.9231054,
            30.3620907
          ],
          [
            78.9229386,
            30.3624744
          ],
          [
            78.9225257,
            30.3626936
          ],
          [
            78.9221764,
            30.3635432
          ],
          [
            78.9219858,
            30.3642488
          ],
          [
            78.923018,
            30.3645982
          ],
          [
            78.923558,
            30.3645092
          ],
          [
            78.9238835,
            30.3651395
          ],
          [
            78.9242964,
            30.365715
          ],
          [
            78.9248602,
            30.3661123
          ],
          [
            78.9259004,
            30.3664891
          ],
          [
            78.9274487,
            30.366174
          ],
          [
            78.927941,
            30.3663864
          ],
          [
            78.928211,
            30.3667974
          ],
          [
            78.9284016,
            30.3672359
          ],
          [
            78.9288303,
            30.3675031
          ],
          [
            78.930077,
            30.367736
          ],
          [
            78.9308313,
            30.3677634
          ],
          [
            78.9312839,
            30.367921
          ],
          [
            78.9321017,
            30.3676949
          ],
          [
            78.9324749,
            30.367736
          ]
        ]
      }
    },
    {
      "type": "Feature",
      "properties": {
        "source": "OSM"
      },
      "geometry": {
        "type": "LineString",
        "coordinates": [
          [
            78.9125683,
            30.6284077
          ],
          [
            78.9122895,
            30.6277999
          ],
          [
            78.9124011,
            30.6274081
          ],
          [
            78.9124598,
            30.6272463
          ],
          [
            78.9125869,
            30.6268963
          ],
          [
            78.9126613,
            30.6264884
          ],
          [
            78.9128286,
            30.6260966
          ],
          [
            78.9130609,
            30.6255048
          ],
          [
            78.913126,
            30.6250169
          ],
          [
            78.9132903,
            30.6244631
          ],
          [
            78.9130702,
            30.6235934
          ],
          [
            78.9129215,
            30.6231296
          ],
          [
            78.9124011,
            30.622042
          ],
          [
            78.9119178,
            30.6215301
          ],
          [
            78.9121316,
            30.6208423
          ],
          [
            78.9117227,
            30.6201705
          ],
          [
            78.9114725,
            30.6199226
          ],
          [
            78.9113044,
            30.6195019
          ],
          [
            78.9114878,
            30.6192784
          ],
          [
            78.9117169,
            30.6192127
          ],
          [
            78.9122516,
            30.6189497
          ],
          [
            78.9124197,
            30.6186342
          ],
          [
            78.9126001,
            30.6181696
          ],
          [
            78.9129544,
            30.6179505
          ],
          [
            78.9129697,
            30.6174378
          ],
          [
            78.9128169,
            30.6170039
          ],
          [
            78.9120836,
            30.6159653
          ],
          [
            78.9114878,
            30.6156629
          ],
          [
            78.9112281,
            30.6152684
          ],
          [
            78.9112739,
            30.6145058
          ],
          [
            78.9109225,
            30.6141114
          ],
          [
            78.91132,
            30.6136415
          ],
          [
            78.9111408,
            30.6133219
          ],
          [
            78.9114025,
            30.6124343
          ],
          [
            78.9113253,
            30.612135
          ],
          [
            78.9115927,
            30.6115902
          ],
          [
            78.9114538,
            30.6112864
          ],
          [
            78.9104107,
            30.6105967
          ],
          [
            78.9105253,
            30.6104168
          ],
          [
            78.9105253,
            30.6097988
          ],
          [
            78.9104642,
            30.6088652
          ],
          [
            78.9103878,
            30.6082473
          ],
          [
            78.9104642,
            30.6079448
          ],
          [
            78.9104947,
            30.6073663
          ],
          [
            78.9099916,
            30.6056217
          ],
          [
            78.9098684,
            30.6038949
          ],
          [
            78.9101892,
            30.6036319
          ],
          [
            78.9087019,
            30.6017034
          ],
          [
            78.9088448,
            30.6012782
          ],
          [
            78.9085851,
            30.6008048
          ],
          [
            78.9085392,
            30.6000027
          ],
          [
            78.9083712,
            30.5995161
          ],
          [
            78.908417,
            30.5990822
          ],
          [
            78.9082236,
            30.5982009
          ],
          [
            78.908307,
            30.5978111
          ],
          [
            78.9080806,
            30.5971855
          ],
          [
            78.9080806,
            30.5967342
          ],
          [
            78.9083189,
            30.5966111
          ],
          [
            78.9089385,
            30.5967034
          ],
          [
            78.9095343,
            30.5969188
          ],
          [
            78.9098918,
            30.5971855
          ],
          [
            78.9100943,
            30.597565
          ],
          [
            78.9104637,
            30.5977598
          ],
          [
            78.9109046,
            30.5977188
          ],
          [
            78.9110118,
            30.5970316
          ],
          [
            78.9109403,
            30.5961598
          ],
          [
            78.9112621,
            30.5955649
          ],
          [
            78.9107497,
            30.5946316
          ],
          [
            78.9112859,
            30.5940675
          ],
          [
            78.9119599,
            30.5931303
          ],
          [
            78.911834,
            30.5925392
          ],
          [
            78.9122868,
            30.5921084
          ],
          [
            78.9127634,
            30.591216
          ],
          [
            78.9113693,
            30.5895031
          ],
          [
            78.9114408,
            30.5891749
          ],
          [
            78.911977,
            30.5888877
          ],
          [
            78.9119889,
            30.5884466
          ],
          [
            78.9118221,
            30.5882312
          ],
          [
            78.9123106,
            30.5877183
          ],
          [
            78.91268,
            30.5874721
          ],
          [
            78.9125966,
            30.5867541
          ],
          [
            78.9127396,
            30.5863438
          ],
          [
            78.9129541,
            30.5860566
          ],
          [
            78.9132509,
            30.585437
          ],
          [
            78.9137405,
            30.5851026
          ],
          [
            78.9155215,
            30.584108
          ],
          [
            78.9159521,
            30.5837093
          ],
          [
            78.9168358,
            30.5835148
          ],
          [
            78.9171855,
            30.5826786
          ],
          [
            78.9180667,
            30.5829609
          ],
          [
            78.9183877,
            30.5826785
          ],
          [
            78.9196484,
            30.5836596
          ],
          [
            78.920183,
            30.5833788
          ],
          [
            78.9203505,
            30.5827736
          ],
          [
            78.9189833,
            30.5813893
          ],
          [
            78.9189157,
            30.5807288
          ],
          [
            78.9188762,
            30.580511
          ],
          [
            78.9187807,
            30.5802609
          ],
          [
            78.9184089,
            30.5796991
          ],
          [
            78.918557,
            30.5792366
          ],
          [
            78.918876,
            30.5787734
          ],
          [
            78.9194242,
            30.5780143
          ],
          [
            78.9199127,
            30.577645
          ],
          [
            78.9203059,
            30.5776245
          ],
          [
            78.9207944,
            30.5775321
          ],
          [
            78.9207944,
            30.5771526
          ],
          [
            78.9207469,
            30.576734
          ],
          [
            78.9205324,
            30.5766607
          ],
          [
            78.9205184,
            30.5765215
          ],
          [
            78.9213187,
            30.5761985
          ],
          [
            78.9216762,
            30.5758292
          ],
          [
            78.9219502,
            30.5754599
          ],
          [
            78.9219497,
            30.5751384
          ],
          [
            78.9216936,
            30.5744605
          ],
          [
            78.9214376,
            30.5737991
          ],
          [
            78.9207078,
            30.5726032
          ],
          [
            78.9208103,
            30.5724433
          ],
          [
            78.9212392,
            30.5722559
          ],
          [
            78.9212456,
            30.571815
          ],
          [
            78.9209127,
            30.571308
          ],
          [
            78.9207975,
            30.5707513
          ],
          [
            78.9209511,
            30.570382
          ],
          [
            78.9208551,
            30.5702001
          ],
          [
            78.9210859,
            30.5699822
          ],
          [
            78.9213483,
            30.5698003
          ],
          [
            78.9215212,
            30.5695688
          ],
          [
            78.9215916,
            30.5692491
          ],
          [
            78.92179,
            30.5690562
          ],
          [
            78.9218156,
            30.5685712
          ],
          [
            78.9219308,
            30.5681027
          ],
          [
            78.9220781,
            30.5676838
          ],
          [
            78.9220845,
            30.5674138
          ],
          [
            78.9218028,
            30.5668736
          ],
          [
            78.9212971,
            30.5660964
          ],
          [
            78.9207082,
            30.5651649
          ],
          [
            78.9207338,
            30.5648728
          ],
          [
            78.9207466,
            30.5643767
          ],
          [
            78.9206186,
            30.5637814
          ],
          [
            78.9205802,
            30.5633074
          ],
          [
            78.9199912,
            30.5627728
          ],
          [
            78.9195432,
            30.5627728
          ],
          [
            78.9191463,
            30.5624475
          ],
          [
            78.9190951,
            30.5621168
          ],
          [
            78.9192615,
            30.5616262
          ],
          [
            78.9191463,
            30.5608601
          ],
          [
            78.9192743,
            30.5605128
          ],
          [
            78.9192295,
            30.5602096
          ],
          [
            78.9191655,
            30.5595206
          ],
          [
            78.9191417,
            30.5592382
          ],
          [
            78.9189447,
            30.5587435
          ],
          [
            78.9186328,
            30.5580721
          ],
          [
            78.9180501,
            30.5576198
          ],
          [
            78.9176972,
            30.557019
          ],
          [
            78.9171801,
            30.5567928
          ],
          [
            78.9163512,
            30.5564819
          ],
          [
            78.9161706,
            30.5562628
          ],
          [
            78.9164168,
            30.5558458
          ],
          [
            78.9169175,
            30.5551673
          ],
          [
            78.9175987,
            30.5546584
          ],
          [
            78.9179024,
            30.5546372
          ],
          [
            78.9179516,
            30.5541919
          ],
          [
            78.9175002,
            30.5532166
          ],
          [
            78.9168272,
            30.5524603
          ],
          [
            78.9165071,
            30.5517747
          ],
          [
            78.9163183,
            30.5512375
          ],
          [
            78.9155714,
            30.5506509
          ],
          [
            78.9149887,
            30.5505237
          ],
          [
            78.9147097,
            30.5501349
          ],
          [
            78.914447,
            30.5493857
          ],
          [
            78.9141105,
            30.5488344
          ],
          [
            78.9140777,
            30.5483255
          ],
          [
            78.9139464,
            30.5478448
          ],
          [
            78.9136002,
            30.5471534
          ],
          [
            78.9133801,
            30.5467139
          ],
          [
            78.9133801,
            30.5460777
          ],
          [
            78.9129122,
            30.5451801
          ],
          [
            78.9124161,
            30.5447104
          ],
          [
            78.9123684,
            30.5439202
          ],
          [
            78.9115343,
            30.5434174
          ],
          [
            78.9109386,
            30.5430787
          ],
          [
            78.9101164,
            30.5430171
          ],
          [
            78.9106764,
            30.5419499
          ],
          [
            78.9105334,
            30.5415189
          ],
          [
            78.9113318,
            30.5405131
          ],
          [
            78.9112007,
            30.5398563
          ],
          [
            78.9112722,
            30.5394561
          ],
          [
            78.9119156,
            30.539179
          ],
          [
            78.9124638,
            30.5387172
          ],
          [
            78.9123208,
            30.5379885
          ],
          [
            78.9121226,
            30.5378292
          ],
          [
            78.9117846,
            30.5375575
          ],
          [
            78.9122493,
            30.5366852
          ],
          [
            78.9117012,
            30.5360386
          ],
          [
            78.9113914,
            30.5360797
          ],
          [
            78.9112007,
            30.5357102
          ],
          [
            78.9109862,
            30.5348378
          ],
          [
            78.9103309,
            30.5346942
          ],
          [
            78.9099258,
            30.5344273
          ],
          [
            78.9098781,
            30.5341194
          ],
          [
            78.9098543,
            30.5338526
          ],
          [
            78.9095206,
            30.5336679
          ],
          [
            78.9093776,
            30.5334626
          ],
          [
            78.9097113,
            30.533206
          ],
          [
            78.9106645,
            30.5327134
          ],
          [
            78.9106645,
            30.5323028
          ],
          [
            78.9096636,
            30.5316665
          ],
          [
            78.9099377,
            30.5312252
          ],
          [
            78.909747,
            30.530517
          ],
          [
            78.9101879,
            30.5296959
          ],
          [
            78.9107837,
            30.5283719
          ],
          [
            78.9114271,
            30.5276842
          ],
          [
            78.9120825,
            30.5271711
          ],
          [
            78.9120825,
            30.526781
          ],
          [
            78.9126306,
            30.5264628
          ],
          [
            78.9129165,
            30.5262062
          ],
          [
            78.912988,
            30.5258573
          ],
          [
            78.9129285,
            30.5253441
          ],
          [
            78.9123089,
            30.5249951
          ],
          [
            78.9127378,
            30.5242253
          ],
          [
            78.9130357,
            30.5233015
          ],
          [
            78.9129523,
            30.5225214
          ],
          [
            78.9131429,
            30.5218748
          ],
          [
            78.9132621,
            30.5209407
          ],
          [
            78.9132502,
            30.5200579
          ],
          [
            78.9128808,
            30.5192881
          ],
          [
            78.9124876,
            30.5184669
          ],
          [
            78.9119871,
            30.5182616
          ],
          [
            78.9122612,
            30.5174507
          ],
          [
            78.9123446,
            30.5169067
          ],
          [
            78.9120705,
            30.5166706
          ],
          [
            78.9118441,
            30.515952
          ],
          [
            78.9121182,
            30.5152643
          ],
          [
            78.9120705,
            30.5148023
          ],
          [
            78.9118084,
            30.514556
          ],
          [
            78.9116654,
            30.5141454
          ],
          [
            78.9117369,
            30.5137758
          ],
          [
            78.912285,
            30.5134165
          ],
          [
            78.9135123,
            30.5126569
          ],
          [
            78.9135481,
            30.5123695
          ],
          [
            78.9126067,
            30.5115174
          ],
          [
            78.912011,
            30.5116406
          ],
          [
            78.9116178,
            30.5115482
          ],
          [
            78.9119276,
            30.5107578
          ],
          [
            78.9116416,
            30.5092077
          ],
          [
            78.9104024,
            30.5075651
          ],
          [
            78.910033,
            30.5071956
          ],
          [
            78.9101998,
            30.5067849
          ],
          [
            78.9108552,
            30.5066104
          ],
          [
            78.9112007,
            30.5061998
          ],
          [
            78.9113794,
            30.5057788
          ],
          [
            78.9122135,
            30.5052861
          ],
          [
            78.9130595,
            30.5048036
          ],
          [
            78.9133812,
            30.5045572
          ],
          [
            78.9133812,
            30.5041568
          ],
          [
            78.9126544,
            30.5035716
          ],
          [
            78.9123684,
            30.5031918
          ],
          [
            78.9126067,
            30.5027503
          ],
          [
            78.9119514,
            30.5020008
          ],
          [
            78.9121897,
            30.5007073
          ],
          [
            78.9126187,
            30.4998243
          ],
          [
            78.9123208,
            30.4989824
          ],
          [
            78.9121897,
            30.4972987
          ],
          [
            78.9126901,
            30.4970728
          ],
          [
            78.913691,
            30.4964362
          ],
          [
            78.9145355,
            30.4962919
          ],
          [
            78.9151734,
            30.4956486
          ],
          [
            78.9163549,
            30.4950552
          ],
          [
            78.916884,
            30.4945618
          ],
          [
            78.9171449,
            30.4939997
          ],
          [
            78.9170217,
            30.4934188
          ],
          [
            78.9171159,
            30.4927568
          ],
          [
            78.917356,
            30.4924185
          ],
          [
            78.9176948,
            30.49215
          ],
          [
            78.9183023,
            30.4915628
          ],
          [
            78.9190733,
            30.4910494
          ],
          [
            78.9193965,
            30.4904287
          ],
          [
            78.9197898,
            30.4903213
          ],
          [
            78.9201636,
            30.4896603
          ],
          [
            78.920113,
            30.4893079
          ],
          [
            78.9204673,
            30.48861
          ],
          [
            78.9205905,
            30.4885424
          ],
          [
            78.9210182,
            30.4881176
          ],
          [
            78.9210689,
            30.4874368
          ],
          [
            78.9211704,
            30.4866997
          ],
          [
            78.9214241,
            30.4862063
          ],
          [
            78.9218373,
            30.4855192
          ],
          [
            78.9231999,
            30.4854005
          ],
          [
            78.9236421,
            30.4852319
          ],
          [
            78.9234609,
            30.4845385
          ],
          [
            78.9229463,
            30.4841388
          ],
          [
            78.9231425,
            30.4836241
          ],
          [
            78.9232797,
            30.4832643
          ],
          [
            78.9231855,
            30.4826896
          ],
          [
            78.9231601,
            30.4822434
          ],
          [
            78.9231492,
            30.4820524
          ],
          [
            78.9225621,
            30.4812279
          ],
          [
            78.9217865,
            30.4802847
          ],
          [
            78.9213951,
            30.4798599
          ],
          [
            78.9203441,
            30.4793227
          ],
          [
            78.9202064,
            30.478698
          ],
          [
            78.9203876,
            30.4781045
          ],
          [
            78.9200469,
            30.47718
          ],
          [
            78.9191844,
            30.476699
          ],
          [
            78.9190322,
            30.4762992
          ],
          [
            78.918764,
            30.4759681
          ],
          [
            78.9189017,
            30.4755433
          ],
          [
            78.9195033,
            30.4748249
          ],
          [
            78.9192786,
            30.4743002
          ],
          [
            78.9191771,
            30.4737629
          ],
          [
            78.9193511,
            30.4730883
          ],
          [
            78.9190394,
            30.472476
          ],
          [
            78.9191046,
            30.4720013
          ],
          [
            78.918706,
            30.4716202
          ],
          [
            78.9186697,
            30.4713266
          ],
          [
            78.9190032,
            30.4711954
          ],
          [
            78.9191844,
            30.4708768
          ],
          [
            78.9190177,
            30.4704769
          ],
          [
            78.9191554,
            30.469646
          ],
          [
            78.9193873,
            30.4695461
          ],
          [
            78.9194163,
            30.4693462
          ],
          [
            78.919815,
            30.4690463
          ],
          [
            78.9197063,
            30.468509
          ],
          [
            78.9191264,
            30.4680092
          ],
          [
            78.9191191,
            30.4674657
          ],
          [
            78.9187422,
            30.4671971
          ],
          [
            78.9185828,
            30.4666598
          ],
          [
            78.9185538,
            30.466185
          ],
          [
            78.9190974,
            30.4657914
          ],
          [
            78.919496,
            30.4654415
          ],
          [
            78.9181634,
            30.4642303
          ],
          [
            78.91795,
            30.464032
          ],
          [
            78.9178893,
            30.4635649
          ],
          [
            78.9177997,
            30.4632494
          ],
          [
            78.917644,
            30.463085
          ],
          [
            78.9179115,
            30.4629714
          ],
          [
            78.9179236,
            30.462563
          ],
          [
            78.917921,
            30.4624448
          ],
          [
            78.9179176,
            30.4622882
          ],
          [
            78.918282,
            30.4619086
          ],
          [
            78.9185571,
            30.461739
          ],
          [
            78.9190094,
            30.4616611
          ],
          [
            78.9198348,
            30.4615831
          ],
          [
            78.920304,
            30.4611689
          ],
          [
            78.9203549,
            30.4606085
          ],
          [
            78.9206093,
            30.4599799
          ],
          [
            78.9210729,
            30.4594146
          ],
          [
            78.9218417,
            30.4588883
          ],
          [
            78.9220678,
            30.4584497
          ],
          [
            78.9219265,
            30.457748
          ],
          [
            78.9220961,
            30.4572168
          ],
          [
            78.9221753,
            30.4567734
          ],
          [
            78.9232607,
            30.4565297
          ],
          [
            78.9235999,
            30.4559498
          ],
          [
            78.9241087,
            30.4556574
          ],
          [
            78.9243518,
            30.4548387
          ],
          [
            78.9246062,
            30.4543757
          ],
          [
            78.9247814,
            30.4537519
          ],
          [
            78.9251206,
            30.4532987
          ],
          [
            78.9263248,
            30.4527772
          ],
          [
            78.9267827,
            30.4522802
          ],
          [
            78.9266131,
            30.451208
          ],
          [
            78.9260534,
            30.450901
          ],
          [
            78.9255559,
            30.4499652
          ],
          [
            78.9262004,
            30.4489564
          ],
          [
            78.9266583,
            30.448703
          ],
          [
            78.9271162,
            30.4482205
          ],
          [
            78.9270314,
            30.4478355
          ],
          [
            78.9260704,
            30.4472799
          ],
          [
            78.9256747,
            30.4469436
          ],
          [
            78.9249228,
            30.4459689
          ],
          [
            78.9240861,
            30.4455985
          ],
          [
            78.9241935,
            30.4449844
          ],
          [
            78.9246288,
            30.4445993
          ],
          [
            78.9261665,
            30.444302
          ],
          [
            78.9275515,
            30.4439657
          ],
          [
            78.9276759,
            30.4436343
          ],
          [
            78.9272406,
            30.4428691
          ],
          [
            78.9274498,
            30.4423866
          ],
          [
            78.9279699,
            30.4421185
          ],
          [
            78.9275176,
            30.4413289
          ],
          [
            78.9269919,
            30.4407977
          ],
          [
            78.9270314,
            30.4405004
          ],
          [
            78.9275515,
            30.4399983
          ],
          [
            78.9277664,
            30.4389358
          ],
          [
            78.927201,
            30.438541
          ],
          [
            78.9260704,
            30.4380633
          ],
          [
            78.9255051,
            30.4376978
          ],
          [
            78.9254485,
            30.4373273
          ],
          [
            78.925202,
            30.4372754
          ],
          [
            78.9232236,
            30.4373092
          ],
          [
            78.9218329,
            30.4368363
          ],
          [
            78.921304,
            30.4365324
          ],
          [
            78.9211669,
            30.4347928
          ],
          [
            78.9203442,
            30.4342693
          ],
          [
            78.9197762,
            30.4341342
          ],
          [
            78.9191298,
            30.4331377
          ],
          [
            78.9198998,
            30.4320881
          ],
          [
            78.9199208,
            30.4309993
          ],
          [
            78.9202365,
            30.4302644
          ],
          [
            78.9193947,
            30.4297018
          ],
          [
            78.9182056,
            30.4295113
          ],
          [
            78.9179376,
            30.4288341
          ],
          [
            78.9180688,
            30.4283135
          ],
          [
            78.9183319,
            30.4276784
          ],
          [
            78.918646,
            30.4267606
          ],
          [
            78.9183003,
            30.4257671
          ],
          [
            78.9184539,
            30.4253365
          ],
          [
            78.9180187,
            30.4240394
          ],
          [
            78.917513,
            30.4234377
          ],
          [
            78.9177818,
            30.4230237
          ],
          [
            78.9173977,
            30.4213346
          ],
          [
            78.9170264,
            30.420628
          ],
          [
            78.9168984,
            30.4201533
          ],
          [
            78.9174169,
            30.419121
          ],
          [
            78.9171225,
            30.4181495
          ],
          [
            78.9162775,
            30.4162781
          ],
          [
            78.9160534,
            30.4155826
          ],
          [
            78.9158294,
            30.414357
          ],
          [
            78.9166552,
            30.4139596
          ],
          [
            78.9168216,
            30.4136339
          ],
          [
            78.9164439,
            30.4130266
          ],
          [
            78.9152853,
            30.4128223
          ],
          [
            78.914133,
            30.4125518
          ],
          [
            78.9139474,
            30.4124249
          ],
          [
            78.9141587,
            30.4118286
          ],
          [
            78.9146964,
            30.4111883
          ],
          [
            78.9154453,
            30.4107521
          ],
          [
            78.9163415,
            30.4098743
          ],
          [
            78.9165015,
            30.4086487
          ],
          [
            78.9168088,
            30.4082678
          ],
          [
            78.9173401,
            30.4078648
          ],
          [
            78.9172377,
            30.407517
          ],
          [
            78.9153109,
            30.4077047
          ],
          [
            78.9144275,
            30.4074121
          ],
          [
            78.9142611,
            30.4066171
          ],
          [
            78.9143315,
            30.405938
          ],
          [
            78.9155285,
            30.4049884
          ],
          [
            78.915663,
            30.4043811
          ],
          [
            78.9156381,
            30.4036291
          ],
          [
            78.915692,
            30.4026399
          ],
          [
            78.9163936,
            30.4020232
          ],
          [
            78.9171357,
            30.4022559
          ],
          [
            78.918242,
            30.4028261
          ],
          [
            78.9197666,
            30.4028727
          ],
          [
            78.9206031,
            30.4024305
          ],
          [
            78.9217095,
            30.4006035
          ],
          [
            78.921723,
            30.3995561
          ],
          [
            78.9222897,
            30.3987183
          ],
          [
            78.9230587,
            30.3981946
          ],
          [
            78.9239897,
            30.3973334
          ],
          [
            78.9242865,
            30.396158
          ],
          [
            78.9246103,
            30.3957274
          ],
          [
            78.9248262,
            30.3948895
          ],
          [
            78.9259055,
            30.3937723
          ],
          [
            78.9265397,
            30.392946
          ],
          [
            78.9261619,
            30.3920964
          ],
          [
            78.9257571,
            30.3915262
          ],
          [
            78.9253658,
            30.3910723
          ],
          [
            78.9259055,
            30.3903391
          ],
          [
            78.9266071,
            30.3901645
          ],
          [
            78.9271603,
            30.3896641
          ],
          [
            78.9272682,
            30.3881511
          ],
          [
            78.9267286,
            30.3871269
          ],
          [
            78.9261079,
            30.3864984
          ],
          [
            78.9260539,
            30.3858233
          ],
          [
            78.9266206,
            30.385125
          ],
          [
            78.9269039,
            30.3831929
          ],
          [
            78.9274032,
            30.382739
          ],
          [
            78.9276936,
            30.3827119
          ],
          [
            78.9279024,
            30.3826924
          ],
          [
            78.9286849,
            30.3831929
          ],
          [
            78.9296968,
            30.3832628
          ],
          [
            78.9300071,
            30.3828554
          ],
          [
            78.9300206,
            30.3823549
          ],
          [
            78.9304928,
            30.38161
          ],
          [
            78.9298587,
            30.3811561
          ],
          [
            78.928523,
            30.3815052
          ],
          [
            78.9279024,
            30.381866
          ],
          [
            78.9271873,
            30.3816333
          ],
          [
            78.9268095,
            30.3808883
          ],
          [
            78.926877,
            30.3791308
          ],
          [
            78.9266153,
            30.3782439
          ],
          [
            78.927203,
            30.3776018
          ],
          [
            78.9283586,
            30.3762161
          ],
          [
            78.9287308,
            30.3758443
          ],
          [
            78.9283782,
            30.3748304
          ],
          [
            78.9281628,
            30.3739685
          ],
          [
            78.9272421,
            30.3727687
          ],
          [
            78.9269483,
            30.371704
          ],
          [
            78.9275555,
            30.3708759
          ],
          [
            78.9292793,
            30.3702168
          ],
          [
            78.9301999,
            30.3698281
          ],
          [
            78.9315093,
            30.3697189
          ],
          [
            78.9324749,
            30.367736
          ],
          [
            78.9330991,
            30.3670145
          ],
          [
            78.9333872,
            30.3664788
          ],
          [
            78.9336624,
            30.3663297
          ],
          [
            78.9339761,
            30.3657332
          ],
          [
            78.9349287,
            30.3646639
          ],
          [
            78.9361303,
            30.3638678
          ],
          [
            78.9371174,
            30.363479
          ],
          [
            78.9378469,
            30.3629791
          ],
          [
            78.938928,
            30.3629215
          ],
          [
            78.9396226,
            30.362789
          ],
          [
            78.9407439,
            30.3624713
          ],
          [
            78.9422167,
            30.3619803
          ],
          [
            78.9435723,
            30.3618503
          ],
          [
            78.9455136,
            30.3614027
          ],
          [
            78.9468525,
            30.3607095
          ],
          [
            78.9479236,
            30.3605507
          ],
          [
            78.9485428,
            30.3613882
          ],
          [
            78.9491453,
            30.3620525
          ],
          [
            78.9501996,
            30.3632511
          ],
          [
            78.9514381,
            30.3633377
          ],
          [
            78.9526263,
            30.363381
          ],
          [
            78.9533292,
            30.3630489
          ],
          [
            78.9529108,
            30.3621536
          ],
          [
            78.9530112,
            30.361807
          ],
          [
            78.9533949,
            30.3616324
          ],
          [
            78.9540333,
            30.3617953
          ],
          [
            78.9546536,
            30.3616789
          ],
          [
            78.9554179,
            30.36126
          ],
          [
            78.9559483,
            30.3605618
          ],
          [
            78.9558404,
            30.3595765
          ],
          [
            78.9555977,
            30.3590878
          ],
          [
            78.9560652,
            30.3583973
          ],
          [
            78.9566047,
            30.3580327
          ],
          [
            78.957288,
            30.3581025
          ],
          [
            78.9578814,
            30.3586688
          ],
          [
            78.958277,
            30.3592042
          ],
          [
            78.9588524,
            30.359305
          ],
          [
            78.9597335,
            30.3599567
          ],
          [
            78.9605157,
            30.3599334
          ],
          [
            78.961262,
            30.359049
          ],
          [
            78.9615047,
            30.3577224
          ],
          [
            78.961217,
            30.35645
          ],
          [
            78.961253,
            30.3556819
          ],
          [
            78.9615946,
            30.3552707
          ],
          [
            78.9624308,
            30.3553871
          ],
          [
            78.9630961,
            30.3555345
          ],
          [
            78.9635816,
            30.3554414
          ],
          [
            78.9639143,
            30.3550147
          ],
          [
            78.9634738,
            30.354363
          ],
          [
            78.9636536,
            30.353913
          ],
          [
            78.9638334,
            30.3533001
          ],
          [
            78.9644178,
            30.3531217
          ],
          [
            78.9651191,
            30.352082
          ],
          [
            78.965191,
            30.3511975
          ],
          [
            78.9656945,
            30.3507708
          ],
          [
            78.96618,
            30.3507553
          ],
          [
            78.9668364,
            30.3514303
          ],
          [
            78.9681041,
            30.3517251
          ],
          [
            78.9693269,
            30.3517561
          ],
          [
            78.9700012,
            30.351663
          ],
          [
            78.9711161,
            30.3515544
          ],
          [
            78.9724197,
            30.3517639
          ],
          [
            78.9734537,
            30.3520044
          ],
          [
            78.9743888,
            30.352532
          ],
          [
            78.9747933,
            30.352726
          ],
          [
            78.9751669,
            30.3527075
          ]
        ]
      }
    },
    {
      "type": "Feature",
      "properties": {
        "source": "OSM"
      },
      "geometry": {
        "type": "LineString",
        "coordinates": [
          [
            78.9644908,
            30.5785191
          ],
          [
            78.9639329,
            30.5777432
          ],
          [
            78.9636325,
            30.5758219
          ],
          [
            78.9644908,
            30.5738267
          ],
          [
            78.9632034,
            30.5725704
          ],
          [
            78.9619159,
            30.5690232
          ],
          [
            78.9626026,
            30.5674713
          ],
          [
            78.9626455,
            30.5664366
          ],
          [
            78.9614868,
            30.5658085
          ],
          [
            78.9613151,
            30.5648846
          ],
          [
            78.9632892,
            30.5644782
          ],
          [
            78.9642334,
            30.5636652
          ],
          [
            78.9639329,
            30.5620023
          ],
          [
            78.9643621,
            30.5602285
          ],
          [
            78.9665937,
            30.5585286
          ],
          [
            78.9671087,
            30.55657
          ],
          [
            78.9668083,
            30.5546852
          ],
          [
            78.9677524,
            30.5539831
          ],
          [
            78.9690399,
            30.5542418
          ],
          [
            78.9697265,
            30.5533918
          ],
          [
            78.9695978,
            30.5522831
          ],
          [
            78.9695978,
            30.549696
          ],
          [
            78.9701557,
            30.5484764
          ],
          [
            78.9696407,
            30.5474785
          ],
          [
            78.9693403,
            30.5457784
          ],
          [
            78.9679241,
            30.5438195
          ],
          [
            78.9666366,
            30.5410844
          ],
          [
            78.9665876,
            30.5407345
          ],
          [
            78.9663362,
            30.5389406
          ],
          [
            78.966465,
            30.537499
          ],
          [
            78.9689111,
            30.5360575
          ],
          [
            78.9697265,
            30.5340245
          ],
          [
            78.9714002,
            30.5312891
          ],
          [
            78.9738035,
            30.5291451
          ],
          [
            78.9756059,
            30.5244872
          ],
          [
            78.9743614,
            30.5206425
          ],
          [
            78.9754343,
            30.5182395
          ],
          [
            78.976078,
            30.515097
          ],
          [
            78.9749193,
            30.5130635
          ],
          [
            78.9734172,
            30.509699
          ],
          [
            78.9723873,
            30.5081831
          ],
          [
            78.9731168,
            30.5048923
          ],
          [
            78.9741039,
            30.5013426
          ],
          [
            78.9765071,
            30.4993829
          ],
          [
            78.9789962,
            30.4968314
          ],
          [
            78.9798975,
            30.4938916
          ],
          [
            78.9813137,
            30.4925788
          ],
          [
            78.983953,
            30.4918577
          ],
          [
            78.9850473,
            30.4900826
          ],
          [
            78.9856052,
            30.4873275
          ],
          [
            78.9860627,
            30.4865048
          ],
          [
            78.9865922,
            30.4855524
          ],
          [
            78.9889097,
            30.4857742
          ],
          [
            78.9901113,
            30.4854044
          ],
          [
            78.9912271,
            30.4856263
          ],
          [
            78.9935445,
            30.4848127
          ],
          [
            78.9947748,
            30.4851052
          ],
          [
            78.9960336,
            30.4854044
          ],
          [
            78.9974498,
            30.4849606
          ],
          [
            78.9991665,
            30.485127
          ],
          [
            79.0014624,
            30.4846647
          ],
          [
            79.0059686,
            30.4832779
          ],
          [
            79.0086079,
            30.482529
          ],
          [
            79.0107725,
            30.4816735
          ],
          [
            79.0109445,
            30.4816055
          ],
          [
            79.0114722,
            30.4814321
          ],
          [
            79.0116377,
            30.481247
          ],
          [
            79.0116556,
            30.4809849
          ],
          [
            79.0119106,
            30.4806727
          ],
          [
            79.0122326,
            30.4805224
          ],
          [
            79.012501,
            30.4804145
          ],
          [
            79.012766,
            30.4801209
          ]
        ]
      }
    },
    {
      "type": "Feature",
      "properties": {
        "source": "OSM"
      },
      "geometry": {
        "type": "LineString",
        "coordinates": [
          [
            79.2771183,
            30.6279335
          ],
          [
            79.2739248,
            30.6289406
          ],
          [
            79.2733704,
            30.6291154
          ],
          [
            79.2689582,
            30.6291981
          ],
          [
            79.263314,
            30.6251755
          ],
          [
            79.262476,
            30.6245782
          ],
          [
            79.2621384,
            30.6219941
          ],
          [
            79.2572759,
            30.6158172
          ],
          [
            79.2525197,
            30.6142873
          ],
          [
            79.2457504,
            30.6121098
          ],
          [
            79.2451978,
            30.6121653
          ],
          [
            79.2333555,
            30.6133541
          ],
          [
            79.2332278,
            30.6134017
          ],
          [
            79.2326367,
            30.6136218
          ],
          [
            79.2320895,
            30.6133356
          ],
          [
            79.2316925,
            30.6134372
          ],
          [
            79.2308557,
            30.614259
          ],
          [
            79.2298794,
            30.6151269
          ],
          [
            79.2294931,
            30.6159764
          ],
          [
            79.2296219,
            30.6167242
          ],
          [
            79.2298257,
            30.6170105
          ],
          [
            79.2296648,
            30.6179061
          ],
          [
            79.2292356,
            30.6180353
          ],
          [
            79.2286134,
            30.6178137
          ],
          [
            79.2279374,
            30.6177399
          ],
          [
            79.2275941,
            30.617426
          ],
          [
            79.227047,
            30.6175829
          ],
          [
            79.2264676,
            30.6175091
          ]
        ]
      }
    },
    {
      "type": "Feature",
      "properties": {
        "source": "OSM"
      },
      "geometry": {
        "type": "LineString",
        "coordinates": [
          [
            79.0004714,
            30.6348282
          ],
          [
            78.9999129,
            30.6339911
          ],
          [
            79.0002877,
            30.6333178
          ],
          [
            79.0002811,
            30.63295
          ],
          [
            78.9999326,
            30.6324125
          ],
          [
            78.9995315,
            30.631428
          ],
          [
            78.9989185,
            30.6306829
          ],
          [
            78.9989906,
            30.6300376
          ],
          [
            78.9999129,
            30.6295324
          ],
          [
            79.0009011,
            30.6295128
          ],
          [
            79.0014977,
            30.6291137
          ],
          [
            79.001768,
            30.6287346
          ],
          [
            79.001787,
            30.6281801
          ],
          [
            79.0010326,
            30.6272167
          ],
          [
            79.0007809,
            30.6267146
          ],
          [
            79.000919,
            30.6262166
          ],
          [
            79.0014109,
            30.6259042
          ],
          [
            79.0023393,
            30.6255489
          ],
          [
            79.0037645,
            30.6254554
          ],
          [
            79.0049676,
            30.6258176
          ],
          [
            79.0051257,
            30.6265928
          ],
          [
            79.0050354,
            30.6268787
          ],
          [
            79.0049236,
            30.6271446
          ],
          [
            79.0049021,
            30.6280527
          ],
          [
            79.0051669,
            30.6282933
          ],
          [
            79.0054957,
            30.628352
          ],
          [
            79.0061138,
            30.6283216
          ],
          [
            79.0066907,
            30.628064
          ],
          [
            79.0074255,
            30.6271658
          ],
          [
            79.0081011,
            30.6268405
          ],
          [
            79.0087687,
            30.6264004
          ],
          [
            79.0101363,
            30.6261219
          ],
          [
            79.0106456,
            30.6258872
          ],
          [
            79.0105573,
            30.6255403
          ],
          [
            79.0100838,
            30.6249292
          ],
          [
            79.0101306,
            30.6242623
          ],
          [
            79.0113201,
            30.6236503
          ],
          [
            79.0115586,
            30.6231151
          ],
          [
            79.0115831,
            30.6218509
          ],
          [
            79.0120189,
            30.6211602
          ],
          [
            79.0142117,
            30.6197543
          ],
          [
            79.0152804,
            30.6185011
          ],
          [
            79.0165888,
            30.6174388
          ],
          [
            79.0192659,
            30.6160487
          ],
          [
            79.0195202,
            30.6155187
          ],
          [
            79.020104,
            30.6143016
          ],
          [
            79.0209453,
            30.6137737
          ],
          [
            79.0209999,
            30.6120988
          ],
          [
            79.021781,
            30.6108342
          ],
          [
            79.0225622,
            30.6104501
          ],
          [
            79.0244934,
            30.6075466
          ],
          [
            79.0257581,
            30.6046972
          ],
          [
            79.0269534,
            30.6029884
          ],
          [
            79.0276924,
            30.6016876
          ],
          [
            79.0293478,
            30.6009992
          ],
          [
            79.0298802,
            30.6006491
          ],
          [
            79.0294593,
            30.5995264
          ],
          [
            79.0297,
            30.5988513
          ],
          [
            79.0303521,
            30.5978935
          ],
          [
            79.0303665,
            30.5971213
          ],
          [
            79.0298871,
            30.5962125
          ],
          [
            79.0301549,
            30.5954121
          ],
          [
            79.0325096,
            30.5947396
          ],
          [
            79.033189,
            30.5942017
          ],
          [
            79.0331791,
            30.5936509
          ],
          [
            79.0325332,
            30.5928028
          ],
          [
            79.0324466,
            30.5917587
          ],
          [
            79.0325352,
            30.5915359
          ],
          [
            79.0326045,
            30.5913615
          ],
          [
            79.0331503,
            30.5909484
          ],
          [
            79.0338833,
            30.5909838
          ],
          [
            79.0343703,
            30.5911014
          ],
          [
            79.0346458,
            30.5911679
          ],
          [
            79.0357081,
            30.5912415
          ],
          [
            79.0361695,
            30.5909644
          ],
          [
            79.0361541,
            30.5905216
          ],
          [
            79.0355855,
            30.5897042
          ],
          [
            79.0356814,
            30.5892742
          ],
          [
            79.0381114,
            30.5882121
          ],
          [
            79.0396564,
            30.587621
          ],
          [
            79.040858,
            30.5851088
          ],
          [
            79.0441196,
            30.5842222
          ],
          [
            79.0446598,
            30.583409
          ],
          [
            79.0439233,
            30.5821862
          ],
          [
            79.0442912,
            30.5817099
          ],
          [
            79.0452384,
            30.5814502
          ],
          [
            79.0487544,
            30.5817099
          ],
          [
            79.0499702,
            30.581891
          ],
          [
            79.0512914,
            30.5813916
          ],
          [
            79.0516069,
            30.5805941
          ],
          [
            79.0518313,
            30.5802337
          ],
          [
            79.0527508,
            30.5801217
          ],
          [
            79.0544192,
            30.5805276
          ],
          [
            79.0558847,
            30.5808823
          ],
          [
            79.0567403,
            30.5817469
          ],
          [
            79.0575091,
            30.5821532
          ],
          [
            79.0592258,
            30.5820054
          ],
          [
            79.0600137,
            30.5812586
          ],
          [
            79.0599858,
            30.5802338
          ],
          [
            79.0600841,
            30.5799364
          ],
          [
            79.0608878,
            30.5794012
          ],
          [
            79.0629151,
            30.579233
          ],
          [
            79.0638106,
            30.5787485
          ],
          [
            79.0638938,
            30.578335
          ],
          [
            79.0628736,
            30.5778027
          ],
          [
            79.0625846,
            30.5775215
          ],
          [
            79.0624452,
            30.5769396
          ],
          [
            79.0629509,
            30.5765424
          ],
          [
            79.0649424,
            30.5762227
          ],
          [
            79.0662317,
            30.5750686
          ],
          [
            79.066278,
            30.5747347
          ],
          [
            79.0659997,
            30.5744717
          ],
          [
            79.0649424,
            30.5731001
          ],
          [
            79.0647304,
            30.5725612
          ],
          [
            79.06505,
            30.5720541
          ],
          [
            79.0657887,
            30.571811
          ],
          [
            79.066562,
            30.571272
          ],
          [
            79.0672115,
            30.5705699
          ],
          [
            79.0671337,
            30.5697437
          ],
          [
            79.0673904,
            30.5692675
          ],
          [
            79.0679276,
            30.5691063
          ],
          [
            79.0685606,
            30.5697622
          ],
          [
            79.069612,
            30.5695405
          ],
          [
            79.0703515,
            30.5689626
          ],
          [
            79.0703837,
            30.5685562
          ],
          [
            79.0672938,
            30.5651566
          ],
          [
            79.0670693,
            30.5643396
          ],
          [
            79.0679812,
            30.5635174
          ],
          [
            79.0693967,
            30.5632813
          ],
          [
            79.0697837,
            30.5627136
          ],
          [
            79.0695155,
            30.5621778
          ],
          [
            79.0687966,
            30.5615773
          ],
          [
            79.0687108,
            30.5611246
          ],
          [
            79.0693538,
            30.5604266
          ],
          [
            79.0694404,
            30.5597666
          ],
          [
            79.0688074,
            30.5592215
          ],
          [
            79.0675735,
            30.5587318
          ],
          [
            79.0675514,
            30.5582832
          ],
          [
            79.0700404,
            30.5570268
          ],
          [
            79.0719294,
            30.5565145
          ],
          [
            79.0741603,
            30.5567311
          ],
          [
            79.0761452,
            30.5575534
          ]
        ]
      }
    }
  ]
}